event_id,is_anomaly
EVT_0000001,0
EVT_0000002,0
EVT_0000003,0
EVT_0000004,0
EVT_0000005,0
EVT_0000006,0
EVT_0000007,0
EVT_0000008,0
EVT_0000009,0
EVT_0000010,0
EVT_0000011,0
EVT_0000012,0
EVT_0000013,0
EVT_0000014,0
EVT_0000015,0
EVT_0000016,0
EVT_0000017,0
EVT_0000018,0
EVT_0000019,0
EVT_0000020,0
EVT_0000021,0
EVT_0000022,0
EVT_0000023,0
EVT_0000024,0
EVT_0000025,0
EVT_0000026,0
EVT_0000027,0
EVT_0000028,0
EVT_0000029,0
EVT_0000030,0
EVT_0000031,0
EVT_0000032,0
EVT_0000033,0
EVT_0000034,0
EVT_0000035,0
EVT_0000036,0
EVT_0000037,0
EVT_0000038,0
EVT_0000039,0
EVT_0000040,0
EVT_0000041,0
EVT_0000042,0
EVT_0000043,0
EVT_0000044,0
EVT_0000045,0
EVT_0000046,0
EVT_0000047,0
EVT_0000048,0
EVT_0000049,0
EVT_0000050,0
EVT_0000051,0
EVT_0000052,0
EVT_0000053,0
EVT_0000054,0
EVT_0000055,0
EVT_0000056,0
EVT_0000057,0
EVT_0000058,0
EVT_0000059,0
EVT_0000060,0
EVT_0000061,0
EVT_0000062,0
EVT_0000063,0
EVT_0000064,0
EVT_0000065,0
EVT_0000066,0
EVT_0000067,0
EVT_0000068,0
EVT_0000069,0
EVT_0000070,0
EVT_0000071,0
EVT_0000072,0
EVT_0000073,0
EVT_0000074,0
EVT_0000075,0
EVT_0000076,0
EVT_0000077,0
EVT_0000078,0
EVT_0000079,0
EVT_0000080,0
EVT_0000081,0
EVT_0000082,0
EVT_0000083,0
EVT_0000084,0
EVT_0000085,0
EVT_0000086,0
EVT_0000087,0
EVT_0000088,0
EVT_0000089,0
EVT_0000090,0
EVT_0000091,0
EVT_0000092,0
EVT_0000093,0
EVT_0000094,0
EVT_0000095,0
EVT_0000096,0
EVT_0000097,0
EVT_0000098,0
EVT_0000099,0
EVT_0000100,0
EVT_0000101,0
EVT_0000102,0
EVT_0000103,0
EVT_0000104,0
EVT_0000105,0
EVT_0000106,0
EVT_0000107,0
EVT_0000108,0
EVT_0000109,0
EVT_0000110,0
EVT_0000111,0
EVT_0000112,0
EVT_0000113,0
EVT_0000114,0
EVT_0000115,0
EVT_0000116,0
EVT_0000117,0
EVT_0000118,0
EVT_0000119,0
EVT_0000120,0
EVT_0000121,0
EVT_0000122,0
EVT_0000123,0
EVT_0000124,0
EVT_0000125,0
EVT_0000126,0
EVT_0000127,0
EVT_0000128,0
EVT_0000129,0
EVT_0000130,0
EVT_0000131,0
EVT_0000132,0
EVT_0000133,0
EVT_0000134,0
EVT_0000135,0
EVT_0000136,0
EVT_0000137,0
EVT_0000138,0
EVT_0000139,0
EVT_0000140,0
EVT_0000141,0
EVT_0000142,0
EVT_0000143,0
EVT_0000144,0
EVT_0000145,0
EVT_0000146,0
EVT_0000147,0
EVT_0000148,0
EVT_0000149,0
EVT_0000150,0
EVT_0000151,0
EVT_0000152,0
EVT_0000153,0
EVT_0000154,0
EVT_0000155,0
EVT_0000156,0
EVT_0000157,0
EVT_0000158,0
EVT_0000159,0
EVT_0000160,0
EVT_0000161,0
EVT_0000162,0
EVT_0000163,0
EVT_0000164,0
EVT_0000165,0
EVT_0000166,0
EVT_0000167,0
EVT_0000168,0
EVT_0000169,0
EVT_0000170,0
EVT_0000171,0
EVT_0000172,0
EVT_0000173,0
EVT_0000174,0
EVT_0000175,0
EVT_0000176,0
EVT_0000177,0
EVT_0000178,0
EVT_0000179,0
EVT_0000180,0
EVT_0000181,0
EVT_0000182,0
EVT_0000183,0
EVT_0000184,0
EVT_0000185,0
EVT_0000186,0
EVT_0000187,0
EVT_0000188,0
EVT_0000189,0
EVT_0000190,0
EVT_0000191,0
EVT_0000192,0
EVT_0000193,0
EVT_0000194,0
EVT_0000195,0
EVT_0000196,0
EVT_0000197,0
EVT_0000198,0
EVT_0000199,0
EVT_0000200,0
EVT_0000201,0
EVT_0000202,0
EVT_0000203,0
EVT_0000204,0
EVT_0000205,0
EVT_0000206,0
EVT_0000207,0
EVT_0000208,0
EVT_0000209,0
EVT_0000210,0
EVT_0000211,0
EVT_0000212,0
EVT_0000213,0
EVT_0000214,0
EVT_0000215,0
EVT_0000216,0
EVT_0000217,0
EVT_0000218,0
EVT_0000219,0
EVT_0000220,0
EVT_0000221,0
EVT_0000222,0
EVT_0000223,0
EVT_0000224,0
EVT_0000225,0
EVT_0000226,0
EVT_0000227,0
EVT_0000228,0
EVT_0000229,0
EVT_0000230,0
EVT_0000231,0
EVT_0000232,0
EVT_0000233,0
EVT_0000234,0
EVT_0000235,0
EVT_0000236,0
EVT_0000237,0
EVT_0000238,0
EVT_0000239,0
EVT_0000240,0
EVT_0000241,0
EVT_0000242,0
EVT_0000243,0
EVT_0000244,0
EVT_0000245,0
EVT_0000246,0
EVT_0000247,0
EVT_0000248,0
EVT_0000249,0
EVT_0000250,0
EVT_0000251,0
EVT_0000252,0
EVT_0000253,0
EVT_0000254,0
EVT_0000255,0
EVT_0000256,0
EVT_0000257,0
EVT_0000258,0
EVT_0000259,0
EVT_0000260,0
EVT_0000261,0
EVT_0000262,0
EVT_0000263,0
EVT_0000264,0
EVT_0000265,0
EVT_0000266,0
EVT_0000267,0
EVT_0000268,0
EVT_0000269,0
EVT_0000270,0
EVT_0000271,0
EVT_0000272,0
EVT_0000273,0
EVT_0000274,0
EVT_0000275,0
EVT_0000276,0
EVT_0000277,0
EVT_0000278,0
EVT_0000279,0
EVT_0000280,0
EVT_0000281,0
EVT_0000282,0
EVT_0000283,0
EVT_0000284,0
EVT_0000285,0
EVT_0000286,0
EVT_0000287,0
EVT_0000288,0
EVT_0000289,0
EVT_0000290,0
EVT_0000291,0
EVT_0000292,0
EVT_0000293,0
EVT_0000294,0
EVT_0000295,0
EVT_0000296,0
EVT_0000297,0
EVT_0000298,0
EVT_0000299,0
EVT_0000300,0
EVT_0000301,0
EVT_0000302,0
EVT_0000303,0
EVT_0000304,0
EVT_0000305,0
EVT_0000306,0
EVT_0000307,0
EVT_0000308,0
EVT_0000309,0
EVT_0000310,0
EVT_0000311,0
EVT_0000312,0
EVT_0000313,0
EVT_0000314,0
EVT_0000315,0
EVT_0000316,0
EVT_0000317,0
EVT_0000318,0
EVT_0000319,0
EVT_0000320,0
EVT_0000321,0
EVT_0000322,0
EVT_0000323,0
EVT_0000324,0
EVT_0000325,0
EVT_0000326,0
EVT_0000327,0
EVT_0000328,0
EVT_0000329,0
EVT_0000330,0
EVT_0000331,0
EVT_0000332,0
EVT_0000333,0
EVT_0000334,0
EVT_0000335,0
EVT_0000336,0
EVT_0000337,0
EVT_0000338,0
EVT_0000339,0
EVT_0000340,0
EVT_0000341,0
EVT_0000342,0
EVT_0000343,0
EVT_0000344,0
EVT_0000345,0
EVT_0000346,0
EVT_0000347,0
EVT_0000348,0
EVT_0000349,0
EVT_0000350,0
EVT_0000351,0
EVT_0000352,0
EVT_0000353,0
EVT_0000354,0
EVT_0000355,0
EVT_0000356,0
EVT_0000357,0
EVT_0000358,0
EVT_0000359,0
EVT_0000360,0
EVT_0000361,0
EVT_0000362,0
EVT_0000363,0
EVT_0000364,0
EVT_0000365,0
EVT_0000366,0
EVT_0000367,0
EVT_0000368,0
EVT_0000369,0
EVT_0000370,0
EVT_0000371,0
EVT_0000372,0
EVT_0000373,0
EVT_0000374,0
EVT_0000375,0
EVT_0000376,0
EVT_0000377,0
EVT_0000378,0
EVT_0000379,0
EVT_0000380,0
EVT_0000381,0
EVT_0000382,0
EVT_0000383,0
EVT_0000384,0
EVT_0000385,0
EVT_0000386,0
EVT_0000387,0
EVT_0000388,0
EVT_0000389,0
EVT_0000390,0
EVT_0000391,0
EVT_0000392,0
EVT_0000393,0
EVT_0000394,0
EVT_0000395,0
EVT_0000396,0
EVT_0000397,0
EVT_0000398,0
EVT_0000399,0
EVT_0000400,0
EVT_0000401,0
EVT_0000402,0
EVT_0000403,0
EVT_0000404,0
EVT_0000405,0
EVT_0000406,0
EVT_0000407,0
EVT_0000408,0
EVT_0000409,0
EVT_0000410,0
EVT_0000411,0
EVT_0000412,0
EVT_0000413,0
EVT_0000414,0
EVT_0000415,0
EVT_0000416,0
EVT_0000417,0
EVT_0000418,0
EVT_0000419,0
EVT_0000420,0
EVT_0000421,0
EVT_0000422,0
EVT_0000423,0
EVT_0000424,0
EVT_0000425,0
EVT_0000426,0
EVT_0000427,0
EVT_0000428,0
EVT_0000429,0
EVT_0000430,0
EVT_0000431,0
EVT_0000432,0
EVT_0000433,0
EVT_0000434,0
EVT_0000435,0
EVT_0000436,0
EVT_0000437,0
EVT_0000438,0
EVT_0000439,0
EVT_0000440,0
EVT_0000441,0
EVT_0000442,0
EVT_0000443,0
EVT_0000444,0
EVT_0000445,0
EVT_0000446,0
EVT_0000447,0
EVT_0000448,0
EVT_0000449,0
EVT_0000450,0
EVT_0000451,0
EVT_0000452,0
EVT_0000453,0
EVT_0000454,0
EVT_0000455,0
EVT_0000456,0
EVT_0000457,0
EVT_0000458,0
EVT_0000459,0
EVT_0000460,0
EVT_0000461,0
EVT_0000462,0
EVT_0000463,0
EVT_0000464,0
EVT_0000465,0
EVT_0000466,0
EVT_0000467,0
EVT_0000468,0
EVT_0000469,0
EVT_0000470,0
EVT_0000471,0
EVT_0000472,0
EVT_0000473,0
EVT_0000474,0
EVT_0000475,0
EVT_0000476,0
EVT_0000477,0
EVT_0000478,0
EVT_0000479,0
EVT_0000480,0
EVT_0000481,0
EVT_0000482,0
EVT_0000483,0
EVT_0000484,0
EVT_0000485,0
EVT_0000486,0
EVT_0000487,0
EVT_0000488,0
EVT_0000489,0
EVT_0000490,0
EVT_0000491,0
EVT_0000492,0
EVT_0000493,0
EVT_0000494,0
EVT_0000495,0
EVT_0000496,0
EVT_0000497,0
EVT_0000498,0
EVT_0000499,0
EVT_0000500,0
EVT_0000501,0
EVT_0000502,0
EVT_0000503,0
EVT_0000504,0
EVT_0000505,0
EVT_0000506,0
EVT_0000507,0
EVT_0000508,0
EVT_0000509,0
EVT_0000510,0
EVT_0000511,0
EVT_0000512,0
EVT_0000513,0
EVT_0000514,0
EVT_0000515,0
EVT_0000516,0
EVT_0000517,0
EVT_0000518,0
EVT_0000519,0
EVT_0000520,0
EVT_0000521,0
EVT_0000522,0
EVT_0000523,0
EVT_0000524,0
EVT_0000525,0
EVT_0000526,0
EVT_0000527,0
EVT_0000528,0
EVT_0000529,0
EVT_0000530,0
EVT_0000531,0
EVT_0000532,0
EVT_0000533,0
EVT_0000534,0
EVT_0000535,0
EVT_0000536,0
EVT_0000537,0
EVT_0000538,0
EVT_0000539,0
EVT_0000540,0
EVT_0000541,0
EVT_0000542,0
EVT_0000543,0
EVT_0000544,0
EVT_0000545,0
EVT_0000546,0
EVT_0000547,0
EVT_0000548,0
EVT_0000549,0
EVT_0000550,0
EVT_0000551,0
EVT_0000552,0
EVT_0000553,0
EVT_0000554,0
EVT_0000555,0
EVT_0000556,0
EVT_0000557,0
EVT_0000558,0
EVT_0000559,0
EVT_0000560,0
EVT_0000561,0
EVT_0000562,0
EVT_0000563,0
EVT_0000564,0
EVT_0000565,0
EVT_0000566,0
EVT_0000567,0
EVT_0000568,0
EVT_0000569,0
EVT_0000570,0
EVT_0000571,0
EVT_0000572,0
EVT_0000573,0
EVT_0000574,0
EVT_0000575,0
EVT_0000576,0
EVT_0000577,0
EVT_0000578,0
EVT_0000579,0
EVT_0000580,0
EVT_0000581,0
EVT_0000582,0
EVT_0000583,0
EVT_0000584,0
EVT_0000585,0
EVT_0000586,0
EVT_0000587,0
EVT_0000588,0
EVT_0000589,0
EVT_0000590,0
EVT_0000591,0
EVT_0000592,0
EVT_0000593,0
EVT_0000594,0
EVT_0000595,0
EVT_0000596,0
EVT_0000597,0
EVT_0000598,0
EVT_0000599,0
EVT_0000600,0
EVT_0000601,0
EVT_0000602,0
EVT_0000603,0
EVT_0000604,0
EVT_0000605,0
EVT_0000606,0
EVT_0000607,0
EVT_0000608,0
EVT_0000609,0
EVT_0000610,0
EVT_0000611,0
EVT_0000612,0
EVT_0000613,0
EVT_0000614,0
EVT_0000615,0
EVT_0000616,0
EVT_0000617,0
EVT_0000618,0
EVT_0000619,0
EVT_0000620,0
EVT_0000621,0
EVT_0000622,0
EVT_0000623,0
EVT_0000624,0
EVT_0000625,0
EVT_0000626,0
EVT_0000627,0
EVT_0000628,0
EVT_0000629,0
EVT_0000630,0
EVT_0000631,0
EVT_0000632,0
EVT_0000633,0
EVT_0000634,0
EVT_0000635,0
EVT_0000636,0
EVT_0000637,0
EVT_0000638,0
EVT_0000639,0
EVT_0000640,0
EVT_0000641,0
EVT_0000642,0
EVT_0000643,0
EVT_0000644,0
EVT_0000645,0
EVT_0000646,0
EVT_0000647,0
EVT_0000648,0
EVT_0000649,0
EVT_0000650,0
EVT_0000651,0
EVT_0000652,0
EVT_0000653,0
EVT_0000654,0
EVT_0000655,0
EVT_0000656,0
EVT_0000657,0
EVT_0000658,0
EVT_0000659,0
EVT_0000660,0
EVT_0000661,0
EVT_0000662,0
EVT_0000663,0
EVT_0000664,0
EVT_0000665,0
EVT_0000666,0
EVT_0000667,0
EVT_0000668,0
EVT_0000669,0
EVT_0000670,0
EVT_0000671,0
EVT_0000672,0
EVT_0000673,0
EVT_0000674,0
EVT_0000675,0
EVT_0000676,0
EVT_0000677,0
EVT_0000678,0
EVT_0000679,0
EVT_0000680,0
EVT_0000681,0
EVT_0000682,0
EVT_0000683,0
EVT_0000684,0
EVT_0000685,0
EVT_0000686,0
EVT_0000687,0
EVT_0000688,0
EVT_0000689,0
EVT_0000690,0
EVT_0000691,0
EVT_0000692,0
EVT_0000693,0
EVT_0000694,0
EVT_0000695,0
EVT_0000696,0
EVT_0000697,0
EVT_0000698,0
EVT_0000699,0
EVT_0000700,0
EVT_0000701,0
EVT_0000702,0
EVT_0000703,0
EVT_0000704,0
EVT_0000705,0
EVT_0000706,0
EVT_0000707,0
EVT_0000708,0
EVT_0000709,0
EVT_0000710,0
EVT_0000711,0
EVT_0000712,0
EVT_0000713,0
EVT_0000714,0
EVT_0000715,0
EVT_0000716,0
EVT_0000717,0
EVT_0000718,0
EVT_0000719,0
EVT_0000720,0
EVT_0000721,0
EVT_0000722,0
EVT_0000723,0
EVT_0000724,0
EVT_0000725,0
EVT_0000726,0
EVT_0000727,0
EVT_0000728,0
EVT_0000729,0
EVT_0000730,0
EVT_0000731,0
EVT_0000732,0
EVT_0000733,0
EVT_0000734,0
EVT_0000735,0
EVT_0000736,0
EVT_0000737,0
EVT_0000738,0
EVT_0000739,0
EVT_0000740,0
EVT_0000741,0
EVT_0000742,0
EVT_0000743,0
EVT_0000744,0
EVT_0000745,0
EVT_0000746,0
EVT_0000747,0
EVT_0000748,0
EVT_0000749,0
EVT_0000750,0
EVT_0000751,0
EVT_0000752,0
EVT_0000753,0
EVT_0000754,0
EVT_0000755,0
EVT_0000756,0
EVT_0000757,0
EVT_0000758,0
EVT_0000759,0
EVT_0000760,0
EVT_0000761,0
EVT_0000762,0
EVT_0000763,0
EVT_0000764,0
EVT_0000765,0
EVT_0000766,0
EVT_0000767,0
EVT_0000768,0
EVT_0000769,0
EVT_0000770,0
EVT_0000771,0
EVT_0000772,0
EVT_0000773,0
EVT_0000774,0
EVT_0000775,0
EVT_0000776,0
EVT_0000777,0
EVT_0000778,0
EVT_0000779,0
EVT_0000780,0
EVT_0000781,0
EVT_0000782,0
EVT_0000783,0
EVT_0000784,0
EVT_0000785,0
EVT_0000786,0
EVT_0000787,0
EVT_0000788,0
EVT_0000789,0
EVT_0000790,0
EVT_0000791,0
EVT_0000792,0
EVT_0000793,0
EVT_0000794,0
EVT_0000795,0
EVT_0000796,0
EVT_0000797,0
EVT_0000798,0
EVT_0000799,0
EVT_0000800,0
EVT_0000801,0
EVT_0000802,0
EVT_0000803,0
EVT_0000804,0
EVT_0000805,0
EVT_0000806,0
EVT_0000807,0
EVT_0000808,0
EVT_0000809,0
EVT_0000810,0
EVT_0000811,0
EVT_0000812,0
EVT_0000813,0
EVT_0000814,0
EVT_0000815,0
EVT_0000816,0
EVT_0000817,0
EVT_0000818,0
EVT_0000819,0
EVT_0000820,0
EVT_0000821,0
EVT_0000822,0
EVT_0000823,0
EVT_0000824,0
EVT_0000825,0
EVT_0000826,0
EVT_0000827,0
EVT_0000828,0
EVT_0000829,0
EVT_0000830,0
EVT_0000831,0
EVT_0000832,0
EVT_0000833,0
EVT_0000834,0
EVT_0000835,0
EVT_0000836,0
EVT_0000837,0
EVT_0000838,0
EVT_0000839,0
EVT_0000840,0
EVT_0000841,0
EVT_0000842,0
EVT_0000843,0
EVT_0000844,0
EVT_0000845,0
EVT_0000846,0
EVT_0000847,0
EVT_0000848,0
EVT_0000849,0
EVT_0000850,0
EVT_0000851,0
EVT_0000852,0
EVT_0000853,0
EVT_0000854,0
EVT_0000855,0
EVT_0000856,0
EVT_0000857,0
EVT_0000858,0
EVT_0000859,0
EVT_0000860,0
EVT_0000861,0
EVT_0000862,0
EVT_0000863,0
EVT_0000864,0
EVT_0000865,0
EVT_0000866,0
EVT_0000867,0
EVT_0000868,0
EVT_0000869,0
EVT_0000870,0
EVT_0000871,0
EVT_0000872,0
EVT_0000873,0
EVT_0000874,0
EVT_0000875,0
EVT_0000876,0
EVT_0000877,0
EVT_0000878,0
EVT_0000879,0
EVT_0000880,0
EVT_0000881,0
EVT_0000882,0
EVT_0000883,0
EVT_0000884,0
EVT_0000885,0
EVT_0000886,0
EVT_0000887,0
EVT_0000888,0
EVT_0000889,0
EVT_0000890,0
EVT_0000891,0
EVT_0000892,0
EVT_0000893,0
EVT_0000894,0
EVT_0000895,0
EVT_0000896,0
EVT_0000897,0
EVT_0000898,0
EVT_0000899,0
EVT_0000900,0
EVT_0000901,0
EVT_0000902,0
EVT_0000903,0
EVT_0000904,0
EVT_0000905,0
EVT_0000906,0
EVT_0000907,0
EVT_0000908,0
EVT_0000909,0
EVT_0000910,0
EVT_0000911,0
EVT_0000912,0
EVT_0000913,0
EVT_0000914,0
EVT_0000915,0
EVT_0000916,0
EVT_0000917,0
EVT_0000918,0
EVT_0000919,0
EVT_0000920,0
EVT_0000921,0
EVT_0000922,0
EVT_0000923,0
EVT_0000924,0
EVT_0000925,0
EVT_0000926,0
EVT_0000927,0
EVT_0000928,0
EVT_0000929,0
EVT_0000930,0
EVT_0000931,0
EVT_0000932,0
EVT_0000933,0
EVT_0000934,0
EVT_0000935,0
EVT_0000936,0
EVT_0000937,0
EVT_0000938,0
EVT_0000939,0
EVT_0000940,0
EVT_0000941,0
EVT_0000942,0
EVT_0000943,0
EVT_0000944,0
EVT_0000945,0
EVT_0000946,0
EVT_0000947,0
EVT_0000948,0
EVT_0000949,0
EVT_0000950,0
EVT_0000951,0
EVT_0000952,0
EVT_0000953,0
EVT_0000954,0
EVT_0000955,0
EVT_0000956,0
EVT_0000957,0
EVT_0000958,0
EVT_0000959,0
EVT_0000960,0
EVT_0000961,0
EVT_0000962,0
EVT_0000963,0
EVT_0000964,0
EVT_0000965,0
EVT_0000966,0
EVT_0000967,0
EVT_0000968,0
EVT_0000969,0
EVT_0000970,0
EVT_0000971,0
EVT_0000972,0
EVT_0000973,0
EVT_0000974,0
EVT_0000975,0
EVT_0000976,0
EVT_0000977,0
EVT_0000978,0
EVT_0000979,0
EVT_0000980,0
EVT_0000981,0
EVT_0000982,0
EVT_0000983,0
EVT_0000984,0
EVT_0000985,0
EVT_0000986,0
EVT_0000987,0
EVT_0000988,0
EVT_0000989,0
EVT_0000990,0
EVT_0000991,0
EVT_0000992,0
EVT_0000993,0
EVT_0000994,0
EVT_0000995,0
EVT_0000996,0
EVT_0000997,0
EVT_0000998,0
EVT_0000999,0
EVT_0001000,0
EVT_0001001,0
EVT_0001002,0
EVT_0001003,0
EVT_0001004,0
EVT_0001005,0
EVT_0001006,0
EVT_0001007,0
EVT_0001008,0
EVT_0001009,0
EVT_0001010,0
EVT_0001011,0
EVT_0001012,0
EVT_0001013,0
EVT_0001014,0
EVT_0001015,0
EVT_0001016,0
EVT_0001017,0
EVT_0001018,0
EVT_0001019,0
EVT_0001020,0
EVT_0001021,0
EVT_0001022,0
EVT_0001023,0
EVT_0001024,0
EVT_0001025,0
EVT_0001026,0
EVT_0001027,0
EVT_0001028,0
EVT_0001029,0
EVT_0001030,0
EVT_0001031,0
EVT_0001032,0
EVT_0001033,0
EVT_0001034,0
EVT_0001035,0
EVT_0001036,0
EVT_0001037,0
EVT_0001038,0
EVT_0001039,0
EVT_0001040,0
EVT_0001041,0
EVT_0001042,0
EVT_0001043,0
EVT_0001044,0
EVT_0001045,0
EVT_0001046,0
EVT_0001047,0
EVT_0001048,0
EVT_0001049,0
EVT_0001050,0
EVT_0001051,0
EVT_0001052,0
EVT_0001053,0
EVT_0001054,0
EVT_0001055,0
EVT_0001056,0
EVT_0001057,0
EVT_0001058,0
EVT_0001059,0
EVT_0001060,0
EVT_0001061,0
EVT_0001062,0
EVT_0001063,0
EVT_0001064,0
EVT_0001065,0
EVT_0001066,0
EVT_0001067,0
EVT_0001068,0
EVT_0001069,0
EVT_0001070,0
EVT_0001071,0
EVT_0001072,0
EVT_0001073,0
EVT_0001074,0
EVT_0001075,0
EVT_0001076,0
EVT_0001077,0
EVT_0001078,0
EVT_0001079,0
EVT_0001080,0
EVT_0001081,0
EVT_0001082,0
EVT_0001083,0
EVT_0001084,0
EVT_0001085,0
EVT_0001086,0
EVT_0001087,0
EVT_0001088,0
EVT_0001089,0
EVT_0001090,0
EVT_0001091,0
EVT_0001092,0
EVT_0001093,0
EVT_0001094,0
EVT_0001095,0
EVT_0001096,0
EVT_0001097,0
EVT_0001098,0
EVT_0001099,0
EVT_0001100,0
EVT_0001101,0
EVT_0001102,0
EVT_0001103,0
EVT_0001104,0
EVT_0001105,0
EVT_0001106,0
EVT_0001107,0
EVT_0001108,0
EVT_0001109,0
EVT_0001110,0
EVT_0001111,0
EVT_0001112,0
EVT_0001113,0
EVT_0001114,0
EVT_0001115,0
EVT_0001116,0
EVT_0001117,0
EVT_0001118,0
EVT_0001119,0
EVT_0001120,0
EVT_0001121,0
EVT_0001122,0
EVT_0001123,0
EVT_0001124,0
EVT_0001125,0
EVT_0001126,0
EVT_0001127,0
EVT_0001128,0
EVT_0001129,0
EVT_0001130,0
EVT_0001131,0
EVT_0001132,0
EVT_0001133,0
EVT_0001134,0
EVT_0001135,0
EVT_0001136,0
EVT_0001137,0
EVT_0001138,0
EVT_0001139,0
EVT_0001140,0
EVT_0001141,0
EVT_0001142,0
EVT_0001143,0
EVT_0001144,0
EVT_0001145,0
EVT_0001146,0
EVT_0001147,0
EVT_0001148,0
EVT_0001149,0
EVT_0001150,0
EVT_0001151,0
EVT_0001152,0
EVT_0001153,0
EVT_0001154,0
EVT_0001155,0
EVT_0001156,0
EVT_0001157,0
EVT_0001158,0
EVT_0001159,0
EVT_0001160,0
EVT_0001161,0
EVT_0001162,0
EVT_0001163,0
EVT_0001164,0
EVT_0001165,0
EVT_0001166,0
EVT_0001167,0
EVT_0001168,0
EVT_0001169,0
EVT_0001170,0
EVT_0001171,0
EVT_0001172,0
EVT_0001173,0
EVT_0001174,0
EVT_0001175,0
EVT_0001176,0
EVT_0001177,0
EVT_0001178,0
EVT_0001179,0
EVT_0001180,0
EVT_0001181,0
EVT_0001182,0
EVT_0001183,0
EVT_0001184,0
EVT_0001185,0
EVT_0001186,0
EVT_0001187,0
EVT_0001188,0
EVT_0001189,0
EVT_0001190,0
EVT_0001191,0
EVT_0001192,0
EVT_0001193,0
EVT_0001194,0
EVT_0001195,0
EVT_0001196,0
EVT_0001197,0
EVT_0001198,0
EVT_0001199,0
EVT_0001200,0
EVT_0001201,0
EVT_0001202,0
EVT_0001203,0
EVT_0001204,0
EVT_0001205,0
EVT_0001206,0
EVT_0001207,0
EVT_0001208,0
EVT_0001209,0
EVT_0001210,0
EVT_0001211,0
EVT_0001212,0
EVT_0001213,0
EVT_0001214,0
EVT_0001215,0
EVT_0001216,0
EVT_0001217,0
EVT_0001218,0
EVT_0001219,0
EVT_0001220,0
EVT_0001221,0
EVT_0001222,0
EVT_0001223,0
EVT_0001224,0
EVT_0001225,0
EVT_0001226,0
EVT_0001227,0
EVT_0001228,0
EVT_0001229,0
EVT_0001230,0
EVT_0001231,0
EVT_0001232,0
EVT_0001233,0
EVT_0001234,0
EVT_0001235,0
EVT_0001236,0
EVT_0001237,0
EVT_0001238,0
EVT_0001239,0
EVT_0001240,0
EVT_0001241,0
EVT_0001242,0
EVT_0001243,0
EVT_0001244,0
EVT_0001245,0
EVT_0001246,0
EVT_0001247,0
EVT_0001248,0
EVT_0001249,0
EVT_0001250,0
EVT_0001251,0
EVT_0001252,0
EVT_0001253,0
EVT_0001254,0
EVT_0001255,0
EVT_0001256,0
EVT_0001257,0
EVT_0001258,0
EVT_0001259,1
EVT_0001260,1
EVT_0001261,1
EVT_0001262,1
EVT_0001263,1
EVT_0001264,1
EVT_0001265,1
EVT_0001266,1
EVT_0001267,1
EVT_0001268,1
EVT_0001269,1
EVT_0001270,1
EVT_0001271,1
EVT_0001272,1
EVT_0001273,1
EVT_0001274,1
EVT_0001275,1
EVT_0001276,1
EVT_0001277,1
EVT_0001278,1
EVT_0001279,1
EVT_0001280,1
EVT_0001281,1
EVT_0001282,1
EVT_0001283,1
EVT_0001284,1
EVT_0001285,1
EVT_0001286,1
EVT_0001287,1
EVT_0001288,1
EVT_0001289,1
EVT_0001290,1
EVT_0001291,1
EVT_0001292,1
EVT_0001293,1
EVT_0001294,1
EVT_0001295,1
EVT_0001296,1
EVT_0001297,1
EVT_0001298,1
EVT_0001299,1
EVT_0001300,1
EVT_0001301,0
EVT_0001302,0
EVT_0001303,0
EVT_0001304,0
EVT_0001305,0
EVT_0001306,0
EVT_0001307,0
EVT_0001308,0
EVT_0001309,0
EVT_0001310,0
EVT_0001311,0
EVT_0001312,0
EVT_0001313,0
EVT_0001314,0
EVT_0001315,0
EVT_0001316,0
EVT_0001317,0
EVT_0001318,0
EVT_0001319,0
EVT_0001320,0
EVT_0001321,0
EVT_0001322,0
EVT_0001323,0
EVT_0001324,0
EVT_0001325,0
EVT_0001326,0
EVT_0001327,0
EVT_0001328,0
EVT_0001329,0
EVT_0001330,0
EVT_0001331,0
EVT_0001332,0
EVT_0001333,0
EVT_0001334,0
EVT_0001335,0
EVT_0001336,0
EVT_0001337,0
EVT_0001338,0
EVT_0001339,0
EVT_0001340,0
EVT_0001341,0
EVT_0001342,0
EVT_0001343,0
EVT_0001344,0
EVT_0001345,0
EVT_0001346,0
EVT_0001347,0
EVT_0001348,0
EVT_0001349,0
EVT_0001350,0
EVT_0001351,0
EVT_0001352,0
EVT_0001353,0
EVT_0001354,0
EVT_0001355,0
EVT_0001356,0
EVT_0001357,0
EVT_0001358,0
EVT_0001359,0
EVT_0001360,0
EVT_0001361,0
EVT_0001362,0
EVT_0001363,0
EVT_0001364,0
EVT_0001365,0
EVT_0001366,0
EVT_0001367,0
EVT_0001368,0
EVT_0001369,0
EVT_0001370,0
EVT_0001371,0
EVT_0001372,0
EVT_0001373,0
EVT_0001374,0
EVT_0001375,0
EVT_0001376,0
EVT_0001377,0
EVT_0001378,0
EVT_0001379,0
EVT_0001380,0
EVT_0001381,0
EVT_0001382,0
EVT_0001383,0
EVT_0001384,0
EVT_0001385,0
EVT_0001386,0
EVT_0001387,0
EVT_0001388,0
EVT_0001389,0
EVT_0001390,0
EVT_0001391,0
EVT_0001392,0
EVT_0001393,0
EVT_0001394,0
EVT_0001395,0
EVT_0001396,0
EVT_0001397,0
EVT_0001398,0
EVT_0001399,0
EVT_0001400,0
EVT_0001401,0
EVT_0001402,0
EVT_0001403,0
EVT_0001404,0
EVT_0001405,0
EVT_0001406,0
EVT_0001407,0
EVT_0001408,0
EVT_0001409,0
EVT_0001410,0
EVT_0001411,0
EVT_0001412,0
EVT_0001413,0
EVT_0001414,0
EVT_0001415,0
EVT_0001416,0
EVT_0001417,0
EVT_0001418,0
EVT_0001419,0
EVT_0001420,0
EVT_0001421,0
EVT_0001422,0
EVT_0001423,0
EVT_0001424,0
EVT_0001425,0
EVT_0001426,0
EVT_0001427,0
EVT_0001428,0
EVT_0001429,0
EVT_0001430,0
EVT_0001431,0
EVT_0001432,0
EVT_0001433,0
EVT_0001434,0
EVT_0001435,0
EVT_0001436,0
EVT_0001437,0
EVT_0001438,0
EVT_0001439,0
EVT_0001440,0
EVT_0001441,0
EVT_0001442,0
EVT_0001443,0
EVT_0001444,0
EVT_0001445,0
EVT_0001446,0
EVT_0001447,0
EVT_0001448,0
EVT_0001449,0
EVT_0001450,0
EVT_0001451,0
EVT_0001452,0
EVT_0001453,0
EVT_0001454,0
EVT_0001455,0
EVT_0001456,0
EVT_0001457,0
EVT_0001458,0
EVT_0001459,0
EVT_0001460,0
EVT_0001461,0
EVT_0001462,0
EVT_0001463,0
EVT_0001464,0
EVT_0001465,0
EVT_0001466,0
EVT_0001467,0
EVT_0001468,0
EVT_0001469,0
EVT_0001470,0
EVT_0001471,0
EVT_0001472,0
EVT_0001473,0
EVT_0001474,0
EVT_0001475,0
EVT_0001476,0
EVT_0001477,0
EVT_0001478,0
EVT_0001479,0
EVT_0001480,0
EVT_0001481,0
EVT_0001482,0
EVT_0001483,0
EVT_0001484,0
EVT_0001485,0
EVT_0001486,0
EVT_0001487,0
EVT_0001488,0
EVT_0001489,0
EVT_0001490,0
EVT_0001491,0
EVT_0001492,0
EVT_0001493,0
EVT_0001494,0
EVT_0001495,0
EVT_0001496,0
EVT_0001497,0
EVT_0001498,0
EVT_0001499,0
EVT_0001500,0
EVT_0001501,0
EVT_0001502,0
EVT_0001503,0
EVT_0001504,0
EVT_0001505,0
EVT_0001506,0
EVT_0001507,0
EVT_0001508,0
EVT_0001509,0
EVT_0001510,0
EVT_0001511,0
EVT_0001512,0
EVT_0001513,0
EVT_0001514,0
EVT_0001515,0
EVT_0001516,0
EVT_0001517,0
EVT_0001518,0
EVT_0001519,0
EVT_0001520,0
EVT_0001521,0
EVT_0001522,0
EVT_0001523,0
EVT_0001524,0
EVT_0001525,0
EVT_0001526,0
EVT_0001527,0
EVT_0001528,0
EVT_0001529,0
EVT_0001530,0
EVT_0001531,0
EVT_0001532,0
EVT_0001533,0
EVT_0001534,0
EVT_0001535,0
EVT_0001536,0
EVT_0001537,0
EVT_0001538,0
EVT_0001539,0
EVT_0001540,0
EVT_0001541,0
EVT_0001542,0
EVT_0001543,0
EVT_0001544,0
EVT_0001545,0
EVT_0001546,0
EVT_0001547,0
EVT_0001548,0
EVT_0001549,0
EVT_0001550,0
EVT_0001551,0
EVT_0001552,0
EVT_0001553,0
EVT_0001554,0
EVT_0001555,0
EVT_0001556,0
EVT_0001557,0
EVT_0001558,0
EVT_0001559,0
EVT_0001560,0
EVT_0001561,0
EVT_0001562,0
EVT_0001563,0
EVT_0001564,0
EVT_0001565,0
EVT_0001566,0
EVT_0001567,0
EVT_0001568,0
EVT_0001569,0
EVT_0001570,0
EVT_0001571,0
EVT_0001572,0
EVT_0001573,0
EVT_0001574,0
EVT_0001575,0
EVT_0001576,0
EVT_0001577,0
EVT_0001578,0
EVT_0001579,0
EVT_0001580,0
EVT_0001581,0
EVT_0001582,0
EVT_0001583,0
EVT_0001584,0
EVT_0001585,0
EVT_0001586,0
EVT_0001587,0
EVT_0001588,0
EVT_0001589,0
EVT_0001590,0
EVT_0001591,0
EVT_0001592,0
EVT_0001593,0
EVT_0001594,0
EVT_0001595,0
EVT_0001596,0
EVT_0001597,0
EVT_0001598,0
EVT_0001599,0
EVT_0001600,0
EVT_0001601,0
EVT_0001602,0
EVT_0001603,0
EVT_0001604,0
EVT_0001605,0
EVT_0001606,0
EVT_0001607,0
EVT_0001608,0
EVT_0001609,0
EVT_0001610,0
EVT_0001611,0
EVT_0001612,0
EVT_0001613,0
EVT_0001614,0
EVT_0001615,0
EVT_0001616,0
EVT_0001617,0
EVT_0001618,0
EVT_0001619,0
EVT_0001620,0
EVT_0001621,0
EVT_0001622,0
EVT_0001623,0
EVT_0001624,0
EVT_0001625,0
EVT_0001626,0
EVT_0001627,0
EVT_0001628,0
EVT_0001629,0
EVT_0001630,0
EVT_0001631,0
EVT_0001632,0
EVT_0001633,0
EVT_0001634,0
EVT_0001635,0
EVT_0001636,0
EVT_0001637,0
EVT_0001638,0
EVT_0001639,0
EVT_0001640,0
EVT_0001641,0
EVT_0001642,0
EVT_0001643,0
EVT_0001644,0
EVT_0001645,0
EVT_0001646,0
EVT_0001647,0
EVT_0001648,0
EVT_0001649,0
EVT_0001650,0
EVT_0001651,0
EVT_0001652,0
EVT_0001653,0
EVT_0001654,0
EVT_0001655,0
EVT_0001656,0
EVT_0001657,0
EVT_0001658,0
EVT_0001659,0
EVT_0001660,0
EVT_0001661,0
EVT_0001662,0
EVT_0001663,0
EVT_0001664,0
EVT_0001665,0
EVT_0001666,0
EVT_0001667,0
EVT_0001668,0
EVT_0001669,0
EVT_0001670,0
EVT_0001671,0
EVT_0001672,0
EVT_0001673,0
EVT_0001674,0
EVT_0001675,0
EVT_0001676,0
EVT_0001677,0
EVT_0001678,0
EVT_0001679,0
EVT_0001680,0
EVT_0001681,0
EVT_0001682,0
EVT_0001683,0
EVT_0001684,0
EVT_0001685,0
EVT_0001686,0
EVT_0001687,0
EVT_0001688,0
EVT_0001689,0
EVT_0001690,0
EVT_0001691,0
EVT_0001692,0
EVT_0001693,0
EVT_0001694,0
EVT_0001695,0
EVT_0001696,0
EVT_0001697,0
EVT_0001698,0
EVT_0001699,0
EVT_0001700,0
EVT_0001701,0
EVT_0001702,0
EVT_0001703,0
EVT_0001704,0
EVT_0001705,0
EVT_0001706,0
EVT_0001707,0
EVT_0001708,0
EVT_0001709,0
EVT_0001710,0
EVT_0001711,0
EVT_0001712,0
EVT_0001713,0
EVT_0001714,0
EVT_0001715,0
EVT_0001716,0
EVT_0001717,0
EVT_0001718,0
EVT_0001719,0
EVT_0001720,0
EVT_0001721,0
EVT_0001722,0
EVT_0001723,0
EVT_0001724,0
EVT_0001725,0
EVT_0001726,0
EVT_0001727,0
EVT_0001728,0
EVT_0001729,0
EVT_0001730,0
EVT_0001731,0
EVT_0001732,0
EVT_0001733,0
EVT_0001734,0
EVT_0001735,0
EVT_0001736,0
EVT_0001737,0
EVT_0001738,0
EVT_0001739,0
EVT_0001740,0
EVT_0001741,0
EVT_0001742,0
EVT_0001743,0
EVT_0001744,0
EVT_0001745,0
EVT_0001746,0
EVT_0001747,0
EVT_0001748,0
EVT_0001749,0
EVT_0001750,0
EVT_0001751,0
EVT_0001752,0
EVT_0001753,0
EVT_0001754,0
EVT_0001755,0
EVT_0001756,0
EVT_0001757,0
EVT_0001758,0
EVT_0001759,0
EVT_0001760,0
EVT_0001761,0
EVT_0001762,0
EVT_0001763,0
EVT_0001764,0
EVT_0001765,0
EVT_0001766,0
EVT_0001767,0
EVT_0001768,0
EVT_0001769,0
EVT_0001770,0
EVT_0001771,0
EVT_0001772,0
EVT_0001773,0
EVT_0001774,0
EVT_0001775,0
EVT_0001776,0
EVT_0001777,0
EVT_0001778,0
EVT_0001779,0
EVT_0001780,0
EVT_0001781,0
EVT_0001782,0
EVT_0001783,0
EVT_0001784,0
EVT_0001785,0
EVT_0001786,0
EVT_0001787,0
EVT_0001788,0
EVT_0001789,0
EVT_0001790,0
EVT_0001791,0
EVT_0001792,0
EVT_0001793,0
EVT_0001794,0
EVT_0001795,0
EVT_0001796,0
EVT_0001797,0
EVT_0001798,0
EVT_0001799,0
EVT_0001800,0
EVT_0001801,0
EVT_0001802,0
EVT_0001803,0
EVT_0001804,0
EVT_0001805,0
EVT_0001806,0
EVT_0001807,0
EVT_0001808,0
EVT_0001809,0
EVT_0001810,0
EVT_0001811,0
EVT_0001812,0
EVT_0001813,0
EVT_0001814,0
EVT_0001815,0
EVT_0001816,0
EVT_0001817,0
EVT_0001818,0
EVT_0001819,0
EVT_0001820,0
EVT_0001821,0
EVT_0001822,0
EVT_0001823,0
EVT_0001824,0
EVT_0001825,0
EVT_0001826,0
EVT_0001827,0
EVT_0001828,0
EVT_0001829,0
EVT_0001830,0
EVT_0001831,0
EVT_0001832,0
EVT_0001833,0
EVT_0001834,0
EVT_0001835,0
EVT_0001836,0
EVT_0001837,0
EVT_0001838,0
EVT_0001839,0
EVT_0001840,0
EVT_0001841,0
EVT_0001842,0
EVT_0001843,0
EVT_0001844,0
EVT_0001845,0
EVT_0001846,0
EVT_0001847,0
EVT_0001848,0
EVT_0001849,0
EVT_0001850,0
EVT_0001851,0
EVT_0001852,0
EVT_0001853,0
EVT_0001854,0
EVT_0001855,0
EVT_0001856,0
EVT_0001857,0
EVT_0001858,0
EVT_0001859,0
EVT_0001860,0
EVT_0001861,0
EVT_0001862,0
EVT_0001863,0
EVT_0001864,0
EVT_0001865,0
EVT_0001866,0
EVT_0001867,0
EVT_0001868,0
EVT_0001869,0
EVT_0001870,0
EVT_0001871,0
EVT_0001872,0
EVT_0001873,0
EVT_0001874,0
EVT_0001875,0
EVT_0001876,0
EVT_0001877,0
EVT_0001878,0
EVT_0001879,0
EVT_0001880,0
EVT_0001881,0
EVT_0001882,0
EVT_0001883,0
EVT_0001884,0
EVT_0001885,0
EVT_0001886,0
EVT_0001887,0
EVT_0001888,0
EVT_0001889,0
EVT_0001890,0
EVT_0001891,0
EVT_0001892,0
EVT_0001893,0
EVT_0001894,0
EVT_0001895,0
EVT_0001896,0
EVT_0001897,0
EVT_0001898,0
EVT_0001899,0
EVT_0001900,0
EVT_0001901,0
EVT_0001902,0
EVT_0001903,0
EVT_0001904,0
EVT_0001905,0
EVT_0001906,0
EVT_0001907,0
EVT_0001908,0
EVT_0001909,0
EVT_0001910,0
EVT_0001911,0
EVT_0001912,0
EVT_0001913,0
EVT_0001914,0
EVT_0001915,0
EVT_0001916,0
EVT_0001917,0
EVT_0001918,0
EVT_0001919,0
EVT_0001920,0
EVT_0001921,0
EVT_0001922,0
EVT_0001923,0
EVT_0001924,0
EVT_0001925,0
EVT_0001926,0
EVT_0001927,0
EVT_0001928,0
EVT_0001929,0
EVT_0001930,0
EVT_0001931,0
EVT_0001932,0
EVT_0001933,0
EVT_0001934,0
EVT_0001935,0
EVT_0001936,0
EVT_0001937,0
EVT_0001938,0
EVT_0001939,0
EVT_0001940,0
EVT_0001941,0
EVT_0001942,0
EVT_0001943,0
EVT_0001944,0
EVT_0001945,0
EVT_0001946,0
EVT_0001947,0
EVT_0001948,0
EVT_0001949,0
EVT_0001950,0
EVT_0001951,0
EVT_0001952,0
EVT_0001953,0
EVT_0001954,0
EVT_0001955,0
EVT_0001956,0
EVT_0001957,0
EVT_0001958,0
EVT_0001959,0
EVT_0001960,0
EVT_0001961,0
EVT_0001962,0
EVT_0001963,0
EVT_0001964,0
EVT_0001965,0
EVT_0001966,0
EVT_0001967,0
EVT_0001968,0
EVT_0001969,0
EVT_0001970,0
EVT_0001971,0
EVT_0001972,0
EVT_0001973,0
EVT_0001974,0
EVT_0001975,0
EVT_0001976,0
EVT_0001977,0
EVT_0001978,0
EVT_0001979,0
EVT_0001980,0
EVT_0001981,0
EVT_0001982,0
EVT_0001983,0
EVT_0001984,0
EVT_0001985,0
EVT_0001986,0
EVT_0001987,0
EVT_0001988,0
EVT_0001989,0
EVT_0001990,0
EVT_0001991,0
EVT_0001992,0
EVT_0001993,0
EVT_0001994,0
EVT_0001995,0
EVT_0001996,0
EVT_0001997,0
EVT_0001998,0
EVT_0001999,0
EVT_0002000,0
EVT_0002001,0
EVT_0002002,0
EVT_0002003,0
EVT_0002004,0
EVT_0002005,0
EVT_0002006,0
EVT_0002007,0
EVT_0002008,0
EVT_0002009,0
EVT_0002010,0
EVT_0002011,0
EVT_0002012,0
EVT_0002013,0
EVT_0002014,0
EVT_0002015,0
EVT_0002016,0
EVT_0002017,0
EVT_0002018,0
EVT_0002019,0
EVT_0002020,0
EVT_0002021,0
EVT_0002022,0
EVT_0002023,0
EVT_0002024,0
EVT_0002025,0
EVT_0002026,0
EVT_0002027,0
EVT_0002028,0
EVT_0002029,0
EVT_0002030,0
EVT_0002031,0
EVT_0002032,0
EVT_0002033,0
EVT_0002034,0
EVT_0002035,0
EVT_0002036,0
EVT_0002037,0
EVT_0002038,0
EVT_0002039,0
EVT_0002040,0
EVT_0002041,0
EVT_0002042,0
EVT_0002043,0
EVT_0002044,0
EVT_0002045,0
EVT_0002046,0
EVT_0002047,0
EVT_0002048,0
EVT_0002049,0
EVT_0002050,0
EVT_0002051,0
EVT_0002052,0
EVT_0002053,0
EVT_0002054,0
EVT_0002055,0
EVT_0002056,0
EVT_0002057,0
EVT_0002058,0
EVT_0002059,0
EVT_0002060,0
EVT_0002061,0
EVT_0002062,0
EVT_0002063,0
EVT_0002064,0
EVT_0002065,0
EVT_0002066,0
EVT_0002067,0
EVT_0002068,0
EVT_0002069,0
EVT_0002070,0
EVT_0002071,0
EVT_0002072,0
EVT_0002073,0
EVT_0002074,0
EVT_0002075,0
EVT_0002076,0
EVT_0002077,0
EVT_0002078,0
EVT_0002079,0
EVT_0002080,0
EVT_0002081,0
EVT_0002082,0
EVT_0002083,0
EVT_0002084,0
EVT_0002085,0
EVT_0002086,0
EVT_0002087,0
EVT_0002088,0
EVT_0002089,0
EVT_0002090,0
EVT_0002091,0
EVT_0002092,0
EVT_0002093,0
EVT_0002094,0
EVT_0002095,0
EVT_0002096,0
EVT_0002097,0
EVT_0002098,0
EVT_0002099,0
EVT_0002100,0
EVT_0002101,0
EVT_0002102,0
EVT_0002103,0
EVT_0002104,0
EVT_0002105,0
EVT_0002106,0
EVT_0002107,0
EVT_0002108,0
EVT_0002109,0
EVT_0002110,0
EVT_0002111,0
EVT_0002112,0
EVT_0002113,0
EVT_0002114,0
EVT_0002115,0
EVT_0002116,0
EVT_0002117,0
EVT_0002118,0
EVT_0002119,0
EVT_0002120,0
EVT_0002121,0
EVT_0002122,0
EVT_0002123,0
EVT_0002124,0
EVT_0002125,0
EVT_0002126,0
EVT_0002127,0
EVT_0002128,0
EVT_0002129,0
EVT_0002130,0
EVT_0002131,0
EVT_0002132,0
EVT_0002133,0
EVT_0002134,0
EVT_0002135,0
EVT_0002136,0
EVT_0002137,0
EVT_0002138,0
EVT_0002139,0
EVT_0002140,0
EVT_0002141,0
EVT_0002142,0
EVT_0002143,0
EVT_0002144,0
EVT_0002145,0
EVT_0002146,0
EVT_0002147,0
EVT_0002148,0
EVT_0002149,0
EVT_0002150,0
EVT_0002151,0
EVT_0002152,0
EVT_0002153,0
EVT_0002154,0
EVT_0002155,0
EVT_0002156,0
EVT_0002157,0
EVT_0002158,0
EVT_0002159,0
EVT_0002160,0
EVT_0002161,0
EVT_0002162,0
EVT_0002163,0
EVT_0002164,0
EVT_0002165,0
EVT_0002166,0
EVT_0002167,0
EVT_0002168,0
EVT_0002169,0
EVT_0002170,0
EVT_0002171,0
EVT_0002172,0
EVT_0002173,0
EVT_0002174,0
EVT_0002175,0
EVT_0002176,0
EVT_0002177,0
EVT_0002178,0
EVT_0002179,0
EVT_0002180,0
EVT_0002181,0
EVT_0002182,0
EVT_0002183,0
EVT_0002184,0
EVT_0002185,0
EVT_0002186,0
EVT_0002187,0
EVT_0002188,0
EVT_0002189,0
EVT_0002190,0
EVT_0002191,0
EVT_0002192,0
EVT_0002193,0
EVT_0002194,0
EVT_0002195,0
EVT_0002196,0
EVT_0002197,0
EVT_0002198,0
EVT_0002199,0
EVT_0002200,0
EVT_0002201,0
EVT_0002202,0
EVT_0002203,0
EVT_0002204,0
EVT_0002205,0
EVT_0002206,0
EVT_0002207,0
EVT_0002208,0
EVT_0002209,0
EVT_0002210,0
EVT_0002211,0
EVT_0002212,0
EVT_0002213,0
EVT_0002214,0
EVT_0002215,0
EVT_0002216,0
EVT_0002217,0
EVT_0002218,0
EVT_0002219,0
EVT_0002220,0
EVT_0002221,0
EVT_0002222,0
EVT_0002223,0
EVT_0002224,0
EVT_0002225,0
EVT_0002226,0
EVT_0002227,0
EVT_0002228,0
EVT_0002229,0
EVT_0002230,0
EVT_0002231,0
EVT_0002232,0
EVT_0002233,0
EVT_0002234,0
EVT_0002235,0
EVT_0002236,0
EVT_0002237,0
EVT_0002238,0
EVT_0002239,0
EVT_0002240,0
EVT_0002241,0
EVT_0002242,0
EVT_0002243,0
EVT_0002244,0
EVT_0002245,0
EVT_0002246,0
EVT_0002247,0
EVT_0002248,0
EVT_0002249,0
EVT_0002250,0
EVT_0002251,0
EVT_0002252,0
EVT_0002253,0
EVT_0002254,0
EVT_0002255,0
EVT_0002256,0
EVT_0002257,0
EVT_0002258,0
EVT_0002259,0
EVT_0002260,0
EVT_0002261,0
EVT_0002262,0
EVT_0002263,0
EVT_0002264,0
EVT_0002265,0
EVT_0002266,0
EVT_0002267,0
EVT_0002268,0
EVT_0002269,0
EVT_0002270,0
EVT_0002271,0
EVT_0002272,0
EVT_0002273,0
EVT_0002274,0
EVT_0002275,0
EVT_0002276,0
EVT_0002277,0
EVT_0002278,0
EVT_0002279,0
EVT_0002280,0
EVT_0002281,0
EVT_0002282,0
EVT_0002283,0
EVT_0002284,0
EVT_0002285,0
EVT_0002286,0
EVT_0002287,0
EVT_0002288,0
EVT_0002289,0
EVT_0002290,0
EVT_0002291,0
EVT_0002292,0
EVT_0002293,0
EVT_0002294,0
EVT_0002295,0
EVT_0002296,0
EVT_0002297,0
EVT_0002298,0
EVT_0002299,0
EVT_0002300,0
EVT_0002301,0
EVT_0002302,0
EVT_0002303,0
EVT_0002304,0
EVT_0002305,0
EVT_0002306,0
EVT_0002307,0
EVT_0002308,0
EVT_0002309,0
EVT_0002310,0
EVT_0002311,0
EVT_0002312,0
EVT_0002313,0
EVT_0002314,0
EVT_0002315,0
EVT_0002316,0
EVT_0002317,0
EVT_0002318,0
EVT_0002319,0
EVT_0002320,0
EVT_0002321,0
EVT_0002322,0
EVT_0002323,0
EVT_0002324,0
EVT_0002325,0
EVT_0002326,0
EVT_0002327,0
EVT_0002328,0
EVT_0002329,0
EVT_0002330,0
EVT_0002331,0
EVT_0002332,0
EVT_0002333,0
EVT_0002334,0
EVT_0002335,0
EVT_0002336,0
EVT_0002337,0
EVT_0002338,0
EVT_0002339,0
EVT_0002340,0
EVT_0002341,0
EVT_0002342,0
EVT_0002343,0
EVT_0002344,0
EVT_0002345,0
EVT_0002346,0
EVT_0002347,0
EVT_0002348,0
EVT_0002349,0
EVT_0002350,0
EVT_0002351,0
EVT_0002352,0
EVT_0002353,0
EVT_0002354,0
EVT_0002355,0
EVT_0002356,0
EVT_0002357,0
EVT_0002358,0
EVT_0002359,0
EVT_0002360,0
EVT_0002361,0
EVT_0002362,0
EVT_0002363,0
EVT_0002364,0
EVT_0002365,0
EVT_0002366,0
EVT_0002367,0
EVT_0002368,0
EVT_0002369,0
EVT_0002370,0
EVT_0002371,0
EVT_0002372,0
EVT_0002373,0
EVT_0002374,0
EVT_0002375,0
EVT_0002376,0
EVT_0002377,0
EVT_0002378,0
EVT_0002379,0
EVT_0002380,0
EVT_0002381,0
EVT_0002382,0
EVT_0002383,0
EVT_0002384,0
EVT_0002385,0
EVT_0002386,0
EVT_0002387,0
EVT_0002388,0
EVT_0002389,0
EVT_0002390,0
EVT_0002391,0
EVT_0002392,0
EVT_0002393,0
EVT_0002394,0
EVT_0002395,0
EVT_0002396,0
EVT_0002397,0
EVT_0002398,0
EVT_0002399,0
EVT_0002400,0
EVT_0002401,0
EVT_0002402,0
EVT_0002403,0
EVT_0002404,0
EVT_0002405,0
EVT_0002406,0
EVT_0002407,0
EVT_0002408,0
EVT_0002409,0
EVT_0002410,0
EVT_0002411,0
EVT_0002412,0
EVT_0002413,0
EVT_0002414,0
EVT_0002415,0
EVT_0002416,0
EVT_0002417,0
EVT_0002418,0
EVT_0002419,0
EVT_0002420,0
EVT_0002421,0
EVT_0002422,0
EVT_0002423,0
EVT_0002424,0
EVT_0002425,0
EVT_0002426,0
EVT_0002427,0
EVT_0002428,0
EVT_0002429,0
EVT_0002430,0
EVT_0002431,0
EVT_0002432,0
EVT_0002433,0
EVT_0002434,0
EVT_0002435,0
EVT_0002436,0
EVT_0002437,0
EVT_0002438,0
EVT_0002439,0
EVT_0002440,0
EVT_0002441,0
EVT_0002442,0
EVT_0002443,0
EVT_0002444,0
EVT_0002445,0
EVT_0002446,0
EVT_0002447,0
EVT_0002448,0
EVT_0002449,0
EVT_0002450,0
EVT_0002451,0
EVT_0002452,0
EVT_0002453,0
EVT_0002454,0
EVT_0002455,0
EVT_0002456,0
EVT_0002457,0
EVT_0002458,0
EVT_0002459,0
EVT_0002460,0
EVT_0002461,0
EVT_0002462,0
EVT_0002463,0
EVT_0002464,0
EVT_0002465,0
EVT_0002466,0
EVT_0002467,0
EVT_0002468,0
EVT_0002469,0
EVT_0002470,0
EVT_0002471,0
EVT_0002472,0
EVT_0002473,0
EVT_0002474,0
EVT_0002475,0
EVT_0002476,0
EVT_0002477,0
EVT_0002478,0
EVT_0002479,0
EVT_0002480,0
EVT_0002481,0
EVT_0002482,0
EVT_0002483,0
EVT_0002484,0
EVT_0002485,0
EVT_0002486,0
EVT_0002487,0
EVT_0002488,0
EVT_0002489,0
EVT_0002490,0
EVT_0002491,0
EVT_0002492,0
EVT_0002493,0
EVT_0002494,0
EVT_0002495,0
EVT_0002496,0
EVT_0002497,0
EVT_0002498,0
EVT_0002499,0
EVT_0002500,0
EVT_0002501,0
EVT_0002502,0
EVT_0002503,0
EVT_0002504,0
EVT_0002505,0
EVT_0002506,0
EVT_0002507,0
EVT_0002508,0
EVT_0002509,0
EVT_0002510,0
EVT_0002511,0
EVT_0002512,0
EVT_0002513,0
EVT_0002514,0
EVT_0002515,0
EVT_0002516,0
EVT_0002517,0
EVT_0002518,0
EVT_0002519,0
EVT_0002520,0
EVT_0002521,0
EVT_0002522,0
EVT_0002523,0
EVT_0002524,0
EVT_0002525,0
EVT_0002526,0
EVT_0002527,0
EVT_0002528,0
EVT_0002529,0
EVT_0002530,0
EVT_0002531,0
EVT_0002532,0
EVT_0002533,0
EVT_0002534,0
EVT_0002535,0
EVT_0002536,0
EVT_0002537,0
EVT_0002538,0
EVT_0002539,0
EVT_0002540,0
EVT_0002541,0
EVT_0002542,0
EVT_0002543,0
EVT_0002544,0
EVT_0002545,0
EVT_0002546,0
EVT_0002547,0
EVT_0002548,0
EVT_0002549,0
EVT_0002550,0
EVT_0002551,0
EVT_0002552,0
EVT_0002553,0
EVT_0002554,0
EVT_0002555,0
EVT_0002556,0
EVT_0002557,0
EVT_0002558,0
EVT_0002559,0
EVT_0002560,0
EVT_0002561,0
EVT_0002562,0
EVT_0002563,0
EVT_0002564,0
EVT_0002565,0
EVT_0002566,0
EVT_0002567,0
EVT_0002568,0
EVT_0002569,0
EVT_0002570,0
EVT_0002571,0
EVT_0002572,0
EVT_0002573,0
EVT_0002574,0
EVT_0002575,0
EVT_0002576,0
EVT_0002577,0
EVT_0002578,0
EVT_0002579,0
EVT_0002580,0
EVT_0002581,0
EVT_0002582,0
EVT_0002583,0
EVT_0002584,0
EVT_0002585,0
EVT_0002586,0
EVT_0002587,0
EVT_0002588,0
EVT_0002589,0
EVT_0002590,0
EVT_0002591,0
EVT_0002592,0
EVT_0002593,0
EVT_0002594,0
EVT_0002595,0
EVT_0002596,0
EVT_0002597,0
EVT_0002598,0
EVT_0002599,0
EVT_0002600,0
EVT_0002601,0
EVT_0002602,0
EVT_0002603,0
EVT_0002604,0
EVT_0002605,0
EVT_0002606,0
EVT_0002607,0
EVT_0002608,0
EVT_0002609,0
EVT_0002610,0
EVT_0002611,0
EVT_0002612,0
EVT_0002613,0
EVT_0002614,0
EVT_0002615,0
EVT_0002616,0
EVT_0002617,0
EVT_0002618,0
EVT_0002619,0
EVT_0002620,0
EVT_0002621,0
EVT_0002622,0
EVT_0002623,0
EVT_0002624,0
EVT_0002625,0
EVT_0002626,0
EVT_0002627,0
EVT_0002628,0
EVT_0002629,0
EVT_0002630,0
EVT_0002631,0
EVT_0002632,0
EVT_0002633,0
EVT_0002634,0
EVT_0002635,0
EVT_0002636,0
EVT_0002637,0
EVT_0002638,0
EVT_0002639,0
EVT_0002640,0
EVT_0002641,0
EVT_0002642,0
EVT_0002643,0
EVT_0002644,0
EVT_0002645,0
EVT_0002646,0
EVT_0002647,0
EVT_0002648,0
EVT_0002649,0
EVT_0002650,0
EVT_0002651,0
EVT_0002652,0
EVT_0002653,0
EVT_0002654,0
EVT_0002655,0
EVT_0002656,0
EVT_0002657,0
EVT_0002658,0
EVT_0002659,0
EVT_0002660,0
EVT_0002661,0
EVT_0002662,0
EVT_0002663,0
EVT_0002664,0
EVT_0002665,0
EVT_0002666,0
EVT_0002667,0
EVT_0002668,0
EVT_0002669,0
EVT_0002670,0
EVT_0002671,0
EVT_0002672,0
EVT_0002673,0
EVT_0002674,0
EVT_0002675,0
EVT_0002676,0
EVT_0002677,0
EVT_0002678,0
EVT_0002679,0
EVT_0002680,0
EVT_0002681,0
EVT_0002682,0
EVT_0002683,0
EVT_0002684,0
EVT_0002685,0
EVT_0002686,0
EVT_0002687,0
EVT_0002688,0
EVT_0002689,0
EVT_0002690,0
EVT_0002691,0
EVT_0002692,0
EVT_0002693,0
EVT_0002694,0
EVT_0002695,0
EVT_0002696,0
EVT_0002697,0
EVT_0002698,0
EVT_0002699,0
EVT_0002700,0
EVT_0002701,0
EVT_0002702,0
EVT_0002703,0
EVT_0002704,0
EVT_0002705,0
EVT_0002706,0
EVT_0002707,0
EVT_0002708,0
EVT_0002709,0
EVT_0002710,0
EVT_0002711,0
EVT_0002712,0
EVT_0002713,0
EVT_0002714,0
EVT_0002715,0
EVT_0002716,0
EVT_0002717,0
EVT_0002718,0
EVT_0002719,0
EVT_0002720,0
EVT_0002721,0
EVT_0002722,0
EVT_0002723,0
EVT_0002724,0
EVT_0002725,0
EVT_0002726,0
EVT_0002727,0
EVT_0002728,0
EVT_0002729,0
EVT_0002730,0
EVT_0002731,0
EVT_0002732,0
EVT_0002733,0
EVT_0002734,0
EVT_0002735,0
EVT_0002736,0
EVT_0002737,0
EVT_0002738,0
EVT_0002739,0
EVT_0002740,0
EVT_0002741,0
EVT_0002742,0
EVT_0002743,0
EVT_0002744,0
EVT_0002745,0
EVT_0002746,0
EVT_0002747,0
EVT_0002748,0
EVT_0002749,0
EVT_0002750,0
EVT_0002751,0
EVT_0002752,0
EVT_0002753,0
EVT_0002754,0
EVT_0002755,0
EVT_0002756,0
EVT_0002757,0
EVT_0002758,0
EVT_0002759,0
EVT_0002760,0
EVT_0002761,0
EVT_0002762,0
EVT_0002763,0
EVT_0002764,0
EVT_0002765,0
EVT_0002766,0
EVT_0002767,0
EVT_0002768,0
EVT_0002769,0
EVT_0002770,0
EVT_0002771,0
EVT_0002772,0
EVT_0002773,0
EVT_0002774,0
EVT_0002775,0
EVT_0002776,0
EVT_0002777,0
EVT_0002778,0
EVT_0002779,0
EVT_0002780,0
EVT_0002781,0
EVT_0002782,0
EVT_0002783,0
EVT_0002784,0
EVT_0002785,0
EVT_0002786,0
EVT_0002787,0
EVT_0002788,0
EVT_0002789,0
EVT_0002790,0
EVT_0002791,0
EVT_0002792,0
EVT_0002793,0
EVT_0002794,0
EVT_0002795,0
EVT_0002796,0
EVT_0002797,0
EVT_0002798,0
EVT_0002799,0
EVT_0002800,0
EVT_0002801,0
EVT_0002802,0
EVT_0002803,0
EVT_0002804,0
EVT_0002805,0
EVT_0002806,0
EVT_0002807,0
EVT_0002808,0
EVT_0002809,0
EVT_0002810,0
EVT_0002811,0
EVT_0002812,0
EVT_0002813,0
EVT_0002814,0
EVT_0002815,0
EVT_0002816,0
EVT_0002817,0
EVT_0002818,0
EVT_0002819,0
EVT_0002820,0
EVT_0002821,0
EVT_0002822,0
EVT_0002823,0
EVT_0002824,0
EVT_0002825,0
EVT_0002826,0
EVT_0002827,0
EVT_0002828,0
EVT_0002829,0
EVT_0002830,0
EVT_0002831,0
EVT_0002832,0
EVT_0002833,0
EVT_0002834,0
EVT_0002835,0
EVT_0002836,0
EVT_0002837,0
EVT_0002838,0
EVT_0002839,0
EVT_0002840,0
EVT_0002841,0
EVT_0002842,0
EVT_0002843,0
EVT_0002844,0
EVT_0002845,0
EVT_0002846,0
EVT_0002847,0
EVT_0002848,0
EVT_0002849,0
EVT_0002850,0
EVT_0002851,0
EVT_0002852,0
EVT_0002853,0
EVT_0002854,0
EVT_0002855,0
EVT_0002856,0
EVT_0002857,0
EVT_0002858,0
EVT_0002859,0
EVT_0002860,0
EVT_0002861,0
EVT_0002862,0
EVT_0002863,0
EVT_0002864,0
EVT_0002865,0
EVT_0002866,0
EVT_0002867,0
EVT_0002868,0
EVT_0002869,0
EVT_0002870,0
EVT_0002871,0
EVT_0002872,0
EVT_0002873,0
EVT_0002874,0
EVT_0002875,0
EVT_0002876,0
EVT_0002877,0
EVT_0002878,0
EVT_0002879,0
EVT_0002880,0
EVT_0002881,0
EVT_0002882,0
EVT_0002883,0
EVT_0002884,0
EVT_0002885,0
EVT_0002886,0
EVT_0002887,0
EVT_0002888,0
EVT_0002889,0
EVT_0002890,0
EVT_0002891,0
EVT_0002892,0
EVT_0002893,0
EVT_0002894,0
EVT_0002895,0
EVT_0002896,0
EVT_0002897,0
EVT_0002898,0
EVT_0002899,0
EVT_0002900,0
EVT_0002901,0
EVT_0002902,0
EVT_0002903,0
EVT_0002904,0
EVT_0002905,0
EVT_0002906,0
EVT_0002907,0
EVT_0002908,0
EVT_0002909,0
EVT_0002910,0
EVT_0002911,0
EVT_0002912,0
EVT_0002913,0
EVT_0002914,0
EVT_0002915,0
EVT_0002916,0
EVT_0002917,0
EVT_0002918,0
EVT_0002919,0
EVT_0002920,0
EVT_0002921,0
EVT_0002922,0
EVT_0002923,0
EVT_0002924,0
EVT_0002925,0
EVT_0002926,0
EVT_0002927,0
EVT_0002928,0
EVT_0002929,0
EVT_0002930,0
EVT_0002931,0
EVT_0002932,0
EVT_0002933,0
EVT_0002934,0
EVT_0002935,0
EVT_0002936,0
EVT_0002937,0
EVT_0002938,0
EVT_0002939,0
EVT_0002940,0
EVT_0002941,0
EVT_0002942,0
EVT_0002943,0
EVT_0002944,0
EVT_0002945,0
EVT_0002946,0
EVT_0002947,0
EVT_0002948,0
EVT_0002949,0
EVT_0002950,0
EVT_0002951,0
EVT_0002952,0
EVT_0002953,0
EVT_0002954,0
EVT_0002955,0
EVT_0002956,0
EVT_0002957,0
EVT_0002958,0
EVT_0002959,0
EVT_0002960,0
EVT_0002961,0
EVT_0002962,0
EVT_0002963,0
EVT_0002964,0
EVT_0002965,0
EVT_0002966,0
EVT_0002967,0
EVT_0002968,0
EVT_0002969,0
EVT_0002970,0
EVT_0002971,0
EVT_0002972,0
EVT_0002973,0
EVT_0002974,0
EVT_0002975,0
EVT_0002976,0
EVT_0002977,0
EVT_0002978,0
EVT_0002979,0
EVT_0002980,0
EVT_0002981,0
EVT_0002982,0
EVT_0002983,0
EVT_0002984,0
EVT_0002985,0
EVT_0002986,0
EVT_0002987,0
EVT_0002988,0
EVT_0002989,0
EVT_0002990,0
EVT_0002991,0
EVT_0002992,0
EVT_0002993,0
EVT_0002994,0
EVT_0002995,0
EVT_0002996,0
EVT_0002997,0
EVT_0002998,0
EVT_0002999,0
EVT_0003000,0
EVT_0003001,0
EVT_0003002,0
EVT_0003003,0
EVT_0003004,0
EVT_0003005,0
EVT_0003006,0
EVT_0003007,0
EVT_0003008,0
EVT_0003009,0
EVT_0003010,0
EVT_0003011,0
EVT_0003012,0
EVT_0003013,0
EVT_0003014,0
EVT_0003015,0
EVT_0003016,0
EVT_0003017,0
EVT_0003018,0
EVT_0003019,0
EVT_0003020,0
EVT_0003021,0
EVT_0003022,0
EVT_0003023,0
EVT_0003024,0
EVT_0003025,0
EVT_0003026,0
EVT_0003027,0
EVT_0003028,0
EVT_0003029,0
EVT_0003030,0
EVT_0003031,0
EVT_0003032,0
EVT_0003033,0
EVT_0003034,0
EVT_0003035,0
EVT_0003036,0
EVT_0003037,0
EVT_0003038,1
EVT_0003039,1
EVT_0003040,1
EVT_0003041,1
EVT_0003042,1
EVT_0003043,1
EVT_0003044,1
EVT_0003045,1
EVT_0003046,1
EVT_0003047,1
EVT_0003048,1
EVT_0003049,1
EVT_0003050,1
EVT_0003051,1
EVT_0003052,1
EVT_0003053,1
EVT_0003054,1
EVT_0003055,1
EVT_0003056,1
EVT_0003057,1
EVT_0003058,1
EVT_0003059,1
EVT_0003060,1
EVT_0003061,1
EVT_0003062,1
EVT_0003063,1
EVT_0003064,1
EVT_0003065,1
EVT_0003066,1
EVT_0003067,1
EVT_0003068,1
EVT_0003069,1
EVT_0003070,1
EVT_0003071,1
EVT_0003072,1
EVT_0003073,1
EVT_0003074,1
EVT_0003075,1
EVT_0003076,1
EVT_0003077,1
EVT_0003078,1
EVT_0003079,1
EVT_0003080,1
EVT_0003081,1
EVT_0003082,1
EVT_0003083,1
EVT_0003084,1
EVT_0003085,1
EVT_0003086,1
EVT_0003087,1
EVT_0003088,1
EVT_0003089,1
EVT_0003090,1
EVT_0003091,1
EVT_0003092,1
EVT_0003093,1
EVT_0003094,1
EVT_0003095,1
EVT_0003096,1
EVT_0003097,1
EVT_0003098,1
EVT_0003099,1
EVT_0003100,1
EVT_0003101,1
EVT_0003102,1
EVT_0003103,1
EVT_0003104,1
EVT_0003105,1
EVT_0003106,1
EVT_0003107,1
EVT_0003108,1
EVT_0003109,1
EVT_0003110,1
EVT_0003111,1
EVT_0003112,1
EVT_0003113,1
EVT_0003114,1
EVT_0003115,1
EVT_0003116,1
EVT_0003117,0
EVT_0003118,0
EVT_0003119,0
EVT_0003120,0
EVT_0003121,0
EVT_0003122,0
EVT_0003123,0
EVT_0003124,0
EVT_0003125,0
EVT_0003126,0
EVT_0003127,0
EVT_0003128,0
EVT_0003129,0
EVT_0003130,0
EVT_0003131,0
EVT_0003132,0
EVT_0003133,0
EVT_0003134,0
EVT_0003135,0
EVT_0003136,0
EVT_0003137,0
EVT_0003138,0
EVT_0003139,0
EVT_0003140,0
EVT_0003141,0
EVT_0003142,0
EVT_0003143,0
EVT_0003144,0
EVT_0003145,0
EVT_0003146,0
EVT_0003147,0
EVT_0003148,0
EVT_0003149,0
EVT_0003150,0
EVT_0003151,0
EVT_0003152,0
EVT_0003153,0
EVT_0003154,0
EVT_0003155,0
EVT_0003156,0
EVT_0003157,0
EVT_0003158,0
EVT_0003159,0
EVT_0003160,0
EVT_0003161,0
EVT_0003162,0
EVT_0003163,0
EVT_0003164,0
EVT_0003165,0
EVT_0003166,0
EVT_0003167,0
EVT_0003168,0
EVT_0003169,0
EVT_0003170,0
EVT_0003171,0
EVT_0003172,0
EVT_0003173,0
EVT_0003174,0
EVT_0003175,0
EVT_0003176,0
EVT_0003177,0
EVT_0003178,0
EVT_0003179,0
EVT_0003180,0
EVT_0003181,0
EVT_0003182,0
EVT_0003183,0
EVT_0003184,0
EVT_0003185,0
EVT_0003186,0
EVT_0003187,0
EVT_0003188,0
EVT_0003189,0
EVT_0003190,0
EVT_0003191,0
EVT_0003192,0
EVT_0003193,0
EVT_0003194,0
EVT_0003195,0
EVT_0003196,0
EVT_0003197,0
EVT_0003198,0
EVT_0003199,0
EVT_0003200,0
EVT_0003201,0
EVT_0003202,0
EVT_0003203,0
EVT_0003204,0
EVT_0003205,0
EVT_0003206,0
EVT_0003207,0
EVT_0003208,0
EVT_0003209,0
EVT_0003210,0
EVT_0003211,0
EVT_0003212,0
EVT_0003213,0
EVT_0003214,0
EVT_0003215,0
EVT_0003216,0
EVT_0003217,0
EVT_0003218,0
EVT_0003219,0
EVT_0003220,0
EVT_0003221,0
EVT_0003222,0
EVT_0003223,0
EVT_0003224,0
EVT_0003225,0
EVT_0003226,0
EVT_0003227,0
EVT_0003228,0
EVT_0003229,0
EVT_0003230,0
EVT_0003231,0
EVT_0003232,0
EVT_0003233,0
EVT_0003234,0
EVT_0003235,0
EVT_0003236,0
EVT_0003237,0
EVT_0003238,0
EVT_0003239,0
EVT_0003240,0
EVT_0003241,0
EVT_0003242,0
EVT_0003243,0
EVT_0003244,0
EVT_0003245,0
EVT_0003246,0
EVT_0003247,0
EVT_0003248,0
EVT_0003249,0
EVT_0003250,0
EVT_0003251,0
EVT_0003252,0
EVT_0003253,0
EVT_0003254,0
EVT_0003255,0
EVT_0003256,0
EVT_0003257,0
EVT_0003258,0
EVT_0003259,0
EVT_0003260,0
EVT_0003261,0
EVT_0003262,0
EVT_0003263,0
EVT_0003264,0
EVT_0003265,0
EVT_0003266,0
EVT_0003267,0
EVT_0003268,0
EVT_0003269,0
EVT_0003270,0
EVT_0003271,0
EVT_0003272,0
EVT_0003273,0
EVT_0003274,0
EVT_0003275,0
EVT_0003276,0
EVT_0003277,0
EVT_0003278,0
EVT_0003279,0
EVT_0003280,0
EVT_0003281,0
EVT_0003282,0
EVT_0003283,0
EVT_0003284,0
EVT_0003285,0
EVT_0003286,0
EVT_0003287,0
EVT_0003288,0
EVT_0003289,0
EVT_0003290,0
EVT_0003291,0
EVT_0003292,0
EVT_0003293,0
EVT_0003294,0
EVT_0003295,0
EVT_0003296,0
EVT_0003297,0
EVT_0003298,0
EVT_0003299,0
EVT_0003300,0
EVT_0003301,0
EVT_0003302,0
EVT_0003303,0
EVT_0003304,0
EVT_0003305,0
EVT_0003306,0
EVT_0003307,0
EVT_0003308,0
EVT_0003309,0
EVT_0003310,0
EVT_0003311,0
EVT_0003312,0
EVT_0003313,0
EVT_0003314,0
EVT_0003315,0
EVT_0003316,0
EVT_0003317,0
EVT_0003318,0
EVT_0003319,0
EVT_0003320,0
EVT_0003321,0
EVT_0003322,0
EVT_0003323,0
EVT_0003324,0
EVT_0003325,0
EVT_0003326,0
EVT_0003327,0
EVT_0003328,0
EVT_0003329,0
EVT_0003330,0
EVT_0003331,0
EVT_0003332,0
EVT_0003333,0
EVT_0003334,0
EVT_0003335,0
EVT_0003336,0
EVT_0003337,0
EVT_0003338,0
EVT_0003339,0
EVT_0003340,0
EVT_0003341,0
EVT_0003342,0
EVT_0003343,0
EVT_0003344,0
EVT_0003345,0
EVT_0003346,0
EVT_0003347,0
EVT_0003348,0
EVT_0003349,0
EVT_0003350,0
EVT_0003351,0
EVT_0003352,0
EVT_0003353,0
EVT_0003354,0
EVT_0003355,0
EVT_0003356,0
EVT_0003357,0
EVT_0003358,0
EVT_0003359,0
EVT_0003360,0
EVT_0003361,0
EVT_0003362,0
EVT_0003363,0
EVT_0003364,0
EVT_0003365,0
EVT_0003366,0
EVT_0003367,0
EVT_0003368,0
EVT_0003369,0
EVT_0003370,0
EVT_0003371,0
EVT_0003372,0
EVT_0003373,0
EVT_0003374,0
EVT_0003375,0
EVT_0003376,0
EVT_0003377,0
EVT_0003378,0
EVT_0003379,0
EVT_0003380,0
EVT_0003381,0
EVT_0003382,0
EVT_0003383,0
EVT_0003384,0
EVT_0003385,0
EVT_0003386,0
EVT_0003387,0
EVT_0003388,0
EVT_0003389,0
EVT_0003390,0
EVT_0003391,0
EVT_0003392,0
EVT_0003393,0
EVT_0003394,0
EVT_0003395,0
EVT_0003396,0
EVT_0003397,0
EVT_0003398,0
EVT_0003399,0
EVT_0003400,0
EVT_0003401,0
EVT_0003402,0
EVT_0003403,0
EVT_0003404,0
EVT_0003405,0
EVT_0003406,0
EVT_0003407,0
EVT_0003408,0
EVT_0003409,0
EVT_0003410,0
EVT_0003411,0
EVT_0003412,0
EVT_0003413,0
EVT_0003414,0
EVT_0003415,0
EVT_0003416,0
EVT_0003417,0
EVT_0003418,0
EVT_0003419,0
EVT_0003420,0
EVT_0003421,0
EVT_0003422,0
EVT_0003423,0
EVT_0003424,0
EVT_0003425,0
EVT_0003426,0
EVT_0003427,0
EVT_0003428,0
EVT_0003429,0
EVT_0003430,0
EVT_0003431,0
EVT_0003432,0
EVT_0003433,0
EVT_0003434,0
EVT_0003435,0
EVT_0003436,0
EVT_0003437,0
EVT_0003438,0
EVT_0003439,0
EVT_0003440,0
EVT_0003441,0
EVT_0003442,0
EVT_0003443,0
EVT_0003444,0
EVT_0003445,0
EVT_0003446,0
EVT_0003447,0
EVT_0003448,0
EVT_0003449,0
EVT_0003450,0
EVT_0003451,0
EVT_0003452,0
EVT_0003453,0
EVT_0003454,0
EVT_0003455,0
EVT_0003456,0
EVT_0003457,0
EVT_0003458,0
EVT_0003459,0
EVT_0003460,0
EVT_0003461,0
EVT_0003462,0
EVT_0003463,0
EVT_0003464,0
EVT_0003465,0
EVT_0003466,0
EVT_0003467,0
EVT_0003468,0
EVT_0003469,0
EVT_0003470,0
EVT_0003471,0
EVT_0003472,0
EVT_0003473,0
EVT_0003474,0
EVT_0003475,0
EVT_0003476,0
EVT_0003477,0
EVT_0003478,0
EVT_0003479,0
EVT_0003480,0
EVT_0003481,0
EVT_0003482,0
EVT_0003483,0
EVT_0003484,0
EVT_0003485,0
EVT_0003486,0
EVT_0003487,0
EVT_0003488,0
EVT_0003489,0
EVT_0003490,0
EVT_0003491,0
EVT_0003492,0
EVT_0003493,0
EVT_0003494,0
EVT_0003495,0
EVT_0003496,0
EVT_0003497,0
EVT_0003498,0
EVT_0003499,0
EVT_0003500,0
EVT_0003501,0
EVT_0003502,0
EVT_0003503,0
EVT_0003504,0
EVT_0003505,0
EVT_0003506,0
EVT_0003507,0
EVT_0003508,0
EVT_0003509,0
EVT_0003510,0
EVT_0003511,0
EVT_0003512,0
EVT_0003513,0
EVT_0003514,0
EVT_0003515,0
EVT_0003516,0
EVT_0003517,0
EVT_0003518,0
EVT_0003519,0
EVT_0003520,0
EVT_0003521,0
EVT_0003522,0
EVT_0003523,0
EVT_0003524,0
EVT_0003525,0
EVT_0003526,0
EVT_0003527,0
EVT_0003528,0
EVT_0003529,0
EVT_0003530,0
EVT_0003531,0
EVT_0003532,0
EVT_0003533,0
EVT_0003534,0
EVT_0003535,0
EVT_0003536,0
EVT_0003537,0
EVT_0003538,0
EVT_0003539,0
EVT_0003540,0
EVT_0003541,0
EVT_0003542,0
EVT_0003543,0
EVT_0003544,0
EVT_0003545,0
EVT_0003546,0
EVT_0003547,0
EVT_0003548,0
EVT_0003549,0
EVT_0003550,0
EVT_0003551,0
EVT_0003552,0
EVT_0003553,0
EVT_0003554,0
EVT_0003555,0
EVT_0003556,0
EVT_0003557,0
EVT_0003558,0
EVT_0003559,0
EVT_0003560,0
EVT_0003561,0
EVT_0003562,0
EVT_0003563,0
EVT_0003564,0
EVT_0003565,0
EVT_0003566,0
EVT_0003567,0
EVT_0003568,0
EVT_0003569,0
EVT_0003570,0
EVT_0003571,0
EVT_0003572,0
EVT_0003573,0
EVT_0003574,0
EVT_0003575,0
EVT_0003576,0
EVT_0003577,0
EVT_0003578,0
EVT_0003579,0
EVT_0003580,0
EVT_0003581,0
EVT_0003582,0
EVT_0003583,0
EVT_0003584,0
EVT_0003585,0
EVT_0003586,0
EVT_0003587,0
EVT_0003588,0
EVT_0003589,0
EVT_0003590,0
EVT_0003591,0
EVT_0003592,0
EVT_0003593,0
EVT_0003594,0
EVT_0003595,0
EVT_0003596,0
EVT_0003597,0
EVT_0003598,0
EVT_0003599,0
EVT_0003600,0
EVT_0003601,0
EVT_0003602,0
EVT_0003603,0
EVT_0003604,0
EVT_0003605,0
EVT_0003606,0
EVT_0003607,0
EVT_0003608,0
EVT_0003609,0
EVT_0003610,0
EVT_0003611,0
EVT_0003612,0
EVT_0003613,0
EVT_0003614,0
EVT_0003615,0
EVT_0003616,0
EVT_0003617,0
EVT_0003618,0
EVT_0003619,0
EVT_0003620,0
EVT_0003621,0
EVT_0003622,0
EVT_0003623,0
EVT_0003624,0
EVT_0003625,0
EVT_0003626,0
EVT_0003627,0
EVT_0003628,0
EVT_0003629,0
EVT_0003630,0
EVT_0003631,0
EVT_0003632,0
EVT_0003633,0
EVT_0003634,0
EVT_0003635,0
EVT_0003636,0
EVT_0003637,0
EVT_0003638,0
EVT_0003639,0
EVT_0003640,0
EVT_0003641,0
EVT_0003642,0
EVT_0003643,0
EVT_0003644,0
EVT_0003645,0
EVT_0003646,0
EVT_0003647,0
EVT_0003648,0
EVT_0003649,0
EVT_0003650,0
EVT_0003651,0
EVT_0003652,0
EVT_0003653,0
EVT_0003654,0
EVT_0003655,0
EVT_0003656,0
EVT_0003657,0
EVT_0003658,0
EVT_0003659,0
EVT_0003660,0
EVT_0003661,0
EVT_0003662,0
EVT_0003663,0
EVT_0003664,0
EVT_0003665,0
EVT_0003666,0
EVT_0003667,0
EVT_0003668,0
EVT_0003669,0
EVT_0003670,0
EVT_0003671,0
EVT_0003672,0
EVT_0003673,0
EVT_0003674,0
EVT_0003675,0
EVT_0003676,0
EVT_0003677,0
EVT_0003678,0
EVT_0003679,0
EVT_0003680,0
EVT_0003681,0
EVT_0003682,0
EVT_0003683,0
EVT_0003684,0
EVT_0003685,0
EVT_0003686,0
EVT_0003687,0
EVT_0003688,0
EVT_0003689,0
EVT_0003690,0
EVT_0003691,0
EVT_0003692,0
EVT_0003693,0
EVT_0003694,0
EVT_0003695,0
EVT_0003696,0
EVT_0003697,0
EVT_0003698,0
EVT_0003699,0
EVT_0003700,0
EVT_0003701,0
EVT_0003702,0
EVT_0003703,0
EVT_0003704,0
EVT_0003705,0
EVT_0003706,0
EVT_0003707,0
EVT_0003708,0
EVT_0003709,0
EVT_0003710,0
EVT_0003711,0
EVT_0003712,0
EVT_0003713,0
EVT_0003714,0
EVT_0003715,0
EVT_0003716,0
EVT_0003717,0
EVT_0003718,0
EVT_0003719,0
EVT_0003720,0
EVT_0003721,0
EVT_0003722,0
EVT_0003723,0
EVT_0003724,0
EVT_0003725,0
EVT_0003726,0
EVT_0003727,0
EVT_0003728,0
EVT_0003729,0
EVT_0003730,0
EVT_0003731,0
EVT_0003732,0
EVT_0003733,0
EVT_0003734,0
EVT_0003735,0
EVT_0003736,0
EVT_0003737,0
EVT_0003738,0
EVT_0003739,0
EVT_0003740,0
EVT_0003741,0
EVT_0003742,0
EVT_0003743,0
EVT_0003744,0
EVT_0003745,0
EVT_0003746,0
EVT_0003747,0
EVT_0003748,0
EVT_0003749,0
EVT_0003750,0
EVT_0003751,0
EVT_0003752,0
EVT_0003753,0
EVT_0003754,0
EVT_0003755,0
EVT_0003756,0
EVT_0003757,1
EVT_0003758,1
EVT_0003759,1
EVT_0003760,1
EVT_0003761,1
EVT_0003762,1
EVT_0003763,1
EVT_0003764,1
EVT_0003765,1
EVT_0003766,1
EVT_0003767,1
EVT_0003768,1
EVT_0003769,1
EVT_0003770,1
EVT_0003771,0
EVT_0003772,0
EVT_0003773,0
EVT_0003774,0
EVT_0003775,0
EVT_0003776,0
EVT_0003777,0
EVT_0003778,0
EVT_0003779,0
EVT_0003780,0
EVT_0003781,0
EVT_0003782,0
EVT_0003783,0
EVT_0003784,0
EVT_0003785,0
EVT_0003786,0
EVT_0003787,0
EVT_0003788,0
EVT_0003789,0
EVT_0003790,0
EVT_0003791,0
EVT_0003792,0
EVT_0003793,0
EVT_0003794,0
EVT_0003795,0
EVT_0003796,0
EVT_0003797,0
EVT_0003798,0
EVT_0003799,0
EVT_0003800,0
EVT_0003801,0
EVT_0003802,0
EVT_0003803,0
EVT_0003804,0
EVT_0003805,0
EVT_0003806,0
EVT_0003807,0
EVT_0003808,0
EVT_0003809,0
EVT_0003810,0
EVT_0003811,0
EVT_0003812,0
EVT_0003813,0
EVT_0003814,0
EVT_0003815,0
EVT_0003816,0
EVT_0003817,0
EVT_0003818,0
EVT_0003819,0
EVT_0003820,0
EVT_0003821,0
EVT_0003822,0
EVT_0003823,0
EVT_0003824,0
EVT_0003825,0
EVT_0003826,0
EVT_0003827,0
EVT_0003828,0
EVT_0003829,0
EVT_0003830,0
EVT_0003831,0
EVT_0003832,0
EVT_0003833,0
EVT_0003834,0
EVT_0003835,0
EVT_0003836,0
EVT_0003837,0
EVT_0003838,0
EVT_0003839,0
EVT_0003840,0
EVT_0003841,0
EVT_0003842,0
EVT_0003843,0
EVT_0003844,0
EVT_0003845,0
EVT_0003846,0
EVT_0003847,0
EVT_0003848,0
EVT_0003849,0
EVT_0003850,0
EVT_0003851,0
EVT_0003852,0
EVT_0003853,0
EVT_0003854,0
EVT_0003855,0
EVT_0003856,0
EVT_0003857,0
EVT_0003858,0
EVT_0003859,0
EVT_0003860,0
EVT_0003861,0
EVT_0003862,0
EVT_0003863,0
EVT_0003864,0
EVT_0003865,0
EVT_0003866,0
EVT_0003867,0
EVT_0003868,0
EVT_0003869,0
EVT_0003870,0
EVT_0003871,0
EVT_0003872,0
EVT_0003873,0
EVT_0003874,0
EVT_0003875,0
EVT_0003876,0
EVT_0003877,0
EVT_0003878,0
EVT_0003879,0
EVT_0003880,0
EVT_0003881,0
EVT_0003882,0
EVT_0003883,0
EVT_0003884,0
EVT_0003885,0
EVT_0003886,0
EVT_0003887,0
EVT_0003888,0
EVT_0003889,0
EVT_0003890,0
EVT_0003891,0
EVT_0003892,0
EVT_0003893,0
EVT_0003894,0
EVT_0003895,0
EVT_0003896,0
EVT_0003897,0
EVT_0003898,0
EVT_0003899,0
EVT_0003900,0
EVT_0003901,0
EVT_0003902,0
EVT_0003903,0
EVT_0003904,0
EVT_0003905,0
EVT_0003906,0
EVT_0003907,0
EVT_0003908,0
EVT_0003909,0
EVT_0003910,0
EVT_0003911,0
EVT_0003912,0
EVT_0003913,0
EVT_0003914,0
EVT_0003915,0
EVT_0003916,0
EVT_0003917,0
EVT_0003918,0
EVT_0003919,0
EVT_0003920,0
EVT_0003921,0
EVT_0003922,0
EVT_0003923,0
EVT_0003924,0
EVT_0003925,0
EVT_0003926,0
EVT_0003927,0
EVT_0003928,0
EVT_0003929,0
EVT_0003930,0
EVT_0003931,0
EVT_0003932,0
EVT_0003933,0
EVT_0003934,0
EVT_0003935,0
EVT_0003936,0
EVT_0003937,0
EVT_0003938,0
EVT_0003939,0
EVT_0003940,0
EVT_0003941,0
EVT_0003942,0
EVT_0003943,0
EVT_0003944,0
EVT_0003945,0
EVT_0003946,0
EVT_0003947,0
EVT_0003948,0
EVT_0003949,0
EVT_0003950,0
EVT_0003951,0
EVT_0003952,0
EVT_0003953,0
EVT_0003954,0
EVT_0003955,0
EVT_0003956,0
EVT_0003957,0
EVT_0003958,0
EVT_0003959,0
EVT_0003960,0
EVT_0003961,0
EVT_0003962,0
EVT_0003963,0
EVT_0003964,0
EVT_0003965,0
EVT_0003966,0
EVT_0003967,0
EVT_0003968,0
EVT_0003969,0
EVT_0003970,0
EVT_0003971,0
EVT_0003972,0
EVT_0003973,0
EVT_0003974,0
EVT_0003975,0
EVT_0003976,0
EVT_0003977,0
EVT_0003978,0
EVT_0003979,0
EVT_0003980,0
EVT_0003981,0
EVT_0003982,0
EVT_0003983,0
EVT_0003984,0
EVT_0003985,0
EVT_0003986,0
EVT_0003987,0
EVT_0003988,0
EVT_0003989,0
EVT_0003990,0
EVT_0003991,0
EVT_0003992,0
EVT_0003993,0
EVT_0003994,0
EVT_0003995,0
EVT_0003996,0
EVT_0003997,0
EVT_0003998,0
EVT_0003999,0
EVT_0004000,0
EVT_0004001,0
EVT_0004002,0
EVT_0004003,0
EVT_0004004,0
EVT_0004005,0
EVT_0004006,0
EVT_0004007,0
EVT_0004008,0
EVT_0004009,0
EVT_0004010,0
EVT_0004011,0
EVT_0004012,0
EVT_0004013,0
EVT_0004014,0
EVT_0004015,0
EVT_0004016,0
EVT_0004017,0
EVT_0004018,0
EVT_0004019,0
EVT_0004020,0
EVT_0004021,0
EVT_0004022,0
EVT_0004023,0
EVT_0004024,0
EVT_0004025,0
EVT_0004026,0
EVT_0004027,0
EVT_0004028,0
EVT_0004029,0
EVT_0004030,0
EVT_0004031,0
EVT_0004032,0
EVT_0004033,0
EVT_0004034,0
EVT_0004035,0
EVT_0004036,0
EVT_0004037,0
EVT_0004038,0
EVT_0004039,0
EVT_0004040,0
EVT_0004041,0
EVT_0004042,0
EVT_0004043,0
EVT_0004044,0
EVT_0004045,0
EVT_0004046,0
EVT_0004047,0
EVT_0004048,0
EVT_0004049,0
EVT_0004050,0
EVT_0004051,0
EVT_0004052,0
EVT_0004053,0
EVT_0004054,0
EVT_0004055,0
EVT_0004056,0
EVT_0004057,0
EVT_0004058,0
EVT_0004059,0
EVT_0004060,0
EVT_0004061,0
EVT_0004062,0
EVT_0004063,0
EVT_0004064,0
EVT_0004065,0
EVT_0004066,0
EVT_0004067,0
EVT_0004068,0
EVT_0004069,0
EVT_0004070,0
EVT_0004071,0
EVT_0004072,0
EVT_0004073,0
EVT_0004074,0
EVT_0004075,0
EVT_0004076,0
EVT_0004077,0
EVT_0004078,0
EVT_0004079,0
EVT_0004080,0
EVT_0004081,0
EVT_0004082,0
EVT_0004083,0
EVT_0004084,0
EVT_0004085,0
EVT_0004086,0
EVT_0004087,0
EVT_0004088,0
EVT_0004089,0
EVT_0004090,0
EVT_0004091,0
EVT_0004092,0
EVT_0004093,0
EVT_0004094,0
EVT_0004095,0
EVT_0004096,0
EVT_0004097,0
EVT_0004098,0
EVT_0004099,0
EVT_0004100,0
EVT_0004101,0
EVT_0004102,0
EVT_0004103,0
EVT_0004104,0
EVT_0004105,0
EVT_0004106,0
EVT_0004107,0
EVT_0004108,0
EVT_0004109,0
EVT_0004110,0
EVT_0004111,0
EVT_0004112,0
EVT_0004113,0
EVT_0004114,0
EVT_0004115,0
EVT_0004116,0
EVT_0004117,0
EVT_0004118,0
EVT_0004119,0
EVT_0004120,0
EVT_0004121,0
EVT_0004122,0
EVT_0004123,0
EVT_0004124,0
EVT_0004125,0
EVT_0004126,0
EVT_0004127,0
EVT_0004128,0
EVT_0004129,0
EVT_0004130,0
EVT_0004131,0
EVT_0004132,0
EVT_0004133,0
EVT_0004134,0
EVT_0004135,0
EVT_0004136,0
EVT_0004137,0
EVT_0004138,0
EVT_0004139,0
EVT_0004140,0
EVT_0004141,0
EVT_0004142,0
EVT_0004143,0
EVT_0004144,0
EVT_0004145,0
EVT_0004146,0
EVT_0004147,0
EVT_0004148,0
EVT_0004149,0
EVT_0004150,0
EVT_0004151,0
EVT_0004152,0
EVT_0004153,0
EVT_0004154,0
EVT_0004155,0
EVT_0004156,0
EVT_0004157,0
EVT_0004158,0
EVT_0004159,0
EVT_0004160,0
EVT_0004161,0
EVT_0004162,0
EVT_0004163,0
EVT_0004164,0
EVT_0004165,0
EVT_0004166,0
EVT_0004167,0
EVT_0004168,0
EVT_0004169,0
EVT_0004170,0
EVT_0004171,0
EVT_0004172,0
EVT_0004173,0
EVT_0004174,0
EVT_0004175,0
EVT_0004176,0
EVT_0004177,0
EVT_0004178,0
EVT_0004179,0
EVT_0004180,0
EVT_0004181,0
EVT_0004182,0
EVT_0004183,0
EVT_0004184,0
EVT_0004185,0
EVT_0004186,0
EVT_0004187,0
EVT_0004188,0
EVT_0004189,0
EVT_0004190,0
EVT_0004191,0
EVT_0004192,0
EVT_0004193,0
EVT_0004194,0
EVT_0004195,0
EVT_0004196,0
EVT_0004197,0
EVT_0004198,0
EVT_0004199,0
EVT_0004200,0
EVT_0004201,0
EVT_0004202,0
EVT_0004203,0
EVT_0004204,0
EVT_0004205,0
EVT_0004206,0
EVT_0004207,0
EVT_0004208,0
EVT_0004209,0
EVT_0004210,0
EVT_0004211,0
EVT_0004212,0
EVT_0004213,0
EVT_0004214,0
EVT_0004215,0
EVT_0004216,0
EVT_0004217,0
EVT_0004218,0
EVT_0004219,0
EVT_0004220,0
EVT_0004221,0
EVT_0004222,0
EVT_0004223,0
EVT_0004224,0
EVT_0004225,0
EVT_0004226,0
EVT_0004227,0
EVT_0004228,0
EVT_0004229,0
EVT_0004230,0
EVT_0004231,0
EVT_0004232,0
EVT_0004233,0
EVT_0004234,0
EVT_0004235,0
EVT_0004236,0
EVT_0004237,0
EVT_0004238,0
EVT_0004239,0
EVT_0004240,0
EVT_0004241,0
EVT_0004242,0
EVT_0004243,0
EVT_0004244,0
EVT_0004245,0
EVT_0004246,0
EVT_0004247,0
EVT_0004248,0
EVT_0004249,0
EVT_0004250,0
EVT_0004251,0
EVT_0004252,0
EVT_0004253,0
EVT_0004254,0
EVT_0004255,0
EVT_0004256,0
EVT_0004257,0
EVT_0004258,0
EVT_0004259,0
EVT_0004260,0
EVT_0004261,0
EVT_0004262,0
EVT_0004263,0
EVT_0004264,0
EVT_0004265,0
EVT_0004266,0
EVT_0004267,0
EVT_0004268,0
EVT_0004269,0
EVT_0004270,0
EVT_0004271,0
EVT_0004272,0
EVT_0004273,0
EVT_0004274,0
EVT_0004275,0
EVT_0004276,0
EVT_0004277,0
EVT_0004278,0
EVT_0004279,0
EVT_0004280,0
EVT_0004281,0
EVT_0004282,0
EVT_0004283,0
EVT_0004284,0
EVT_0004285,0
EVT_0004286,0
EVT_0004287,0
EVT_0004288,0
EVT_0004289,0
EVT_0004290,0
EVT_0004291,0
EVT_0004292,0
EVT_0004293,0
EVT_0004294,0
EVT_0004295,0
EVT_0004296,0
EVT_0004297,0
EVT_0004298,0
EVT_0004299,0
EVT_0004300,0
EVT_0004301,0
EVT_0004302,0
EVT_0004303,0
EVT_0004304,0
EVT_0004305,0
EVT_0004306,0
EVT_0004307,0
EVT_0004308,0
EVT_0004309,0
EVT_0004310,0
EVT_0004311,0
EVT_0004312,0
EVT_0004313,0
EVT_0004314,0
EVT_0004315,0
EVT_0004316,0
EVT_0004317,0
EVT_0004318,0
EVT_0004319,0
EVT_0004320,0
EVT_0004321,0
EVT_0004322,0
EVT_0004323,0
EVT_0004324,0
EVT_0004325,0
EVT_0004326,0
EVT_0004327,0
EVT_0004328,0
EVT_0004329,0
EVT_0004330,0
EVT_0004331,0
EVT_0004332,0
EVT_0004333,0
EVT_0004334,0
EVT_0004335,0
EVT_0004336,0
EVT_0004337,0
EVT_0004338,0
EVT_0004339,0
EVT_0004340,0
EVT_0004341,0
EVT_0004342,0
EVT_0004343,0
EVT_0004344,0
EVT_0004345,0
EVT_0004346,0
EVT_0004347,0
EVT_0004348,0
EVT_0004349,0
EVT_0004350,0
EVT_0004351,0
EVT_0004352,0
EVT_0004353,0
EVT_0004354,0
EVT_0004355,0
EVT_0004356,0
EVT_0004357,0
EVT_0004358,0
EVT_0004359,0
EVT_0004360,0
EVT_0004361,0
EVT_0004362,0
EVT_0004363,0
EVT_0004364,0
EVT_0004365,0
EVT_0004366,0
EVT_0004367,0
EVT_0004368,0
EVT_0004369,0
EVT_0004370,0
EVT_0004371,0
EVT_0004372,0
EVT_0004373,0
EVT_0004374,0
EVT_0004375,0
EVT_0004376,0
EVT_0004377,0
EVT_0004378,0
EVT_0004379,0
EVT_0004380,0
EVT_0004381,0
EVT_0004382,0
EVT_0004383,0
EVT_0004384,0
EVT_0004385,0
EVT_0004386,0
EVT_0004387,0
EVT_0004388,0
EVT_0004389,0
EVT_0004390,0
EVT_0004391,0
EVT_0004392,0
EVT_0004393,0
EVT_0004394,0
EVT_0004395,0
EVT_0004396,0
EVT_0004397,0
EVT_0004398,0
EVT_0004399,0
EVT_0004400,0
EVT_0004401,0
EVT_0004402,0
EVT_0004403,0
EVT_0004404,0
EVT_0004405,0
EVT_0004406,0
EVT_0004407,0
EVT_0004408,0
EVT_0004409,0
EVT_0004410,0
EVT_0004411,0
EVT_0004412,0
EVT_0004413,0
EVT_0004414,0
EVT_0004415,0
EVT_0004416,0
EVT_0004417,0
EVT_0004418,0
EVT_0004419,0
EVT_0004420,0
EVT_0004421,0
EVT_0004422,0
EVT_0004423,0
EVT_0004424,0
EVT_0004425,0
EVT_0004426,0
EVT_0004427,0
EVT_0004428,0
EVT_0004429,0
EVT_0004430,0
EVT_0004431,0
EVT_0004432,0
EVT_0004433,0
EVT_0004434,0
EVT_0004435,0
EVT_0004436,0
EVT_0004437,0
EVT_0004438,0
EVT_0004439,0
EVT_0004440,0
EVT_0004441,0
EVT_0004442,0
EVT_0004443,0
EVT_0004444,0
EVT_0004445,0
EVT_0004446,0
EVT_0004447,0
EVT_0004448,0
EVT_0004449,0
EVT_0004450,0
EVT_0004451,0
EVT_0004452,0
EVT_0004453,0
EVT_0004454,0
EVT_0004455,0
EVT_0004456,0
EVT_0004457,0
EVT_0004458,0
EVT_0004459,0
EVT_0004460,0
EVT_0004461,0
EVT_0004462,0
EVT_0004463,0
EVT_0004464,0
EVT_0004465,0
EVT_0004466,0
EVT_0004467,0
EVT_0004468,0
EVT_0004469,0
EVT_0004470,0
EVT_0004471,0
EVT_0004472,0
EVT_0004473,0
EVT_0004474,0
EVT_0004475,0
EVT_0004476,0
EVT_0004477,0
EVT_0004478,0
EVT_0004479,0
EVT_0004480,0
EVT_0004481,0
EVT_0004482,0
EVT_0004483,0
EVT_0004484,0
EVT_0004485,0
EVT_0004486,0
EVT_0004487,0
EVT_0004488,0
EVT_0004489,0
EVT_0004490,0
EVT_0004491,0
EVT_0004492,0
EVT_0004493,0
EVT_0004494,0
EVT_0004495,0
EVT_0004496,0
EVT_0004497,0
EVT_0004498,0
EVT_0004499,0
EVT_0004500,0
EVT_0004501,0
EVT_0004502,0
EVT_0004503,0
EVT_0004504,0
EVT_0004505,0
EVT_0004506,0
EVT_0004507,0
EVT_0004508,0
EVT_0004509,0
EVT_0004510,0
EVT_0004511,0
EVT_0004512,0
EVT_0004513,0
EVT_0004514,0
EVT_0004515,0
EVT_0004516,0
EVT_0004517,0
EVT_0004518,0
EVT_0004519,0
EVT_0004520,0
EVT_0004521,0
EVT_0004522,0
EVT_0004523,0
EVT_0004524,0
EVT_0004525,0
EVT_0004526,0
EVT_0004527,0
EVT_0004528,0
EVT_0004529,0
EVT_0004530,0
EVT_0004531,0
EVT_0004532,0
EVT_0004533,0
EVT_0004534,0
EVT_0004535,0
EVT_0004536,0
EVT_0004537,0
EVT_0004538,0
EVT_0004539,0
EVT_0004540,0
EVT_0004541,0
EVT_0004542,0
EVT_0004543,0
EVT_0004544,0
EVT_0004545,0
EVT_0004546,0
EVT_0004547,0
EVT_0004548,0
EVT_0004549,0
EVT_0004550,0
EVT_0004551,0
EVT_0004552,0
EVT_0004553,0
EVT_0004554,0
EVT_0004555,0
EVT_0004556,0
EVT_0004557,0
EVT_0004558,0
EVT_0004559,0
EVT_0004560,0
EVT_0004561,0
EVT_0004562,0
EVT_0004563,0
EVT_0004564,0
EVT_0004565,0
EVT_0004566,0
EVT_0004567,0
EVT_0004568,0
EVT_0004569,0
EVT_0004570,0
EVT_0004571,0
EVT_0004572,0
EVT_0004573,0
EVT_0004574,0
EVT_0004575,0
EVT_0004576,0
EVT_0004577,0
EVT_0004578,0
EVT_0004579,0
EVT_0004580,0
EVT_0004581,0
EVT_0004582,0
EVT_0004583,0
EVT_0004584,0
EVT_0004585,0
EVT_0004586,0
EVT_0004587,0
EVT_0004588,0
EVT_0004589,0
EVT_0004590,0
EVT_0004591,0
EVT_0004592,0
EVT_0004593,0
EVT_0004594,0
EVT_0004595,0
EVT_0004596,0
EVT_0004597,0
EVT_0004598,0
EVT_0004599,0
EVT_0004600,0
EVT_0004601,0
EVT_0004602,0
EVT_0004603,0
EVT_0004604,0
EVT_0004605,0
EVT_0004606,0
EVT_0004607,0
EVT_0004608,0
EVT_0004609,0
EVT_0004610,0
EVT_0004611,0
EVT_0004612,0
EVT_0004613,0
EVT_0004614,0
EVT_0004615,0
EVT_0004616,0
EVT_0004617,0
EVT_0004618,0
EVT_0004619,0
EVT_0004620,0
EVT_0004621,0
EVT_0004622,0
EVT_0004623,0
EVT_0004624,0
EVT_0004625,0
EVT_0004626,0
EVT_0004627,0
EVT_0004628,0
EVT_0004629,0
EVT_0004630,0
EVT_0004631,0
EVT_0004632,0
EVT_0004633,0
EVT_0004634,0
EVT_0004635,0
EVT_0004636,0
EVT_0004637,0
EVT_0004638,0
EVT_0004639,0
EVT_0004640,0
EVT_0004641,0
EVT_0004642,0
EVT_0004643,0
EVT_0004644,0
EVT_0004645,0
EVT_0004646,0
EVT_0004647,0
EVT_0004648,0
EVT_0004649,0
EVT_0004650,0
EVT_0004651,0
EVT_0004652,0
EVT_0004653,0
EVT_0004654,0
EVT_0004655,0
EVT_0004656,0
EVT_0004657,0
EVT_0004658,0
EVT_0004659,0
EVT_0004660,0
EVT_0004661,0
EVT_0004662,0
EVT_0004663,0
EVT_0004664,0
EVT_0004665,0
EVT_0004666,0
EVT_0004667,0
EVT_0004668,0
EVT_0004669,0
EVT_0004670,0
EVT_0004671,0
EVT_0004672,0
EVT_0004673,0
EVT_0004674,0
EVT_0004675,0
EVT_0004676,0
EVT_0004677,0
EVT_0004678,0
EVT_0004679,0
EVT_0004680,0
EVT_0004681,0
EVT_0004682,0
EVT_0004683,0
EVT_0004684,0
EVT_0004685,0
EVT_0004686,0
EVT_0004687,0
EVT_0004688,0
EVT_0004689,0
EVT_0004690,0
EVT_0004691,0
EVT_0004692,0
EVT_0004693,0
EVT_0004694,0
EVT_0004695,0
EVT_0004696,0
EVT_0004697,0
EVT_0004698,0
EVT_0004699,0
EVT_0004700,0
EVT_0004701,0
EVT_0004702,0
EVT_0004703,0
EVT_0004704,0
EVT_0004705,0
EVT_0004706,0
EVT_0004707,0
EVT_0004708,0
EVT_0004709,0
EVT_0004710,0
EVT_0004711,0
EVT_0004712,0
EVT_0004713,0
EVT_0004714,0
EVT_0004715,0
EVT_0004716,0
EVT_0004717,0
EVT_0004718,0
EVT_0004719,0
EVT_0004720,0
EVT_0004721,0
EVT_0004722,0
EVT_0004723,0
EVT_0004724,0
EVT_0004725,0
EVT_0004726,0
EVT_0004727,0
EVT_0004728,0
EVT_0004729,0
EVT_0004730,0
EVT_0004731,0
EVT_0004732,0
EVT_0004733,0
EVT_0004734,0
EVT_0004735,0
EVT_0004736,0
EVT_0004737,0
EVT_0004738,0
EVT_0004739,0
EVT_0004740,0
EVT_0004741,0
EVT_0004742,0
EVT_0004743,0
EVT_0004744,0
EVT_0004745,0
EVT_0004746,0
EVT_0004747,0
EVT_0004748,0
EVT_0004749,0
EVT_0004750,0
EVT_0004751,0
EVT_0004752,0
EVT_0004753,0
EVT_0004754,0
EVT_0004755,0
EVT_0004756,0
EVT_0004757,0
EVT_0004758,0
EVT_0004759,0
EVT_0004760,0
EVT_0004761,0
EVT_0004762,0
EVT_0004763,0
EVT_0004764,0
EVT_0004765,0
EVT_0004766,0
EVT_0004767,0
EVT_0004768,0
EVT_0004769,0
EVT_0004770,0
EVT_0004771,0
EVT_0004772,0
EVT_0004773,0
EVT_0004774,0
EVT_0004775,0
EVT_0004776,0
EVT_0004777,0
EVT_0004778,0
EVT_0004779,0
EVT_0004780,0
EVT_0004781,0
EVT_0004782,0
EVT_0004783,0
EVT_0004784,0
EVT_0004785,0
EVT_0004786,0
EVT_0004787,0
EVT_0004788,0
EVT_0004789,0
EVT_0004790,0
EVT_0004791,0
EVT_0004792,0
EVT_0004793,0
EVT_0004794,0
EVT_0004795,0
EVT_0004796,0
EVT_0004797,0
EVT_0004798,0
EVT_0004799,0
EVT_0004800,0
EVT_0004801,0
EVT_0004802,0
EVT_0004803,0
EVT_0004804,0
EVT_0004805,0
EVT_0004806,0
EVT_0004807,0
EVT_0004808,0
EVT_0004809,0
EVT_0004810,0
EVT_0004811,0
EVT_0004812,0
EVT_0004813,0
EVT_0004814,0
EVT_0004815,0
EVT_0004816,0
EVT_0004817,0
EVT_0004818,0
EVT_0004819,0
EVT_0004820,0
EVT_0004821,0
EVT_0004822,0
EVT_0004823,0
EVT_0004824,0
EVT_0004825,0
EVT_0004826,0
EVT_0004827,0
EVT_0004828,0
EVT_0004829,0
EVT_0004830,0
EVT_0004831,0
EVT_0004832,0
EVT_0004833,0
EVT_0004834,0
EVT_0004835,0
EVT_0004836,0
EVT_0004837,0
EVT_0004838,0
EVT_0004839,0
EVT_0004840,0
EVT_0004841,0
EVT_0004842,0
EVT_0004843,0
EVT_0004844,0
EVT_0004845,0
EVT_0004846,0
EVT_0004847,0
EVT_0004848,0
EVT_0004849,0
EVT_0004850,0
EVT_0004851,0
EVT_0004852,0
EVT_0004853,0
EVT_0004854,0
EVT_0004855,0
EVT_0004856,0
EVT_0004857,0
EVT_0004858,0
EVT_0004859,0
EVT_0004860,0
EVT_0004861,0
EVT_0004862,0
EVT_0004863,0
EVT_0004864,0
EVT_0004865,0
EVT_0004866,0
EVT_0004867,0
EVT_0004868,0
EVT_0004869,0
EVT_0004870,0
EVT_0004871,0
EVT_0004872,0
EVT_0004873,0
EVT_0004874,0
EVT_0004875,0
EVT_0004876,0
EVT_0004877,0
EVT_0004878,0
EVT_0004879,0
EVT_0004880,0
EVT_0004881,0
EVT_0004882,0
EVT_0004883,0
EVT_0004884,0
EVT_0004885,0
EVT_0004886,0
EVT_0004887,0
EVT_0004888,0
EVT_0004889,0
EVT_0004890,0
EVT_0004891,0
EVT_0004892,0
EVT_0004893,0
EVT_0004894,0
EVT_0004895,0
EVT_0004896,0
EVT_0004897,0
EVT_0004898,0
EVT_0004899,0
EVT_0004900,0
EVT_0004901,0
EVT_0004902,0
EVT_0004903,0
EVT_0004904,0
EVT_0004905,0
EVT_0004906,0
EVT_0004907,0
EVT_0004908,0
EVT_0004909,0
EVT_0004910,0
EVT_0004911,0
EVT_0004912,0
EVT_0004913,0
EVT_0004914,0
EVT_0004915,0
EVT_0004916,0
EVT_0004917,0
EVT_0004918,0
EVT_0004919,0
EVT_0004920,0
EVT_0004921,0
EVT_0004922,0
EVT_0004923,0
EVT_0004924,0
EVT_0004925,0
EVT_0004926,0
EVT_0004927,0
EVT_0004928,0
EVT_0004929,0
EVT_0004930,0
EVT_0004931,0
EVT_0004932,0
EVT_0004933,0
EVT_0004934,0
EVT_0004935,0
EVT_0004936,0
EVT_0004937,0
EVT_0004938,0
EVT_0004939,0
EVT_0004940,0
EVT_0004941,0
EVT_0004942,0
EVT_0004943,0
EVT_0004944,0
EVT_0004945,0
EVT_0004946,0
EVT_0004947,0
EVT_0004948,0
EVT_0004949,0
EVT_0004950,0
EVT_0004951,0
EVT_0004952,0
EVT_0004953,0
EVT_0004954,0
EVT_0004955,0
EVT_0004956,0
EVT_0004957,0
EVT_0004958,0
EVT_0004959,0
EVT_0004960,0
EVT_0004961,0
EVT_0004962,0
EVT_0004963,0
EVT_0004964,0
EVT_0004965,0
EVT_0004966,0
EVT_0004967,0
EVT_0004968,0
EVT_0004969,0
EVT_0004970,0
EVT_0004971,0
EVT_0004972,0
EVT_0004973,0
EVT_0004974,0
EVT_0004975,0
EVT_0004976,0
EVT_0004977,0
EVT_0004978,0
EVT_0004979,0
EVT_0004980,0
EVT_0004981,0
EVT_0004982,0
EVT_0004983,0
EVT_0004984,0
EVT_0004985,0
EVT_0004986,0
EVT_0004987,0
EVT_0004988,0
EVT_0004989,0
EVT_0004990,0
EVT_0004991,0
EVT_0004992,0
EVT_0004993,0
EVT_0004994,0
EVT_0004995,0
EVT_0004996,0
EVT_0004997,0
EVT_0004998,0
EVT_0004999,0
EVT_0005000,0
EVT_0005001,0
EVT_0005002,0
EVT_0005003,0
EVT_0005004,0
EVT_0005005,0
EVT_0005006,0
EVT_0005007,0
EVT_0005008,0
EVT_0005009,0
EVT_0005010,0
EVT_0005011,0
EVT_0005012,0
EVT_0005013,0
EVT_0005014,0
EVT_0005015,0
EVT_0005016,0
EVT_0005017,0
EVT_0005018,0
EVT_0005019,0
EVT_0005020,0
EVT_0005021,0
EVT_0005022,0
EVT_0005023,0
EVT_0005024,0
EVT_0005025,0
EVT_0005026,0
EVT_0005027,0
EVT_0005028,0
EVT_0005029,0
EVT_0005030,0
EVT_0005031,0
EVT_0005032,0
EVT_0005033,0
EVT_0005034,0
EVT_0005035,0
EVT_0005036,0
EVT_0005037,0
EVT_0005038,0
EVT_0005039,0
EVT_0005040,0
EVT_0005041,0
EVT_0005042,0
EVT_0005043,0
EVT_0005044,0
EVT_0005045,0
EVT_0005046,0
EVT_0005047,0
EVT_0005048,0
EVT_0005049,0
EVT_0005050,0
EVT_0005051,0
EVT_0005052,0
EVT_0005053,0
EVT_0005054,0
EVT_0005055,0
EVT_0005056,0
EVT_0005057,0
EVT_0005058,0
EVT_0005059,0
EVT_0005060,0
EVT_0005061,1
EVT_0005062,1
EVT_0005063,1
EVT_0005064,1
EVT_0005065,1
EVT_0005066,1
EVT_0005067,1
EVT_0005068,1
EVT_0005069,1
EVT_0005070,1
EVT_0005071,1
EVT_0005072,1
EVT_0005073,1
EVT_0005074,1
EVT_0005075,1
EVT_0005076,1
EVT_0005077,1
EVT_0005078,1
EVT_0005079,1
EVT_0005080,1
EVT_0005081,1
EVT_0005082,1
EVT_0005083,1
EVT_0005084,1
EVT_0005085,1
EVT_0005086,1
EVT_0005087,1
EVT_0005088,1
EVT_0005089,1
EVT_0005090,1
EVT_0005091,1
EVT_0005092,1
EVT_0005093,1
EVT_0005094,1
EVT_0005095,1
EVT_0005096,1
EVT_0005097,1
EVT_0005098,1
EVT_0005099,1
EVT_0005100,1
EVT_0005101,1
EVT_0005102,1
EVT_0005103,1
EVT_0005104,1
EVT_0005105,1
EVT_0005106,1
EVT_0005107,1
EVT_0005108,1
EVT_0005109,1
EVT_0005110,1
EVT_0005111,0
EVT_0005112,0
EVT_0005113,0
EVT_0005114,0
EVT_0005115,0
EVT_0005116,0
EVT_0005117,0
EVT_0005118,0
EVT_0005119,0
EVT_0005120,0
EVT_0005121,0
EVT_0005122,0
EVT_0005123,0
EVT_0005124,0
EVT_0005125,0
EVT_0005126,0
EVT_0005127,0
EVT_0005128,0
EVT_0005129,0
EVT_0005130,0
EVT_0005131,0
EVT_0005132,0
EVT_0005133,0
EVT_0005134,0
EVT_0005135,0
EVT_0005136,0
EVT_0005137,0
EVT_0005138,0
EVT_0005139,0
EVT_0005140,0
EVT_0005141,0
EVT_0005142,0
EVT_0005143,0
EVT_0005144,0
EVT_0005145,0
EVT_0005146,0
EVT_0005147,0
EVT_0005148,0
EVT_0005149,0
EVT_0005150,0
EVT_0005151,0
EVT_0005152,0
EVT_0005153,0
EVT_0005154,0
EVT_0005155,0
EVT_0005156,0
EVT_0005157,0
EVT_0005158,0
EVT_0005159,0
EVT_0005160,0
EVT_0005161,0
EVT_0005162,0
EVT_0005163,0
EVT_0005164,0
EVT_0005165,0
EVT_0005166,0
EVT_0005167,0
EVT_0005168,0
EVT_0005169,0
EVT_0005170,0
EVT_0005171,0
EVT_0005172,0
EVT_0005173,0
EVT_0005174,0
EVT_0005175,0
EVT_0005176,0
EVT_0005177,0
EVT_0005178,0
EVT_0005179,0
EVT_0005180,0
EVT_0005181,0
EVT_0005182,0
EVT_0005183,0
EVT_0005184,0
EVT_0005185,0
EVT_0005186,0
EVT_0005187,0
EVT_0005188,0
EVT_0005189,0
EVT_0005190,0
EVT_0005191,0
EVT_0005192,0
EVT_0005193,0
EVT_0005194,0
EVT_0005195,0
EVT_0005196,0
EVT_0005197,0
EVT_0005198,0
EVT_0005199,0
EVT_0005200,0
EVT_0005201,0
EVT_0005202,0
EVT_0005203,0
EVT_0005204,0
EVT_0005205,0
EVT_0005206,0
EVT_0005207,0
EVT_0005208,0
EVT_0005209,0
EVT_0005210,0
EVT_0005211,0
EVT_0005212,0
EVT_0005213,0
EVT_0005214,0
EVT_0005215,0
EVT_0005216,0
EVT_0005217,0
EVT_0005218,0
EVT_0005219,0
EVT_0005220,0
EVT_0005221,0
EVT_0005222,0
EVT_0005223,0
EVT_0005224,0
EVT_0005225,0
EVT_0005226,0
EVT_0005227,0
EVT_0005228,0
EVT_0005229,0
EVT_0005230,0
EVT_0005231,0
EVT_0005232,0
EVT_0005233,0
EVT_0005234,0
EVT_0005235,0
EVT_0005236,0
EVT_0005237,0
EVT_0005238,0
EVT_0005239,0
EVT_0005240,0
EVT_0005241,0
EVT_0005242,0
EVT_0005243,0
EVT_0005244,0
EVT_0005245,0
EVT_0005246,0
EVT_0005247,0
EVT_0005248,0
EVT_0005249,0
EVT_0005250,0
EVT_0005251,0
EVT_0005252,0
EVT_0005253,0
EVT_0005254,0
EVT_0005255,0
EVT_0005256,0
EVT_0005257,0
EVT_0005258,0
EVT_0005259,0
EVT_0005260,0
EVT_0005261,0
EVT_0005262,0
EVT_0005263,0
EVT_0005264,0
EVT_0005265,0
EVT_0005266,0
EVT_0005267,0
EVT_0005268,0
EVT_0005269,0
EVT_0005270,0
EVT_0005271,0
EVT_0005272,0
EVT_0005273,0
EVT_0005274,0
EVT_0005275,0
EVT_0005276,0
EVT_0005277,0
EVT_0005278,0
EVT_0005279,0
EVT_0005280,0
EVT_0005281,0
EVT_0005282,0
EVT_0005283,0
EVT_0005284,0
EVT_0005285,0
EVT_0005286,0
EVT_0005287,0
EVT_0005288,0
EVT_0005289,0
EVT_0005290,0
EVT_0005291,0
EVT_0005292,0
EVT_0005293,0
EVT_0005294,0
EVT_0005295,0
EVT_0005296,0
EVT_0005297,0
EVT_0005298,0
EVT_0005299,0
EVT_0005300,0
EVT_0005301,0
EVT_0005302,0
EVT_0005303,0
EVT_0005304,0
EVT_0005305,0
EVT_0005306,0
EVT_0005307,0
EVT_0005308,0
EVT_0005309,0
EVT_0005310,0
EVT_0005311,0
EVT_0005312,0
EVT_0005313,0
EVT_0005314,0
EVT_0005315,0
EVT_0005316,0
EVT_0005317,0
EVT_0005318,0
EVT_0005319,0
EVT_0005320,0
EVT_0005321,0
EVT_0005322,0
EVT_0005323,0
EVT_0005324,0
EVT_0005325,0
EVT_0005326,0
EVT_0005327,0
EVT_0005328,0
EVT_0005329,0
EVT_0005330,0
EVT_0005331,0
EVT_0005332,0
EVT_0005333,0
EVT_0005334,0
EVT_0005335,0
EVT_0005336,0
EVT_0005337,0
EVT_0005338,0
EVT_0005339,0
EVT_0005340,0
EVT_0005341,0
EVT_0005342,0
EVT_0005343,0
EVT_0005344,0
EVT_0005345,0
EVT_0005346,0
EVT_0005347,0
EVT_0005348,0
EVT_0005349,0
EVT_0005350,0
EVT_0005351,0
EVT_0005352,0
EVT_0005353,0
EVT_0005354,0
EVT_0005355,0
EVT_0005356,0
EVT_0005357,0
EVT_0005358,0
EVT_0005359,0
EVT_0005360,0
EVT_0005361,0
EVT_0005362,0
EVT_0005363,0
EVT_0005364,0
EVT_0005365,0
EVT_0005366,0
EVT_0005367,0
EVT_0005368,0
EVT_0005369,0
EVT_0005370,0
EVT_0005371,0
EVT_0005372,0
EVT_0005373,0
EVT_0005374,0
EVT_0005375,0
EVT_0005376,0
EVT_0005377,0
EVT_0005378,0
EVT_0005379,0
EVT_0005380,0
EVT_0005381,0
EVT_0005382,0
EVT_0005383,0
EVT_0005384,0
EVT_0005385,0
EVT_0005386,0
EVT_0005387,0
EVT_0005388,0
EVT_0005389,0
EVT_0005390,0
EVT_0005391,0
EVT_0005392,0
EVT_0005393,0
EVT_0005394,0
EVT_0005395,0
EVT_0005396,0
EVT_0005397,0
EVT_0005398,0
EVT_0005399,0
EVT_0005400,0
EVT_0005401,0
EVT_0005402,0
EVT_0005403,0
EVT_0005404,0
EVT_0005405,0
EVT_0005406,0
EVT_0005407,0
EVT_0005408,0
EVT_0005409,0
EVT_0005410,0
EVT_0005411,0
EVT_0005412,0
EVT_0005413,0
EVT_0005414,0
EVT_0005415,0
EVT_0005416,0
EVT_0005417,0
EVT_0005418,0
EVT_0005419,0
EVT_0005420,0
EVT_0005421,0
EVT_0005422,0
EVT_0005423,0
EVT_0005424,0
EVT_0005425,0
EVT_0005426,0
EVT_0005427,0
EVT_0005428,0
EVT_0005429,0
EVT_0005430,0
EVT_0005431,0
EVT_0005432,0
EVT_0005433,0
EVT_0005434,0
EVT_0005435,0
EVT_0005436,0
EVT_0005437,0
EVT_0005438,0
EVT_0005439,0
EVT_0005440,0
EVT_0005441,0
EVT_0005442,0
EVT_0005443,0
EVT_0005444,0
EVT_0005445,0
EVT_0005446,0
EVT_0005447,0
EVT_0005448,0
EVT_0005449,0
EVT_0005450,0
EVT_0005451,0
EVT_0005452,0
EVT_0005453,0
EVT_0005454,0
EVT_0005455,0
EVT_0005456,0
EVT_0005457,0
EVT_0005458,0
EVT_0005459,0
EVT_0005460,0
EVT_0005461,0
EVT_0005462,0
EVT_0005463,0
EVT_0005464,0
EVT_0005465,0
EVT_0005466,0
EVT_0005467,0
EVT_0005468,0
EVT_0005469,0
EVT_0005470,0
EVT_0005471,0
EVT_0005472,0
EVT_0005473,0
EVT_0005474,0
EVT_0005475,0
EVT_0005476,0
EVT_0005477,0
EVT_0005478,0
EVT_0005479,0
EVT_0005480,0
EVT_0005481,0
EVT_0005482,0
EVT_0005483,0
EVT_0005484,0
EVT_0005485,0
EVT_0005486,0
EVT_0005487,0
EVT_0005488,0
EVT_0005489,0
EVT_0005490,0
EVT_0005491,0
EVT_0005492,0
EVT_0005493,0
EVT_0005494,0
EVT_0005495,0
EVT_0005496,0
EVT_0005497,0
EVT_0005498,0
EVT_0005499,0
EVT_0005500,0
EVT_0005501,0
EVT_0005502,0
EVT_0005503,0
EVT_0005504,0
EVT_0005505,0
EVT_0005506,0
EVT_0005507,0
EVT_0005508,0
EVT_0005509,0
EVT_0005510,0
EVT_0005511,0
EVT_0005512,0
EVT_0005513,0
EVT_0005514,0
EVT_0005515,0
EVT_0005516,0
EVT_0005517,0
EVT_0005518,0
EVT_0005519,0
EVT_0005520,0
EVT_0005521,0
EVT_0005522,0
EVT_0005523,0
EVT_0005524,0
EVT_0005525,0
EVT_0005526,0
EVT_0005527,0
EVT_0005528,0
EVT_0005529,0
EVT_0005530,0
EVT_0005531,0
EVT_0005532,0
EVT_0005533,0
EVT_0005534,0
EVT_0005535,0
EVT_0005536,0
EVT_0005537,0
EVT_0005538,0
EVT_0005539,0
EVT_0005540,0
EVT_0005541,0
EVT_0005542,0
EVT_0005543,0
EVT_0005544,0
EVT_0005545,0
EVT_0005546,0
EVT_0005547,0
EVT_0005548,0
EVT_0005549,0
EVT_0005550,0
EVT_0005551,0
EVT_0005552,0
EVT_0005553,0
EVT_0005554,0
EVT_0005555,0
EVT_0005556,0
EVT_0005557,0
EVT_0005558,0
EVT_0005559,0
EVT_0005560,0
EVT_0005561,0
EVT_0005562,0
EVT_0005563,0
EVT_0005564,0
EVT_0005565,0
EVT_0005566,0
EVT_0005567,0
EVT_0005568,0
EVT_0005569,0
EVT_0005570,0
EVT_0005571,0
EVT_0005572,0
EVT_0005573,0
EVT_0005574,0
EVT_0005575,0
EVT_0005576,0
EVT_0005577,0
EVT_0005578,0
EVT_0005579,0
EVT_0005580,0
EVT_0005581,0
EVT_0005582,0
EVT_0005583,0
EVT_0005584,0
EVT_0005585,0
EVT_0005586,0
EVT_0005587,0
EVT_0005588,0
EVT_0005589,0
EVT_0005590,0
EVT_0005591,0
EVT_0005592,0
EVT_0005593,0
EVT_0005594,0
EVT_0005595,0
EVT_0005596,0
EVT_0005597,0
EVT_0005598,0
EVT_0005599,0
EVT_0005600,0
EVT_0005601,0
EVT_0005602,0
EVT_0005603,0
EVT_0005604,0
EVT_0005605,0
EVT_0005606,0
EVT_0005607,0
EVT_0005608,0
EVT_0005609,0
EVT_0005610,0
EVT_0005611,0
EVT_0005612,0
EVT_0005613,0
EVT_0005614,0
EVT_0005615,0
EVT_0005616,0
EVT_0005617,0
EVT_0005618,0
EVT_0005619,0
EVT_0005620,0
EVT_0005621,0
EVT_0005622,0
EVT_0005623,0
EVT_0005624,0
EVT_0005625,0
EVT_0005626,0
EVT_0005627,0
EVT_0005628,0
EVT_0005629,0
EVT_0005630,0
EVT_0005631,0
EVT_0005632,0
EVT_0005633,0
EVT_0005634,0
EVT_0005635,0
EVT_0005636,0
EVT_0005637,0
EVT_0005638,0
EVT_0005639,0
EVT_0005640,0
EVT_0005641,0
EVT_0005642,0
EVT_0005643,0
EVT_0005644,0
EVT_0005645,0
EVT_0005646,0
EVT_0005647,0
EVT_0005648,0
EVT_0005649,0
EVT_0005650,0
EVT_0005651,0
EVT_0005652,0
EVT_0005653,0
EVT_0005654,0
EVT_0005655,0
EVT_0005656,0
EVT_0005657,0
EVT_0005658,0
EVT_0005659,0
EVT_0005660,0
EVT_0005661,0
EVT_0005662,0
EVT_0005663,0
EVT_0005664,0
EVT_0005665,0
EVT_0005666,0
EVT_0005667,0
EVT_0005668,0
EVT_0005669,0
EVT_0005670,0
EVT_0005671,0
EVT_0005672,0
EVT_0005673,0
EVT_0005674,0
EVT_0005675,0
EVT_0005676,0
EVT_0005677,0
EVT_0005678,0
EVT_0005679,0
EVT_0005680,0
EVT_0005681,0
EVT_0005682,0
EVT_0005683,0
EVT_0005684,0
EVT_0005685,0
EVT_0005686,0
EVT_0005687,0
EVT_0005688,0
EVT_0005689,0
EVT_0005690,0
EVT_0005691,0
EVT_0005692,0
EVT_0005693,0
EVT_0005694,0
EVT_0005695,0
EVT_0005696,0
EVT_0005697,0
EVT_0005698,0
EVT_0005699,0
EVT_0005700,0
EVT_0005701,0
EVT_0005702,0
EVT_0005703,0
EVT_0005704,0
EVT_0005705,0
EVT_0005706,0
EVT_0005707,0
EVT_0005708,0
EVT_0005709,0
EVT_0005710,0
EVT_0005711,0
EVT_0005712,0
EVT_0005713,0
EVT_0005714,0
EVT_0005715,0
EVT_0005716,0
EVT_0005717,0
EVT_0005718,0
EVT_0005719,0
EVT_0005720,0
EVT_0005721,0
EVT_0005722,0
EVT_0005723,0
EVT_0005724,0
EVT_0005725,0
EVT_0005726,0
EVT_0005727,0
EVT_0005728,0
EVT_0005729,0
EVT_0005730,0
EVT_0005731,0
EVT_0005732,0
EVT_0005733,0
EVT_0005734,0
EVT_0005735,0
EVT_0005736,0
EVT_0005737,0
EVT_0005738,0
EVT_0005739,0
EVT_0005740,0
EVT_0005741,0
EVT_0005742,0
EVT_0005743,0
EVT_0005744,0
EVT_0005745,0
EVT_0005746,0
EVT_0005747,0
EVT_0005748,0
EVT_0005749,0
EVT_0005750,0
EVT_0005751,0
EVT_0005752,0
EVT_0005753,0
EVT_0005754,0
EVT_0005755,0
EVT_0005756,0
EVT_0005757,0
EVT_0005758,0
EVT_0005759,0
EVT_0005760,0
EVT_0005761,0
EVT_0005762,0
EVT_0005763,0
EVT_0005764,0
EVT_0005765,0
EVT_0005766,0
EVT_0005767,0
EVT_0005768,0
EVT_0005769,0
EVT_0005770,0
EVT_0005771,0
EVT_0005772,0
EVT_0005773,0
EVT_0005774,0
EVT_0005775,0
EVT_0005776,0
EVT_0005777,0
EVT_0005778,0
EVT_0005779,0
EVT_0005780,0
EVT_0005781,0
EVT_0005782,0
EVT_0005783,0
EVT_0005784,0
EVT_0005785,0
EVT_0005786,0
EVT_0005787,0
EVT_0005788,0
EVT_0005789,0
EVT_0005790,0
EVT_0005791,0
EVT_0005792,0
EVT_0005793,0
EVT_0005794,0
EVT_0005795,0
EVT_0005796,0
EVT_0005797,0
EVT_0005798,0
EVT_0005799,0
EVT_0005800,0
EVT_0005801,0
EVT_0005802,0
EVT_0005803,0
EVT_0005804,0
EVT_0005805,0
EVT_0005806,0
EVT_0005807,0
EVT_0005808,0
EVT_0005809,0
EVT_0005810,0
EVT_0005811,0
EVT_0005812,0
EVT_0005813,0
EVT_0005814,0
EVT_0005815,0
EVT_0005816,0
EVT_0005817,0
EVT_0005818,0
EVT_0005819,0
EVT_0005820,0
EVT_0005821,0
EVT_0005822,0
EVT_0005823,0
EVT_0005824,0
EVT_0005825,0
EVT_0005826,0
EVT_0005827,0
EVT_0005828,0
EVT_0005829,0
EVT_0005830,0
EVT_0005831,0
EVT_0005832,0
EVT_0005833,0
EVT_0005834,0
EVT_0005835,0
EVT_0005836,0
EVT_0005837,0
EVT_0005838,0
EVT_0005839,0
EVT_0005840,0
EVT_0005841,0
EVT_0005842,0
EVT_0005843,0
EVT_0005844,0
EVT_0005845,0
EVT_0005846,0
EVT_0005847,0
EVT_0005848,0
EVT_0005849,0
EVT_0005850,0
EVT_0005851,0
EVT_0005852,0
EVT_0005853,0
EVT_0005854,0
EVT_0005855,0
EVT_0005856,0
EVT_0005857,0
EVT_0005858,0
EVT_0005859,0
EVT_0005860,0
EVT_0005861,0
EVT_0005862,0
EVT_0005863,0
EVT_0005864,0
EVT_0005865,0
EVT_0005866,0
EVT_0005867,0
EVT_0005868,0
EVT_0005869,0
EVT_0005870,0
EVT_0005871,0
EVT_0005872,0
EVT_0005873,0
EVT_0005874,0
EVT_0005875,0
EVT_0005876,0
EVT_0005877,0
EVT_0005878,0
EVT_0005879,0
EVT_0005880,0
EVT_0005881,0
EVT_0005882,0
EVT_0005883,0
EVT_0005884,0
EVT_0005885,0
EVT_0005886,0
EVT_0005887,0
EVT_0005888,0
EVT_0005889,0
EVT_0005890,0
EVT_0005891,0
EVT_0005892,0
EVT_0005893,0
EVT_0005894,0
EVT_0005895,0
EVT_0005896,0
EVT_0005897,0
EVT_0005898,0
EVT_0005899,0
EVT_0005900,0
EVT_0005901,0
EVT_0005902,0
EVT_0005903,0
EVT_0005904,0
EVT_0005905,0
EVT_0005906,0
EVT_0005907,0
EVT_0005908,0
EVT_0005909,0
EVT_0005910,0
EVT_0005911,0
EVT_0005912,0
EVT_0005913,0
EVT_0005914,0
EVT_0005915,0
EVT_0005916,0
EVT_0005917,0
EVT_0005918,0
EVT_0005919,0
EVT_0005920,0
EVT_0005921,0
EVT_0005922,0
EVT_0005923,0
EVT_0005924,0
EVT_0005925,0
EVT_0005926,0
EVT_0005927,0
EVT_0005928,0
EVT_0005929,0
EVT_0005930,0
EVT_0005931,0
EVT_0005932,0
EVT_0005933,0
EVT_0005934,0
EVT_0005935,0
EVT_0005936,0
EVT_0005937,0
EVT_0005938,0
EVT_0005939,0
EVT_0005940,0
EVT_0005941,0
EVT_0005942,0
EVT_0005943,0
EVT_0005944,0
EVT_0005945,0
EVT_0005946,0
EVT_0005947,0
EVT_0005948,0
EVT_0005949,0
EVT_0005950,0
EVT_0005951,0
EVT_0005952,0
EVT_0005953,0
EVT_0005954,0
EVT_0005955,0
EVT_0005956,0
EVT_0005957,0
EVT_0005958,0
EVT_0005959,0
EVT_0005960,0
EVT_0005961,0
EVT_0005962,0
EVT_0005963,0
EVT_0005964,0
EVT_0005965,0
EVT_0005966,0
EVT_0005967,0
EVT_0005968,0
EVT_0005969,0
EVT_0005970,0
EVT_0005971,0
EVT_0005972,0
EVT_0005973,0
EVT_0005974,0
EVT_0005975,0
EVT_0005976,0
EVT_0005977,0
EVT_0005978,0
EVT_0005979,0
EVT_0005980,0
EVT_0005981,0
EVT_0005982,0
EVT_0005983,0
EVT_0005984,0
EVT_0005985,0
EVT_0005986,0
EVT_0005987,0
EVT_0005988,0
EVT_0005989,0
EVT_0005990,0
EVT_0005991,0
EVT_0005992,0
EVT_0005993,0
EVT_0005994,0
EVT_0005995,0
EVT_0005996,0
EVT_0005997,0
EVT_0005998,0
EVT_0005999,0
EVT_0006000,0
EVT_0006001,0
EVT_0006002,0
EVT_0006003,0
EVT_0006004,0
EVT_0006005,0
EVT_0006006,0
EVT_0006007,0
EVT_0006008,0
EVT_0006009,0
EVT_0006010,0
EVT_0006011,0
EVT_0006012,0
EVT_0006013,0
EVT_0006014,0
EVT_0006015,0
EVT_0006016,0
EVT_0006017,0
EVT_0006018,0
EVT_0006019,0
EVT_0006020,0
EVT_0006021,0
EVT_0006022,0
EVT_0006023,0
EVT_0006024,0
EVT_0006025,0
EVT_0006026,0
EVT_0006027,0
EVT_0006028,0
EVT_0006029,0
EVT_0006030,0
EVT_0006031,0
EVT_0006032,0
EVT_0006033,0
EVT_0006034,0
EVT_0006035,0
EVT_0006036,0
EVT_0006037,0
EVT_0006038,0
EVT_0006039,0
EVT_0006040,0
EVT_0006041,0
EVT_0006042,0
EVT_0006043,0
EVT_0006044,0
EVT_0006045,0
EVT_0006046,0
EVT_0006047,0
EVT_0006048,0
EVT_0006049,0
EVT_0006050,0
EVT_0006051,0
EVT_0006052,0
EVT_0006053,0
EVT_0006054,0
EVT_0006055,0
EVT_0006056,0
EVT_0006057,0
EVT_0006058,0
EVT_0006059,0
EVT_0006060,0
EVT_0006061,0
EVT_0006062,0
EVT_0006063,0
EVT_0006064,0
EVT_0006065,0
EVT_0006066,0
EVT_0006067,0
EVT_0006068,0
EVT_0006069,0
EVT_0006070,0
EVT_0006071,0
EVT_0006072,0
EVT_0006073,0
EVT_0006074,0
EVT_0006075,0
EVT_0006076,0
EVT_0006077,0
EVT_0006078,0
EVT_0006079,0
EVT_0006080,0
EVT_0006081,0
EVT_0006082,0
EVT_0006083,0
EVT_0006084,0
EVT_0006085,0
EVT_0006086,0
EVT_0006087,0
EVT_0006088,0
EVT_0006089,0
EVT_0006090,0
EVT_0006091,0
EVT_0006092,0
EVT_0006093,0
EVT_0006094,0
EVT_0006095,0
EVT_0006096,0
EVT_0006097,0
EVT_0006098,0
EVT_0006099,0
EVT_0006100,0
EVT_0006101,0
EVT_0006102,0
EVT_0006103,0
EVT_0006104,0
EVT_0006105,0
EVT_0006106,0
EVT_0006107,0
EVT_0006108,0
EVT_0006109,0
EVT_0006110,0
EVT_0006111,0
EVT_0006112,0
EVT_0006113,0
EVT_0006114,0
EVT_0006115,0
EVT_0006116,0
EVT_0006117,0
EVT_0006118,0
EVT_0006119,0
EVT_0006120,0
EVT_0006121,0
EVT_0006122,0
EVT_0006123,0
EVT_0006124,0
EVT_0006125,0
EVT_0006126,0
EVT_0006127,0
EVT_0006128,0
EVT_0006129,0
EVT_0006130,0
EVT_0006131,0
EVT_0006132,0
EVT_0006133,0
EVT_0006134,0
EVT_0006135,0
EVT_0006136,0
EVT_0006137,0
EVT_0006138,0
EVT_0006139,0
EVT_0006140,0
EVT_0006141,0
EVT_0006142,0
EVT_0006143,0
EVT_0006144,0
EVT_0006145,0
EVT_0006146,0
EVT_0006147,0
EVT_0006148,0
EVT_0006149,0
EVT_0006150,0
EVT_0006151,0
EVT_0006152,0
EVT_0006153,0
EVT_0006154,0
EVT_0006155,0
EVT_0006156,0
EVT_0006157,0
EVT_0006158,0
EVT_0006159,0
EVT_0006160,0
EVT_0006161,0
EVT_0006162,0
EVT_0006163,0
EVT_0006164,0
EVT_0006165,0
EVT_0006166,0
EVT_0006167,0
EVT_0006168,0
EVT_0006169,0
EVT_0006170,0
EVT_0006171,0
EVT_0006172,0
EVT_0006173,0
EVT_0006174,0
EVT_0006175,0
EVT_0006176,0
EVT_0006177,0
EVT_0006178,0
EVT_0006179,0
EVT_0006180,0
EVT_0006181,0
EVT_0006182,0
EVT_0006183,0
EVT_0006184,0
EVT_0006185,0
EVT_0006186,0
EVT_0006187,0
EVT_0006188,0
EVT_0006189,0
EVT_0006190,0
EVT_0006191,0
EVT_0006192,0
EVT_0006193,0
EVT_0006194,0
EVT_0006195,0
EVT_0006196,0
EVT_0006197,0
EVT_0006198,0
EVT_0006199,0
EVT_0006200,0
EVT_0006201,0
EVT_0006202,0
EVT_0006203,0
EVT_0006204,0
EVT_0006205,0
EVT_0006206,0
EVT_0006207,0
EVT_0006208,0
EVT_0006209,0
EVT_0006210,0
EVT_0006211,0
EVT_0006212,0
EVT_0006213,0
EVT_0006214,0
EVT_0006215,0
EVT_0006216,0
EVT_0006217,0
EVT_0006218,0
EVT_0006219,0
EVT_0006220,0
EVT_0006221,0
EVT_0006222,0
EVT_0006223,0
EVT_0006224,0
EVT_0006225,0
EVT_0006226,0
EVT_0006227,0
EVT_0006228,0
EVT_0006229,0
EVT_0006230,0
EVT_0006231,0
EVT_0006232,0
EVT_0006233,0
EVT_0006234,0
EVT_0006235,0
EVT_0006236,0
EVT_0006237,0
EVT_0006238,0
EVT_0006239,0
EVT_0006240,0
EVT_0006241,0
EVT_0006242,0
EVT_0006243,0
EVT_0006244,0
EVT_0006245,0
EVT_0006246,0
EVT_0006247,0
EVT_0006248,0
EVT_0006249,0
EVT_0006250,0
EVT_0006251,0
EVT_0006252,0
EVT_0006253,0
EVT_0006254,0
EVT_0006255,0
EVT_0006256,0
EVT_0006257,0
EVT_0006258,0
EVT_0006259,0
EVT_0006260,0
EVT_0006261,0
EVT_0006262,0
EVT_0006263,0
EVT_0006264,0
EVT_0006265,0
EVT_0006266,0
EVT_0006267,0
EVT_0006268,0
EVT_0006269,0
EVT_0006270,0
EVT_0006271,0
EVT_0006272,0
EVT_0006273,0
EVT_0006274,0
EVT_0006275,0
EVT_0006276,0
EVT_0006277,0
EVT_0006278,0
EVT_0006279,0
EVT_0006280,0
EVT_0006281,0
EVT_0006282,0
EVT_0006283,0
EVT_0006284,0
EVT_0006285,0
EVT_0006286,0
EVT_0006287,0
EVT_0006288,0
EVT_0006289,0
EVT_0006290,0
EVT_0006291,0
EVT_0006292,0
EVT_0006293,0
EVT_0006294,0
EVT_0006295,0
EVT_0006296,0
EVT_0006297,0
EVT_0006298,0
EVT_0006299,0
EVT_0006300,0
EVT_0006301,0
EVT_0006302,0
EVT_0006303,0
EVT_0006304,0
EVT_0006305,0
EVT_0006306,0
EVT_0006307,0
EVT_0006308,0
EVT_0006309,0
EVT_0006310,0
EVT_0006311,0
EVT_0006312,0
EVT_0006313,0
EVT_0006314,0
EVT_0006315,0
EVT_0006316,0
EVT_0006317,0
EVT_0006318,0
EVT_0006319,0
EVT_0006320,0
EVT_0006321,0
EVT_0006322,0
EVT_0006323,0
EVT_0006324,0
EVT_0006325,0
EVT_0006326,0
EVT_0006327,0
EVT_0006328,0
EVT_0006329,0
EVT_0006330,0
EVT_0006331,0
EVT_0006332,0
EVT_0006333,0
EVT_0006334,0
EVT_0006335,0
EVT_0006336,0
EVT_0006337,0
EVT_0006338,0
EVT_0006339,0
EVT_0006340,0
EVT_0006341,0
EVT_0006342,0
EVT_0006343,0
EVT_0006344,0
EVT_0006345,0
EVT_0006346,0
EVT_0006347,0
EVT_0006348,0
EVT_0006349,0
EVT_0006350,0
EVT_0006351,0
EVT_0006352,0
EVT_0006353,0
EVT_0006354,0
EVT_0006355,0
EVT_0006356,0
EVT_0006357,0
EVT_0006358,0
EVT_0006359,0
EVT_0006360,0
EVT_0006361,0
EVT_0006362,0
EVT_0006363,0
EVT_0006364,0
EVT_0006365,0
EVT_0006366,0
EVT_0006367,0
EVT_0006368,0
EVT_0006369,0
EVT_0006370,0
EVT_0006371,0
EVT_0006372,0
EVT_0006373,0
EVT_0006374,0
EVT_0006375,0
EVT_0006376,0
EVT_0006377,0
EVT_0006378,0
EVT_0006379,0
EVT_0006380,0
EVT_0006381,0
EVT_0006382,0
EVT_0006383,0
EVT_0006384,0
EVT_0006385,0
EVT_0006386,0
EVT_0006387,0
EVT_0006388,0
EVT_0006389,0
EVT_0006390,0
EVT_0006391,0
EVT_0006392,0
EVT_0006393,0
EVT_0006394,0
EVT_0006395,0
EVT_0006396,0
EVT_0006397,0
EVT_0006398,0
EVT_0006399,0
EVT_0006400,0
EVT_0006401,0
EVT_0006402,0
EVT_0006403,0
EVT_0006404,0
EVT_0006405,0
EVT_0006406,0
EVT_0006407,0
EVT_0006408,0
EVT_0006409,0
EVT_0006410,0
EVT_0006411,0
EVT_0006412,0
EVT_0006413,0
EVT_0006414,0
EVT_0006415,0
EVT_0006416,0
EVT_0006417,0
EVT_0006418,0
EVT_0006419,0
EVT_0006420,0
EVT_0006421,0
EVT_0006422,0
EVT_0006423,0
EVT_0006424,0
EVT_0006425,0
EVT_0006426,0
EVT_0006427,0
EVT_0006428,0
EVT_0006429,0
EVT_0006430,0
EVT_0006431,0
EVT_0006432,0
EVT_0006433,0
EVT_0006434,0
EVT_0006435,0
EVT_0006436,0
EVT_0006437,0
EVT_0006438,0
EVT_0006439,0
EVT_0006440,0
EVT_0006441,0
EVT_0006442,0
EVT_0006443,0
EVT_0006444,0
EVT_0006445,0
EVT_0006446,0
EVT_0006447,0
EVT_0006448,0
EVT_0006449,0
EVT_0006450,0
EVT_0006451,0
EVT_0006452,0
EVT_0006453,0
EVT_0006454,0
EVT_0006455,0
EVT_0006456,0
EVT_0006457,0
EVT_0006458,0
EVT_0006459,0
EVT_0006460,0
EVT_0006461,0
EVT_0006462,0
EVT_0006463,0
EVT_0006464,0
EVT_0006465,0
EVT_0006466,0
EVT_0006467,0
EVT_0006468,0
EVT_0006469,0
EVT_0006470,0
EVT_0006471,0
EVT_0006472,0
EVT_0006473,0
EVT_0006474,0
EVT_0006475,0
EVT_0006476,0
EVT_0006477,0
EVT_0006478,0
EVT_0006479,0
EVT_0006480,0
EVT_0006481,0
EVT_0006482,0
EVT_0006483,0
EVT_0006484,0
EVT_0006485,0
EVT_0006486,0
EVT_0006487,0
EVT_0006488,0
EVT_0006489,0
EVT_0006490,0
EVT_0006491,0
EVT_0006492,0
EVT_0006493,0
EVT_0006494,0
EVT_0006495,0
EVT_0006496,0
EVT_0006497,0
EVT_0006498,0
EVT_0006499,0
EVT_0006500,0
EVT_0006501,0
EVT_0006502,0
EVT_0006503,0
EVT_0006504,0
EVT_0006505,0
EVT_0006506,0
EVT_0006507,0
EVT_0006508,0
EVT_0006509,0
EVT_0006510,0
EVT_0006511,0
EVT_0006512,0
EVT_0006513,0
EVT_0006514,0
EVT_0006515,0
EVT_0006516,0
EVT_0006517,0
EVT_0006518,0
EVT_0006519,0
EVT_0006520,0
EVT_0006521,0
EVT_0006522,0
EVT_0006523,0
EVT_0006524,0
EVT_0006525,0
EVT_0006526,0
EVT_0006527,0
EVT_0006528,0
EVT_0006529,0
EVT_0006530,0
EVT_0006531,0
EVT_0006532,0
EVT_0006533,0
EVT_0006534,0
EVT_0006535,0
EVT_0006536,0
EVT_0006537,0
EVT_0006538,0
EVT_0006539,0
EVT_0006540,0
EVT_0006541,0
EVT_0006542,0
EVT_0006543,0
EVT_0006544,0
EVT_0006545,0
EVT_0006546,0
EVT_0006547,0
EVT_0006548,0
EVT_0006549,0
EVT_0006550,0
EVT_0006551,0
EVT_0006552,0
EVT_0006553,0
EVT_0006554,0
EVT_0006555,0
EVT_0006556,0
EVT_0006557,0
EVT_0006558,0
EVT_0006559,0
EVT_0006560,0
EVT_0006561,0
EVT_0006562,0
EVT_0006563,0
EVT_0006564,0
EVT_0006565,0
EVT_0006566,0
EVT_0006567,0
EVT_0006568,0
EVT_0006569,0
EVT_0006570,0
EVT_0006571,0
EVT_0006572,0
EVT_0006573,0
EVT_0006574,0
EVT_0006575,0
EVT_0006576,0
EVT_0006577,0
EVT_0006578,0
EVT_0006579,0
EVT_0006580,0
EVT_0006581,0
EVT_0006582,0
EVT_0006583,0
EVT_0006584,0
EVT_0006585,0
EVT_0006586,0
EVT_0006587,0
EVT_0006588,0
EVT_0006589,0
EVT_0006590,0
EVT_0006591,0
EVT_0006592,0
EVT_0006593,0
EVT_0006594,0
EVT_0006595,0
EVT_0006596,0
EVT_0006597,0
EVT_0006598,0
EVT_0006599,0
EVT_0006600,0
EVT_0006601,0
EVT_0006602,0
EVT_0006603,0
EVT_0006604,0
EVT_0006605,0
EVT_0006606,0
EVT_0006607,0
EVT_0006608,0
EVT_0006609,0
EVT_0006610,0
EVT_0006611,0
EVT_0006612,0
EVT_0006613,0
EVT_0006614,0
EVT_0006615,0
EVT_0006616,0
EVT_0006617,0
EVT_0006618,0
EVT_0006619,0
EVT_0006620,0
EVT_0006621,0
EVT_0006622,0
EVT_0006623,0
EVT_0006624,0
EVT_0006625,0
EVT_0006626,0
EVT_0006627,0
EVT_0006628,0
EVT_0006629,0
EVT_0006630,0
EVT_0006631,0
EVT_0006632,0
EVT_0006633,0
EVT_0006634,0
EVT_0006635,0
EVT_0006636,0
EVT_0006637,0
EVT_0006638,0
EVT_0006639,0
EVT_0006640,0
EVT_0006641,0
EVT_0006642,0
EVT_0006643,0
EVT_0006644,0
EVT_0006645,0
EVT_0006646,0
EVT_0006647,0
EVT_0006648,0
EVT_0006649,0
EVT_0006650,0
EVT_0006651,0
EVT_0006652,0
EVT_0006653,0
EVT_0006654,0
EVT_0006655,0
EVT_0006656,0
EVT_0006657,0
EVT_0006658,0
EVT_0006659,0
EVT_0006660,0
EVT_0006661,0
EVT_0006662,0
EVT_0006663,0
EVT_0006664,0
EVT_0006665,0
EVT_0006666,0
EVT_0006667,0
EVT_0006668,0
EVT_0006669,0
EVT_0006670,0
EVT_0006671,0
EVT_0006672,0
EVT_0006673,0
EVT_0006674,0
EVT_0006675,0
EVT_0006676,0
EVT_0006677,0
EVT_0006678,0
EVT_0006679,0
EVT_0006680,0
EVT_0006681,0
EVT_0006682,0
EVT_0006683,0
EVT_0006684,0
EVT_0006685,0
EVT_0006686,0
EVT_0006687,0
EVT_0006688,0
EVT_0006689,0
EVT_0006690,0
EVT_0006691,0
EVT_0006692,0
EVT_0006693,0
EVT_0006694,0
EVT_0006695,0
EVT_0006696,0
EVT_0006697,0
EVT_0006698,0
EVT_0006699,0
EVT_0006700,0
EVT_0006701,0
EVT_0006702,0
EVT_0006703,0
EVT_0006704,0
EVT_0006705,0
EVT_0006706,0
EVT_0006707,0
EVT_0006708,0
EVT_0006709,0
EVT_0006710,0
EVT_0006711,0
EVT_0006712,0
EVT_0006713,0
EVT_0006714,0
EVT_0006715,0
EVT_0006716,0
EVT_0006717,0
EVT_0006718,0
EVT_0006719,0
EVT_0006720,0
EVT_0006721,0
EVT_0006722,0
EVT_0006723,0
EVT_0006724,0
EVT_0006725,0
EVT_0006726,0
EVT_0006727,0
EVT_0006728,0
EVT_0006729,0
EVT_0006730,0
EVT_0006731,0
EVT_0006732,0
EVT_0006733,0
EVT_0006734,0
EVT_0006735,0
EVT_0006736,0
EVT_0006737,0
EVT_0006738,0
EVT_0006739,0
EVT_0006740,0
EVT_0006741,0
EVT_0006742,0
EVT_0006743,0
EVT_0006744,0
EVT_0006745,0
EVT_0006746,0
EVT_0006747,0
EVT_0006748,0
EVT_0006749,0
EVT_0006750,0
EVT_0006751,0
EVT_0006752,0
EVT_0006753,0
EVT_0006754,0
EVT_0006755,0
EVT_0006756,0
EVT_0006757,0
EVT_0006758,0
EVT_0006759,0
EVT_0006760,0
EVT_0006761,0
EVT_0006762,0
EVT_0006763,0
EVT_0006764,0
EVT_0006765,0
EVT_0006766,0
EVT_0006767,0
EVT_0006768,0
EVT_0006769,0
EVT_0006770,0
EVT_0006771,0
EVT_0006772,0
EVT_0006773,0
EVT_0006774,0
EVT_0006775,0
EVT_0006776,0
EVT_0006777,0
EVT_0006778,0
EVT_0006779,0
EVT_0006780,0
EVT_0006781,0
EVT_0006782,0
EVT_0006783,0
EVT_0006784,0
EVT_0006785,0
EVT_0006786,0
EVT_0006787,0
EVT_0006788,0
EVT_0006789,0
EVT_0006790,0
EVT_0006791,0
EVT_0006792,0
EVT_0006793,0
EVT_0006794,0
EVT_0006795,0
EVT_0006796,0
EVT_0006797,0
EVT_0006798,0
EVT_0006799,0
EVT_0006800,0
EVT_0006801,0
EVT_0006802,0
EVT_0006803,0
EVT_0006804,0
EVT_0006805,0
EVT_0006806,0
EVT_0006807,0
EVT_0006808,0
EVT_0006809,0
EVT_0006810,0
EVT_0006811,0
EVT_0006812,0
EVT_0006813,0
EVT_0006814,0
EVT_0006815,0
EVT_0006816,0
EVT_0006817,0
EVT_0006818,0
EVT_0006819,0
EVT_0006820,0
EVT_0006821,0
EVT_0006822,0
EVT_0006823,0
EVT_0006824,0
EVT_0006825,0
EVT_0006826,0
EVT_0006827,0
EVT_0006828,0
EVT_0006829,0
EVT_0006830,0
EVT_0006831,0
EVT_0006832,0
EVT_0006833,0
EVT_0006834,0
EVT_0006835,0
EVT_0006836,0
EVT_0006837,0
EVT_0006838,0
EVT_0006839,0
EVT_0006840,0
EVT_0006841,0
EVT_0006842,0
EVT_0006843,0
EVT_0006844,0
EVT_0006845,0
EVT_0006846,0
EVT_0006847,0
EVT_0006848,0
EVT_0006849,0
EVT_0006850,0
EVT_0006851,0
EVT_0006852,0
EVT_0006853,0
EVT_0006854,0
EVT_0006855,0
EVT_0006856,0
EVT_0006857,0
EVT_0006858,0
EVT_0006859,0
EVT_0006860,0
EVT_0006861,0
EVT_0006862,0
EVT_0006863,0
EVT_0006864,0
EVT_0006865,0
EVT_0006866,0
EVT_0006867,0
EVT_0006868,0
EVT_0006869,0
EVT_0006870,0
EVT_0006871,0
EVT_0006872,0
EVT_0006873,0
EVT_0006874,0
EVT_0006875,0
EVT_0006876,0
EVT_0006877,0
EVT_0006878,0
EVT_0006879,0
EVT_0006880,0
EVT_0006881,0
EVT_0006882,0
EVT_0006883,0
EVT_0006884,0
EVT_0006885,0
EVT_0006886,0
EVT_0006887,0
EVT_0006888,0
EVT_0006889,0
EVT_0006890,0
EVT_0006891,0
EVT_0006892,0
EVT_0006893,0
EVT_0006894,0
EVT_0006895,0
EVT_0006896,0
EVT_0006897,0
EVT_0006898,0
EVT_0006899,0
EVT_0006900,0
EVT_0006901,0
EVT_0006902,0
EVT_0006903,0
EVT_0006904,0
EVT_0006905,0
EVT_0006906,0
EVT_0006907,0
EVT_0006908,0
EVT_0006909,0
EVT_0006910,0
EVT_0006911,0
EVT_0006912,0
EVT_0006913,0
EVT_0006914,0
EVT_0006915,0
EVT_0006916,0
EVT_0006917,0
EVT_0006918,0
EVT_0006919,0
EVT_0006920,0
EVT_0006921,0
EVT_0006922,0
EVT_0006923,0
EVT_0006924,0
EVT_0006925,0
EVT_0006926,0
EVT_0006927,0
EVT_0006928,0
EVT_0006929,0
EVT_0006930,0
EVT_0006931,0
EVT_0006932,0
EVT_0006933,0
EVT_0006934,0
EVT_0006935,0
EVT_0006936,0
EVT_0006937,0
EVT_0006938,0
EVT_0006939,0
EVT_0006940,0
EVT_0006941,0
EVT_0006942,0
EVT_0006943,0
EVT_0006944,0
EVT_0006945,0
EVT_0006946,0
EVT_0006947,0
EVT_0006948,0
EVT_0006949,0
EVT_0006950,0
EVT_0006951,0
EVT_0006952,0
EVT_0006953,0
EVT_0006954,0
EVT_0006955,0
EVT_0006956,0
EVT_0006957,0
EVT_0006958,0
EVT_0006959,0
EVT_0006960,0
EVT_0006961,0
EVT_0006962,0
EVT_0006963,0
EVT_0006964,0
EVT_0006965,0
EVT_0006966,0
EVT_0006967,0
EVT_0006968,0
EVT_0006969,0
EVT_0006970,0
EVT_0006971,0
EVT_0006972,0
EVT_0006973,0
EVT_0006974,0
EVT_0006975,0
EVT_0006976,0
EVT_0006977,0
EVT_0006978,0
EVT_0006979,0
EVT_0006980,0
EVT_0006981,0
EVT_0006982,0
EVT_0006983,0
EVT_0006984,0
EVT_0006985,0
EVT_0006986,0
EVT_0006987,0
EVT_0006988,0
EVT_0006989,0
EVT_0006990,0
EVT_0006991,0
EVT_0006992,0
EVT_0006993,0
EVT_0006994,0
EVT_0006995,0
EVT_0006996,0
EVT_0006997,0
EVT_0006998,0
EVT_0006999,0
EVT_0007000,0
EVT_0007001,0
EVT_0007002,0
EVT_0007003,0
EVT_0007004,0
EVT_0007005,0
EVT_0007006,0
EVT_0007007,0
EVT_0007008,0
EVT_0007009,0
EVT_0007010,0
EVT_0007011,0
EVT_0007012,0
EVT_0007013,0
EVT_0007014,0
EVT_0007015,0
EVT_0007016,0
EVT_0007017,0
EVT_0007018,0
EVT_0007019,0
EVT_0007020,0
EVT_0007021,0
EVT_0007022,0
EVT_0007023,0
EVT_0007024,0
EVT_0007025,0
EVT_0007026,0
EVT_0007027,0
EVT_0007028,0
EVT_0007029,0
EVT_0007030,0
EVT_0007031,0
EVT_0007032,0
EVT_0007033,0
EVT_0007034,0
EVT_0007035,0
EVT_0007036,0
EVT_0007037,1
EVT_0007038,1
EVT_0007039,1
EVT_0007040,1
EVT_0007041,1
EVT_0007042,1
EVT_0007043,1
EVT_0007044,1
EVT_0007045,1
EVT_0007046,0
EVT_0007047,0
EVT_0007048,0
EVT_0007049,0
EVT_0007050,0
EVT_0007051,0
EVT_0007052,0
EVT_0007053,0
EVT_0007054,0
EVT_0007055,0
EVT_0007056,0
EVT_0007057,0
EVT_0007058,0
EVT_0007059,0
EVT_0007060,0
EVT_0007061,0
EVT_0007062,0
EVT_0007063,0
EVT_0007064,0
EVT_0007065,0
EVT_0007066,0
EVT_0007067,0
EVT_0007068,0
EVT_0007069,0
EVT_0007070,0
EVT_0007071,0
EVT_0007072,0
EVT_0007073,0
EVT_0007074,0
EVT_0007075,0
EVT_0007076,0
EVT_0007077,0
EVT_0007078,0
EVT_0007079,0
EVT_0007080,0
EVT_0007081,0
EVT_0007082,0
EVT_0007083,0
EVT_0007084,0
EVT_0007085,0
EVT_0007086,0
EVT_0007087,0
EVT_0007088,0
EVT_0007089,0
EVT_0007090,0
EVT_0007091,0
EVT_0007092,0
EVT_0007093,0
EVT_0007094,0
EVT_0007095,0
EVT_0007096,0
EVT_0007097,0
EVT_0007098,0
EVT_0007099,0
EVT_0007100,0
EVT_0007101,0
EVT_0007102,0
EVT_0007103,0
EVT_0007104,0
EVT_0007105,0
EVT_0007106,0
EVT_0007107,0
EVT_0007108,0
EVT_0007109,0
EVT_0007110,0
EVT_0007111,0
EVT_0007112,0
EVT_0007113,0
EVT_0007114,0
EVT_0007115,0
EVT_0007116,0
EVT_0007117,0
EVT_0007118,0
EVT_0007119,0
EVT_0007120,0
EVT_0007121,0
EVT_0007122,0
EVT_0007123,0
EVT_0007124,0
EVT_0007125,0
EVT_0007126,0
EVT_0007127,0
EVT_0007128,0
EVT_0007129,0
EVT_0007130,0
EVT_0007131,0
EVT_0007132,0
EVT_0007133,0
EVT_0007134,0
EVT_0007135,0
EVT_0007136,0
EVT_0007137,0
EVT_0007138,0
EVT_0007139,0
EVT_0007140,0
EVT_0007141,0
EVT_0007142,0
EVT_0007143,0
EVT_0007144,0
EVT_0007145,0
EVT_0007146,0
EVT_0007147,0
EVT_0007148,0
EVT_0007149,0
EVT_0007150,0
EVT_0007151,0
EVT_0007152,0
EVT_0007153,0
EVT_0007154,0
EVT_0007155,0
EVT_0007156,0
EVT_0007157,0
EVT_0007158,0
EVT_0007159,0
EVT_0007160,0
EVT_0007161,0
EVT_0007162,0
EVT_0007163,0
EVT_0007164,0
EVT_0007165,0
EVT_0007166,0
EVT_0007167,0
EVT_0007168,0
EVT_0007169,0
EVT_0007170,0
EVT_0007171,0
EVT_0007172,0
EVT_0007173,0
EVT_0007174,0
EVT_0007175,0
EVT_0007176,0
EVT_0007177,0
EVT_0007178,0
EVT_0007179,0
EVT_0007180,0
EVT_0007181,0
EVT_0007182,0
EVT_0007183,0
EVT_0007184,0
EVT_0007185,0
EVT_0007186,0
EVT_0007187,0
EVT_0007188,0
EVT_0007189,0
EVT_0007190,0
EVT_0007191,0
EVT_0007192,0
EVT_0007193,0
EVT_0007194,0
EVT_0007195,0
EVT_0007196,0
EVT_0007197,0
EVT_0007198,0
EVT_0007199,0
EVT_0007200,0
EVT_0007201,0
EVT_0007202,0
EVT_0007203,0
EVT_0007204,0
EVT_0007205,0
EVT_0007206,0
EVT_0007207,0
EVT_0007208,0
EVT_0007209,0
EVT_0007210,0
EVT_0007211,0
EVT_0007212,0
EVT_0007213,0
EVT_0007214,0
EVT_0007215,0
EVT_0007216,0
EVT_0007217,0
EVT_0007218,0
EVT_0007219,0
EVT_0007220,0
EVT_0007221,0
EVT_0007222,0
EVT_0007223,0
EVT_0007224,0
EVT_0007225,0
EVT_0007226,0
EVT_0007227,0
EVT_0007228,0
EVT_0007229,0
EVT_0007230,0
EVT_0007231,0
EVT_0007232,0
EVT_0007233,0
EVT_0007234,0
EVT_0007235,0
EVT_0007236,0
EVT_0007237,0
EVT_0007238,0
EVT_0007239,0
EVT_0007240,0
EVT_0007241,0
EVT_0007242,0
EVT_0007243,0
EVT_0007244,0
EVT_0007245,0
EVT_0007246,0
EVT_0007247,0
EVT_0007248,0
EVT_0007249,1
EVT_0007250,1
EVT_0007251,1
EVT_0007252,1
EVT_0007253,1
EVT_0007254,1
EVT_0007255,1
EVT_0007256,1
EVT_0007257,1
EVT_0007258,1
EVT_0007259,1
EVT_0007260,1
EVT_0007261,1
EVT_0007262,1
EVT_0007263,1
EVT_0007264,1
EVT_0007265,1
EVT_0007266,1
EVT_0007267,1
EVT_0007268,1
EVT_0007269,1
EVT_0007270,1
EVT_0007271,1
EVT_0007272,1
EVT_0007273,1
EVT_0007274,1
EVT_0007275,1
EVT_0007276,1
EVT_0007277,1
EVT_0007278,1
EVT_0007279,1
EVT_0007280,1
EVT_0007281,1
EVT_0007282,1
EVT_0007283,1
EVT_0007284,1
EVT_0007285,1
EVT_0007286,1
EVT_0007287,1
EVT_0007288,1
EVT_0007289,1
EVT_0007290,1
EVT_0007291,1
EVT_0007292,1
EVT_0007293,1
EVT_0007294,1
EVT_0007295,1
EVT_0007296,1
EVT_0007297,1
EVT_0007298,1
EVT_0007299,1
EVT_0007300,1
EVT_0007301,1
EVT_0007302,1
EVT_0007303,1
EVT_0007304,1
EVT_0007305,1
EVT_0007306,1
EVT_0007307,1
EVT_0007308,1
EVT_0007309,1
EVT_0007310,1
EVT_0007311,1
EVT_0007312,1
EVT_0007313,1
EVT_0007314,1
EVT_0007315,1
EVT_0007316,1
EVT_0007317,1
EVT_0007318,1
EVT_0007319,0
EVT_0007320,0
EVT_0007321,0
EVT_0007322,0
EVT_0007323,0
EVT_0007324,0
EVT_0007325,0
EVT_0007326,0
EVT_0007327,0
EVT_0007328,0
EVT_0007329,0
EVT_0007330,0
EVT_0007331,0
EVT_0007332,0
EVT_0007333,0
EVT_0007334,0
EVT_0007335,0
EVT_0007336,0
EVT_0007337,0
EVT_0007338,0
EVT_0007339,0
EVT_0007340,0
EVT_0007341,0
EVT_0007342,0
EVT_0007343,0
EVT_0007344,0
EVT_0007345,0
EVT_0007346,0
EVT_0007347,0
EVT_0007348,0
EVT_0007349,0
EVT_0007350,0
EVT_0007351,0
EVT_0007352,0
EVT_0007353,0
EVT_0007354,0
EVT_0007355,0
EVT_0007356,0
EVT_0007357,0
EVT_0007358,0
EVT_0007359,0
EVT_0007360,0
EVT_0007361,0
EVT_0007362,0
EVT_0007363,0
EVT_0007364,0
EVT_0007365,0
EVT_0007366,0
EVT_0007367,0
EVT_0007368,0
EVT_0007369,0
EVT_0007370,0
EVT_0007371,0
EVT_0007372,0
EVT_0007373,0
EVT_0007374,0
EVT_0007375,0
EVT_0007376,0
EVT_0007377,0
EVT_0007378,0
EVT_0007379,0
EVT_0007380,0
EVT_0007381,0
EVT_0007382,0
EVT_0007383,0
EVT_0007384,0
EVT_0007385,0
EVT_0007386,0
EVT_0007387,0
EVT_0007388,0
EVT_0007389,0
EVT_0007390,0
EVT_0007391,0
EVT_0007392,0
EVT_0007393,0
EVT_0007394,0
EVT_0007395,0
EVT_0007396,0
EVT_0007397,0
EVT_0007398,0
EVT_0007399,0
EVT_0007400,0
EVT_0007401,0
EVT_0007402,0
EVT_0007403,0
EVT_0007404,0
EVT_0007405,0
EVT_0007406,0
EVT_0007407,0
EVT_0007408,0
EVT_0007409,0
EVT_0007410,0
EVT_0007411,0
EVT_0007412,0
EVT_0007413,0
EVT_0007414,0
EVT_0007415,0
EVT_0007416,0
EVT_0007417,0
EVT_0007418,0
EVT_0007419,0
EVT_0007420,0
EVT_0007421,0
EVT_0007422,0
EVT_0007423,0
EVT_0007424,0
EVT_0007425,0
EVT_0007426,0
EVT_0007427,0
EVT_0007428,0
EVT_0007429,0
EVT_0007430,0
EVT_0007431,0
EVT_0007432,0
EVT_0007433,0
EVT_0007434,0
EVT_0007435,0
EVT_0007436,0
EVT_0007437,0
EVT_0007438,0
EVT_0007439,0
EVT_0007440,0
EVT_0007441,0
EVT_0007442,0
EVT_0007443,0
EVT_0007444,0
EVT_0007445,0
EVT_0007446,0
EVT_0007447,0
EVT_0007448,0
EVT_0007449,0
EVT_0007450,0
EVT_0007451,0
EVT_0007452,0
EVT_0007453,0
EVT_0007454,0
EVT_0007455,0
EVT_0007456,0
EVT_0007457,0
EVT_0007458,0
EVT_0007459,0
EVT_0007460,0
EVT_0007461,0
EVT_0007462,0
EVT_0007463,0
EVT_0007464,0
EVT_0007465,0
EVT_0007466,0
EVT_0007467,0
EVT_0007468,0
EVT_0007469,0
EVT_0007470,0
EVT_0007471,0
EVT_0007472,0
EVT_0007473,0
EVT_0007474,0
EVT_0007475,0
EVT_0007476,0
EVT_0007477,0
EVT_0007478,0
EVT_0007479,0
EVT_0007480,0
EVT_0007481,0
EVT_0007482,0
EVT_0007483,0
EVT_0007484,0
EVT_0007485,0
EVT_0007486,0
EVT_0007487,0
EVT_0007488,0
EVT_0007489,0
EVT_0007490,0
EVT_0007491,0
EVT_0007492,0
EVT_0007493,0
EVT_0007494,0
EVT_0007495,0
EVT_0007496,0
EVT_0007497,0
EVT_0007498,0
EVT_0007499,0
EVT_0007500,0
EVT_0007501,0
EVT_0007502,0
EVT_0007503,0
EVT_0007504,0
EVT_0007505,0
EVT_0007506,0
EVT_0007507,0
EVT_0007508,0
EVT_0007509,0
EVT_0007510,0
EVT_0007511,0
EVT_0007512,0
EVT_0007513,0
EVT_0007514,0
EVT_0007515,0
EVT_0007516,0
EVT_0007517,0
EVT_0007518,0
EVT_0007519,0
EVT_0007520,0
EVT_0007521,0
EVT_0007522,0
EVT_0007523,0
EVT_0007524,0
EVT_0007525,0
EVT_0007526,0
EVT_0007527,0
EVT_0007528,0
EVT_0007529,0
EVT_0007530,0
EVT_0007531,0
EVT_0007532,0
EVT_0007533,0
EVT_0007534,0
EVT_0007535,0
EVT_0007536,0
EVT_0007537,0
EVT_0007538,0
EVT_0007539,0
EVT_0007540,0
EVT_0007541,0
EVT_0007542,0
EVT_0007543,0
EVT_0007544,0
EVT_0007545,0
EVT_0007546,0
EVT_0007547,0
EVT_0007548,0
EVT_0007549,0
EVT_0007550,0
EVT_0007551,0
EVT_0007552,0
EVT_0007553,0
EVT_0007554,0
EVT_0007555,0
EVT_0007556,0
EVT_0007557,0
EVT_0007558,0
EVT_0007559,0
EVT_0007560,0
EVT_0007561,0
EVT_0007562,0
EVT_0007563,0
EVT_0007564,0
EVT_0007565,0
EVT_0007566,0
EVT_0007567,0
EVT_0007568,0
EVT_0007569,0
EVT_0007570,0
EVT_0007571,0
EVT_0007572,0
EVT_0007573,0
EVT_0007574,0
EVT_0007575,0
EVT_0007576,0
EVT_0007577,0
EVT_0007578,0
EVT_0007579,0
EVT_0007580,0
EVT_0007581,0
EVT_0007582,0
EVT_0007583,0
EVT_0007584,0
EVT_0007585,0
EVT_0007586,0
EVT_0007587,0
EVT_0007588,0
EVT_0007589,0
EVT_0007590,0
EVT_0007591,0
EVT_0007592,0
EVT_0007593,0
EVT_0007594,0
EVT_0007595,0
EVT_0007596,0
EVT_0007597,0
EVT_0007598,0
EVT_0007599,0
EVT_0007600,0
EVT_0007601,0
EVT_0007602,0
EVT_0007603,0
EVT_0007604,0
EVT_0007605,0
EVT_0007606,0
EVT_0007607,0
EVT_0007608,0
EVT_0007609,0
EVT_0007610,0
EVT_0007611,0
EVT_0007612,0
EVT_0007613,0
EVT_0007614,0
EVT_0007615,0
EVT_0007616,0
EVT_0007617,0
EVT_0007618,0
EVT_0007619,0
EVT_0007620,0
EVT_0007621,0
EVT_0007622,0
EVT_0007623,0
EVT_0007624,0
EVT_0007625,0
EVT_0007626,0
EVT_0007627,0
EVT_0007628,0
EVT_0007629,0
EVT_0007630,0
EVT_0007631,0
EVT_0007632,0
EVT_0007633,0
EVT_0007634,0
EVT_0007635,0
EVT_0007636,0
EVT_0007637,0
EVT_0007638,0
EVT_0007639,0
EVT_0007640,0
EVT_0007641,0
EVT_0007642,0
EVT_0007643,0
EVT_0007644,0
EVT_0007645,0
EVT_0007646,0
EVT_0007647,0
EVT_0007648,0
EVT_0007649,0
EVT_0007650,0
EVT_0007651,0
EVT_0007652,0
EVT_0007653,0
EVT_0007654,0
EVT_0007655,0
EVT_0007656,0
EVT_0007657,0
EVT_0007658,0
EVT_0007659,0
EVT_0007660,0
EVT_0007661,0
EVT_0007662,0
EVT_0007663,0
EVT_0007664,0
EVT_0007665,0
EVT_0007666,0
EVT_0007667,0
EVT_0007668,0
EVT_0007669,0
EVT_0007670,0
EVT_0007671,0
EVT_0007672,0
EVT_0007673,0
EVT_0007674,0
EVT_0007675,0
EVT_0007676,0
EVT_0007677,0
EVT_0007678,0
EVT_0007679,0
EVT_0007680,0
EVT_0007681,0
EVT_0007682,0
EVT_0007683,0
EVT_0007684,0
EVT_0007685,0
EVT_0007686,0
EVT_0007687,0
EVT_0007688,0
EVT_0007689,0
EVT_0007690,0
EVT_0007691,0
EVT_0007692,0
EVT_0007693,0
EVT_0007694,0
EVT_0007695,0
EVT_0007696,0
EVT_0007697,0
EVT_0007698,0
EVT_0007699,0
EVT_0007700,0
EVT_0007701,0
EVT_0007702,0
EVT_0007703,0
EVT_0007704,0
EVT_0007705,0
EVT_0007706,0
EVT_0007707,0
EVT_0007708,0
EVT_0007709,0
EVT_0007710,0
EVT_0007711,0
EVT_0007712,0
EVT_0007713,0
EVT_0007714,0
EVT_0007715,0
EVT_0007716,0
EVT_0007717,0
EVT_0007718,0
EVT_0007719,0
EVT_0007720,0
EVT_0007721,0
EVT_0007722,0
EVT_0007723,0
EVT_0007724,0
EVT_0007725,0
EVT_0007726,0
EVT_0007727,0
EVT_0007728,0
EVT_0007729,0
EVT_0007730,0
EVT_0007731,0
EVT_0007732,0
EVT_0007733,0
EVT_0007734,0
EVT_0007735,0
EVT_0007736,0
EVT_0007737,0
EVT_0007738,0
EVT_0007739,0
EVT_0007740,0
EVT_0007741,0
EVT_0007742,0
EVT_0007743,0
EVT_0007744,0
EVT_0007745,0
EVT_0007746,0
EVT_0007747,0
EVT_0007748,0
EVT_0007749,0
EVT_0007750,0
EVT_0007751,0
EVT_0007752,0
EVT_0007753,0
EVT_0007754,0
EVT_0007755,0
EVT_0007756,0
EVT_0007757,0
EVT_0007758,0
EVT_0007759,0
EVT_0007760,0
EVT_0007761,0
EVT_0007762,0
EVT_0007763,0
EVT_0007764,0
EVT_0007765,0
EVT_0007766,0
EVT_0007767,0
EVT_0007768,0
EVT_0007769,0
EVT_0007770,0
EVT_0007771,0
EVT_0007772,0
EVT_0007773,0
EVT_0007774,0
EVT_0007775,0
EVT_0007776,0
EVT_0007777,0
EVT_0007778,0
EVT_0007779,0
EVT_0007780,0
EVT_0007781,0
EVT_0007782,0
EVT_0007783,0
EVT_0007784,0
EVT_0007785,0
EVT_0007786,0
EVT_0007787,0
EVT_0007788,0
EVT_0007789,0
EVT_0007790,0
EVT_0007791,0
EVT_0007792,0
EVT_0007793,0
EVT_0007794,0
EVT_0007795,0
EVT_0007796,0
EVT_0007797,0
EVT_0007798,0
EVT_0007799,0
EVT_0007800,0
EVT_0007801,0
EVT_0007802,0
EVT_0007803,0
EVT_0007804,1
EVT_0007805,1
EVT_0007806,1
EVT_0007807,1
EVT_0007808,1
EVT_0007809,1
EVT_0007810,1
EVT_0007811,1
EVT_0007812,1
EVT_0007813,1
EVT_0007814,0
EVT_0007815,0
EVT_0007816,0
EVT_0007817,0
EVT_0007818,0
EVT_0007819,0
EVT_0007820,0
EVT_0007821,0
EVT_0007822,1
EVT_0007823,1
EVT_0007824,1
EVT_0007825,1
EVT_0007826,1
EVT_0007827,1
EVT_0007828,1
EVT_0007829,1
EVT_0007830,1
EVT_0007831,1
EVT_0007832,1
EVT_0007833,1
EVT_0007834,1
EVT_0007835,1
EVT_0007836,1
EVT_0007837,1
EVT_0007838,1
EVT_0007839,1
EVT_0007840,1
EVT_0007841,1
EVT_0007842,1
EVT_0007843,1
EVT_0007844,1
EVT_0007845,1
EVT_0007846,1
EVT_0007847,1
EVT_0007848,1
EVT_0007849,1
EVT_0007850,1
EVT_0007851,1
EVT_0007852,1
EVT_0007853,1
EVT_0007854,1
EVT_0007855,1
EVT_0007856,1
EVT_0007857,1
EVT_0007858,1
EVT_0007859,1
EVT_0007860,1
EVT_0007861,1
EVT_0007862,1
EVT_0007863,1
EVT_0007864,1
EVT_0007865,1
EVT_0007866,1
EVT_0007867,1
EVT_0007868,1
EVT_0007869,1
EVT_0007870,1
EVT_0007871,1
EVT_0007872,1
EVT_0007873,1
EVT_0007874,1
EVT_0007875,1
EVT_0007876,1
EVT_0007877,1
EVT_0007878,1
EVT_0007879,1
EVT_0007880,1
EVT_0007881,1
EVT_0007882,1
EVT_0007883,1
EVT_0007884,1
EVT_0007885,1
EVT_0007886,1
EVT_0007887,1
EVT_0007888,1
EVT_0007889,1
EVT_0007890,1
EVT_0007891,1
EVT_0007892,1
EVT_0007893,1
EVT_0007894,1
EVT_0007895,1
EVT_0007896,1
EVT_0007897,1
EVT_0007898,1
EVT_0007899,1
EVT_0007900,1
EVT_0007901,1
EVT_0007902,1
EVT_0007903,1
EVT_0007904,1
EVT_0007905,1
EVT_0007906,1
EVT_0007907,1
EVT_0007908,0
EVT_0007909,0
EVT_0007910,0
EVT_0007911,0
EVT_0007912,0
EVT_0007913,0
EVT_0007914,0
EVT_0007915,0
EVT_0007916,0
EVT_0007917,0
EVT_0007918,0
EVT_0007919,0
EVT_0007920,0
EVT_0007921,0
EVT_0007922,0
EVT_0007923,0
EVT_0007924,0
EVT_0007925,0
EVT_0007926,0
EVT_0007927,0
EVT_0007928,0
EVT_0007929,0
EVT_0007930,0
EVT_0007931,0
EVT_0007932,0
EVT_0007933,0
EVT_0007934,0
EVT_0007935,0
EVT_0007936,0
EVT_0007937,0
EVT_0007938,0
EVT_0007939,0
EVT_0007940,0
EVT_0007941,0
EVT_0007942,0
EVT_0007943,0
EVT_0007944,0
EVT_0007945,0
EVT_0007946,0
EVT_0007947,0
EVT_0007948,0
EVT_0007949,0
EVT_0007950,0
EVT_0007951,0
EVT_0007952,0
EVT_0007953,0
EVT_0007954,0
EVT_0007955,0
EVT_0007956,0
EVT_0007957,0
EVT_0007958,0
EVT_0007959,0
EVT_0007960,0
EVT_0007961,0
EVT_0007962,0
EVT_0007963,0
EVT_0007964,0
EVT_0007965,0
EVT_0007966,0
EVT_0007967,0
EVT_0007968,0
EVT_0007969,0
EVT_0007970,0
EVT_0007971,0
EVT_0007972,0
EVT_0007973,0
EVT_0007974,0
EVT_0007975,0
EVT_0007976,0
EVT_0007977,0
EVT_0007978,0
EVT_0007979,0
EVT_0007980,0
EVT_0007981,0
EVT_0007982,0
EVT_0007983,0
EVT_0007984,0
EVT_0007985,0
EVT_0007986,0
EVT_0007987,0
EVT_0007988,0
EVT_0007989,0
EVT_0007990,0
EVT_0007991,0
EVT_0007992,0
EVT_0007993,0
EVT_0007994,0
EVT_0007995,0
EVT_0007996,0
EVT_0007997,0
EVT_0007998,0
EVT_0007999,0
EVT_0008000,0
EVT_0008001,0
EVT_0008002,0
EVT_0008003,0
EVT_0008004,0
EVT_0008005,0
EVT_0008006,0
EVT_0008007,0
EVT_0008008,0
EVT_0008009,0
EVT_0008010,0
EVT_0008011,0
EVT_0008012,0
EVT_0008013,0
EVT_0008014,0
EVT_0008015,0
EVT_0008016,0
EVT_0008017,0
EVT_0008018,0
EVT_0008019,0
EVT_0008020,0
EVT_0008021,0
EVT_0008022,0
EVT_0008023,0
EVT_0008024,0
EVT_0008025,0
EVT_0008026,0
EVT_0008027,0
EVT_0008028,0
EVT_0008029,0
EVT_0008030,0
EVT_0008031,0
EVT_0008032,0
EVT_0008033,0
EVT_0008034,0
EVT_0008035,0
EVT_0008036,0
EVT_0008037,0
EVT_0008038,0
EVT_0008039,0
EVT_0008040,0
EVT_0008041,0
EVT_0008042,0
EVT_0008043,0
EVT_0008044,0
EVT_0008045,0
EVT_0008046,0
EVT_0008047,0
EVT_0008048,0
EVT_0008049,0
EVT_0008050,0
EVT_0008051,0
EVT_0008052,0
EVT_0008053,0
EVT_0008054,0
EVT_0008055,0
EVT_0008056,0
EVT_0008057,0
EVT_0008058,0
EVT_0008059,0
EVT_0008060,0
EVT_0008061,0
EVT_0008062,0
EVT_0008063,0
EVT_0008064,0
EVT_0008065,0
EVT_0008066,0
EVT_0008067,0
EVT_0008068,0
EVT_0008069,0
EVT_0008070,0
EVT_0008071,0
EVT_0008072,0
EVT_0008073,0
EVT_0008074,0
EVT_0008075,0
EVT_0008076,0
EVT_0008077,0
EVT_0008078,0
EVT_0008079,0
EVT_0008080,0
EVT_0008081,0
EVT_0008082,0
EVT_0008083,0
EVT_0008084,0
EVT_0008085,0
EVT_0008086,0
EVT_0008087,0
EVT_0008088,0
EVT_0008089,0
EVT_0008090,0
EVT_0008091,0
EVT_0008092,0
EVT_0008093,0
EVT_0008094,0
EVT_0008095,0
EVT_0008096,0
EVT_0008097,0
EVT_0008098,0
EVT_0008099,0
EVT_0008100,0
EVT_0008101,0
EVT_0008102,0
EVT_0008103,0
EVT_0008104,0
EVT_0008105,0
EVT_0008106,0
EVT_0008107,0
EVT_0008108,0
EVT_0008109,0
EVT_0008110,0
EVT_0008111,0
EVT_0008112,0
EVT_0008113,0
EVT_0008114,0
EVT_0008115,0
EVT_0008116,0
EVT_0008117,0
EVT_0008118,0
EVT_0008119,0
EVT_0008120,0
EVT_0008121,0
EVT_0008122,0
EVT_0008123,0
EVT_0008124,0
EVT_0008125,0
EVT_0008126,0
EVT_0008127,0
EVT_0008128,0
EVT_0008129,0
EVT_0008130,0
EVT_0008131,0
EVT_0008132,0
EVT_0008133,0
EVT_0008134,0
EVT_0008135,0
EVT_0008136,0
EVT_0008137,0
EVT_0008138,0
EVT_0008139,0
EVT_0008140,0
EVT_0008141,0
EVT_0008142,0
EVT_0008143,0
EVT_0008144,0
EVT_0008145,0
EVT_0008146,0
EVT_0008147,0
EVT_0008148,0
EVT_0008149,0
EVT_0008150,0
EVT_0008151,0
EVT_0008152,0
EVT_0008153,0
EVT_0008154,0
EVT_0008155,0
EVT_0008156,0
EVT_0008157,0
EVT_0008158,0
EVT_0008159,0
EVT_0008160,0
EVT_0008161,0
EVT_0008162,0
EVT_0008163,0
EVT_0008164,0
EVT_0008165,0
EVT_0008166,0
EVT_0008167,0
EVT_0008168,0
EVT_0008169,0
EVT_0008170,0
EVT_0008171,0
EVT_0008172,0
EVT_0008173,0
EVT_0008174,0
EVT_0008175,0
EVT_0008176,0
EVT_0008177,0
EVT_0008178,0
EVT_0008179,0
EVT_0008180,0
EVT_0008181,0
EVT_0008182,0
EVT_0008183,0
EVT_0008184,0
EVT_0008185,0
EVT_0008186,0
EVT_0008187,0
EVT_0008188,0
EVT_0008189,0
EVT_0008190,0
EVT_0008191,0
EVT_0008192,0
EVT_0008193,0
EVT_0008194,0
EVT_0008195,0
EVT_0008196,0
EVT_0008197,0
EVT_0008198,0
EVT_0008199,0
EVT_0008200,0
EVT_0008201,0
EVT_0008202,0
EVT_0008203,0
EVT_0008204,0
EVT_0008205,0
EVT_0008206,0
EVT_0008207,0
EVT_0008208,0
EVT_0008209,0
EVT_0008210,0
EVT_0008211,0
EVT_0008212,0
EVT_0008213,0
EVT_0008214,0
EVT_0008215,0
EVT_0008216,0
EVT_0008217,0
EVT_0008218,0
EVT_0008219,0
EVT_0008220,0
EVT_0008221,0
EVT_0008222,0
EVT_0008223,0
EVT_0008224,0
EVT_0008225,0
EVT_0008226,0
EVT_0008227,0
EVT_0008228,0
EVT_0008229,0
EVT_0008230,0
EVT_0008231,0
EVT_0008232,0
EVT_0008233,0
EVT_0008234,0
EVT_0008235,0
EVT_0008236,0
EVT_0008237,0
EVT_0008238,0
EVT_0008239,0
EVT_0008240,0
EVT_0008241,0
EVT_0008242,0
EVT_0008243,0
EVT_0008244,0
EVT_0008245,0
EVT_0008246,0
EVT_0008247,0
EVT_0008248,0
EVT_0008249,0
EVT_0008250,0
EVT_0008251,0
EVT_0008252,0
EVT_0008253,0
EVT_0008254,0
EVT_0008255,0
EVT_0008256,0
EVT_0008257,0
EVT_0008258,0
EVT_0008259,0
EVT_0008260,0
EVT_0008261,0
EVT_0008262,0
EVT_0008263,0
EVT_0008264,0
EVT_0008265,0
EVT_0008266,0
EVT_0008267,0
EVT_0008268,0
EVT_0008269,0
EVT_0008270,0
EVT_0008271,0
EVT_0008272,0
EVT_0008273,0
EVT_0008274,0
EVT_0008275,0
EVT_0008276,0
EVT_0008277,0
EVT_0008278,0
EVT_0008279,0
EVT_0008280,0
EVT_0008281,0
EVT_0008282,0
EVT_0008283,0
EVT_0008284,0
EVT_0008285,0
EVT_0008286,0
EVT_0008287,0
EVT_0008288,0
EVT_0008289,0
EVT_0008290,0
EVT_0008291,0
EVT_0008292,0
EVT_0008293,0
EVT_0008294,0
EVT_0008295,0
EVT_0008296,0
EVT_0008297,0
EVT_0008298,0
EVT_0008299,0
EVT_0008300,0
EVT_0008301,0
EVT_0008302,0
EVT_0008303,0
EVT_0008304,0
EVT_0008305,0
EVT_0008306,0
EVT_0008307,0
EVT_0008308,0
EVT_0008309,0
EVT_0008310,0
EVT_0008311,0
EVT_0008312,0
EVT_0008313,0
EVT_0008314,0
EVT_0008315,0
EVT_0008316,0
EVT_0008317,0
EVT_0008318,0
EVT_0008319,0
EVT_0008320,0
EVT_0008321,0
EVT_0008322,0
EVT_0008323,0
EVT_0008324,0
EVT_0008325,0
EVT_0008326,0
EVT_0008327,0
EVT_0008328,0
EVT_0008329,0
EVT_0008330,0
EVT_0008331,0
EVT_0008332,0
EVT_0008333,0
EVT_0008334,0
EVT_0008335,0
EVT_0008336,0
EVT_0008337,0
EVT_0008338,0
EVT_0008339,0
EVT_0008340,0
EVT_0008341,0
EVT_0008342,0
EVT_0008343,0
EVT_0008344,0
EVT_0008345,0
EVT_0008346,0
EVT_0008347,0
EVT_0008348,0
EVT_0008349,0
EVT_0008350,0
EVT_0008351,0
EVT_0008352,0
EVT_0008353,0
EVT_0008354,0
EVT_0008355,0
EVT_0008356,0
EVT_0008357,0
EVT_0008358,0
EVT_0008359,0
EVT_0008360,0
EVT_0008361,0
EVT_0008362,0
EVT_0008363,0
EVT_0008364,0
EVT_0008365,0
EVT_0008366,0
EVT_0008367,0
EVT_0008368,0
EVT_0008369,0
EVT_0008370,0
EVT_0008371,0
EVT_0008372,0
EVT_0008373,0
EVT_0008374,0
EVT_0008375,0
EVT_0008376,0
EVT_0008377,0
EVT_0008378,0
EVT_0008379,0
EVT_0008380,0
EVT_0008381,0
EVT_0008382,0
EVT_0008383,0
EVT_0008384,0
EVT_0008385,0
EVT_0008386,0
EVT_0008387,0
EVT_0008388,0
EVT_0008389,0
EVT_0008390,0
EVT_0008391,0
EVT_0008392,0
EVT_0008393,0
EVT_0008394,0
EVT_0008395,0
EVT_0008396,0
EVT_0008397,0
EVT_0008398,0
EVT_0008399,0
EVT_0008400,0
EVT_0008401,0
EVT_0008402,0
EVT_0008403,0
EVT_0008404,0
EVT_0008405,0
EVT_0008406,0
EVT_0008407,0
EVT_0008408,0
EVT_0008409,0
EVT_0008410,0
EVT_0008411,0
EVT_0008412,0
EVT_0008413,0
EVT_0008414,0
EVT_0008415,0
EVT_0008416,0
EVT_0008417,0
EVT_0008418,0
EVT_0008419,0
EVT_0008420,1
EVT_0008421,1
EVT_0008422,1
EVT_0008423,1
EVT_0008424,1
EVT_0008425,1
EVT_0008426,1
EVT_0008427,1
EVT_0008428,1
EVT_0008429,1
EVT_0008430,1
EVT_0008431,1
EVT_0008432,1
EVT_0008433,1
EVT_0008434,1
EVT_0008435,0
EVT_0008436,0
EVT_0008437,0
EVT_0008438,0
EVT_0008439,0
EVT_0008440,0
EVT_0008441,0
EVT_0008442,0
EVT_0008443,0
EVT_0008444,0
EVT_0008445,0
EVT_0008446,0
EVT_0008447,0
EVT_0008448,0
EVT_0008449,0
EVT_0008450,0
EVT_0008451,0
EVT_0008452,0
EVT_0008453,0
EVT_0008454,0
EVT_0008455,0
EVT_0008456,0
EVT_0008457,0
EVT_0008458,0
EVT_0008459,0
EVT_0008460,0
EVT_0008461,0
EVT_0008462,0
EVT_0008463,0
EVT_0008464,0
EVT_0008465,0
EVT_0008466,0
EVT_0008467,0
EVT_0008468,0
EVT_0008469,0
EVT_0008470,0
EVT_0008471,0
EVT_0008472,0
EVT_0008473,0
EVT_0008474,0
EVT_0008475,0
EVT_0008476,0
EVT_0008477,0
EVT_0008478,0
EVT_0008479,0
EVT_0008480,0
EVT_0008481,0
EVT_0008482,0
EVT_0008483,0
EVT_0008484,0
EVT_0008485,0
EVT_0008486,0
EVT_0008487,0
EVT_0008488,0
EVT_0008489,0
EVT_0008490,0
EVT_0008491,0
EVT_0008492,0
EVT_0008493,0
EVT_0008494,0
EVT_0008495,0
EVT_0008496,0
EVT_0008497,0
EVT_0008498,0
EVT_0008499,0
EVT_0008500,0
EVT_0008501,0
EVT_0008502,0
EVT_0008503,0
EVT_0008504,0
EVT_0008505,0
EVT_0008506,0
EVT_0008507,0
EVT_0008508,0
EVT_0008509,0
EVT_0008510,0
EVT_0008511,0
EVT_0008512,0
EVT_0008513,0
EVT_0008514,0
EVT_0008515,0
EVT_0008516,0
EVT_0008517,0
EVT_0008518,0
EVT_0008519,0
EVT_0008520,0
EVT_0008521,0
EVT_0008522,0
EVT_0008523,0
EVT_0008524,0
EVT_0008525,0
EVT_0008526,0
EVT_0008527,0
EVT_0008528,0
EVT_0008529,0
EVT_0008530,0
EVT_0008531,0
EVT_0008532,0
EVT_0008533,0
EVT_0008534,0
EVT_0008535,0
EVT_0008536,0
EVT_0008537,0
EVT_0008538,0
EVT_0008539,0
EVT_0008540,0
EVT_0008541,0
EVT_0008542,0
EVT_0008543,0
EVT_0008544,0
EVT_0008545,0
EVT_0008546,0
EVT_0008547,0
EVT_0008548,0
EVT_0008549,0
EVT_0008550,0
EVT_0008551,0
EVT_0008552,0
EVT_0008553,0
EVT_0008554,0
EVT_0008555,0
EVT_0008556,0
EVT_0008557,0
EVT_0008558,0
EVT_0008559,0
EVT_0008560,0
EVT_0008561,0
EVT_0008562,0
EVT_0008563,0
EVT_0008564,0
EVT_0008565,0
EVT_0008566,0
EVT_0008567,0
EVT_0008568,0
EVT_0008569,0
EVT_0008570,0
EVT_0008571,0
EVT_0008572,0
EVT_0008573,0
EVT_0008574,0
EVT_0008575,0
EVT_0008576,0
EVT_0008577,0
EVT_0008578,0
EVT_0008579,0
EVT_0008580,0
EVT_0008581,0
EVT_0008582,0
EVT_0008583,0
EVT_0008584,0
EVT_0008585,0
EVT_0008586,0
EVT_0008587,0
EVT_0008588,0
EVT_0008589,0
EVT_0008590,0
EVT_0008591,0
EVT_0008592,0
EVT_0008593,0
EVT_0008594,0
EVT_0008595,0
EVT_0008596,0
EVT_0008597,0
EVT_0008598,0
EVT_0008599,0
EVT_0008600,0
EVT_0008601,0
EVT_0008602,0
EVT_0008603,0
EVT_0008604,0
EVT_0008605,0
EVT_0008606,0
EVT_0008607,0
EVT_0008608,0
EVT_0008609,0
EVT_0008610,0
EVT_0008611,0
EVT_0008612,0
EVT_0008613,0
EVT_0008614,0
EVT_0008615,0
EVT_0008616,0
EVT_0008617,0
EVT_0008618,0
EVT_0008619,0
EVT_0008620,0
EVT_0008621,0
EVT_0008622,0
EVT_0008623,0
EVT_0008624,0
EVT_0008625,0
EVT_0008626,0
EVT_0008627,0
EVT_0008628,0
EVT_0008629,0
EVT_0008630,0
EVT_0008631,0
EVT_0008632,0
EVT_0008633,0
EVT_0008634,0
EVT_0008635,0
EVT_0008636,0
EVT_0008637,0
EVT_0008638,0
EVT_0008639,0
EVT_0008640,0
EVT_0008641,0
EVT_0008642,0
EVT_0008643,0
EVT_0008644,0
EVT_0008645,0
EVT_0008646,0
EVT_0008647,0
EVT_0008648,0
EVT_0008649,0
EVT_0008650,0
EVT_0008651,0
EVT_0008652,0
EVT_0008653,0
EVT_0008654,0
EVT_0008655,0
EVT_0008656,0
EVT_0008657,0
EVT_0008658,0
EVT_0008659,0
EVT_0008660,0
EVT_0008661,0
EVT_0008662,0
EVT_0008663,0
EVT_0008664,0
EVT_0008665,0
EVT_0008666,0
EVT_0008667,0
EVT_0008668,0
EVT_0008669,0
EVT_0008670,0
EVT_0008671,0
EVT_0008672,0
EVT_0008673,0
EVT_0008674,0
EVT_0008675,0
EVT_0008676,0
EVT_0008677,0
EVT_0008678,0
EVT_0008679,0
EVT_0008680,0
EVT_0008681,0
EVT_0008682,0
EVT_0008683,0
EVT_0008684,0
EVT_0008685,0
EVT_0008686,0
EVT_0008687,0
EVT_0008688,0
EVT_0008689,0
EVT_0008690,0
EVT_0008691,0
EVT_0008692,0
EVT_0008693,0
EVT_0008694,0
EVT_0008695,0
EVT_0008696,0
EVT_0008697,0
EVT_0008698,0
EVT_0008699,0
EVT_0008700,0
EVT_0008701,0
EVT_0008702,0
EVT_0008703,0
EVT_0008704,0
EVT_0008705,0
EVT_0008706,0
EVT_0008707,0
EVT_0008708,0
EVT_0008709,0
EVT_0008710,0
EVT_0008711,0
EVT_0008712,0
EVT_0008713,0
EVT_0008714,0
EVT_0008715,0
EVT_0008716,0
EVT_0008717,0
EVT_0008718,0
EVT_0008719,0
EVT_0008720,0
EVT_0008721,0
EVT_0008722,0
EVT_0008723,0
EVT_0008724,0
EVT_0008725,0
EVT_0008726,0
EVT_0008727,0
EVT_0008728,0
EVT_0008729,0
EVT_0008730,0
EVT_0008731,0
EVT_0008732,0
EVT_0008733,0
EVT_0008734,0
EVT_0008735,0
EVT_0008736,0
EVT_0008737,0
EVT_0008738,0
EVT_0008739,0
EVT_0008740,0
EVT_0008741,0
EVT_0008742,0
EVT_0008743,0
EVT_0008744,0
EVT_0008745,0
EVT_0008746,0
EVT_0008747,0
EVT_0008748,0
EVT_0008749,0
EVT_0008750,0
EVT_0008751,0
EVT_0008752,0
EVT_0008753,0
EVT_0008754,0
EVT_0008755,0
EVT_0008756,0
EVT_0008757,0
EVT_0008758,0
EVT_0008759,0
EVT_0008760,0
EVT_0008761,0
EVT_0008762,0
EVT_0008763,0
EVT_0008764,0
EVT_0008765,0
EVT_0008766,0
EVT_0008767,0
EVT_0008768,0
EVT_0008769,0
EVT_0008770,0
EVT_0008771,0
EVT_0008772,0
EVT_0008773,0
EVT_0008774,0
EVT_0008775,0
EVT_0008776,0
EVT_0008777,0
EVT_0008778,0
EVT_0008779,0
EVT_0008780,0
EVT_0008781,0
EVT_0008782,0
EVT_0008783,0
EVT_0008784,0
EVT_0008785,0
EVT_0008786,0
EVT_0008787,0
EVT_0008788,0
EVT_0008789,0
EVT_0008790,0
EVT_0008791,0
EVT_0008792,0
EVT_0008793,0
EVT_0008794,0
EVT_0008795,0
EVT_0008796,0
EVT_0008797,0
EVT_0008798,0
EVT_0008799,0
EVT_0008800,0
EVT_0008801,0
EVT_0008802,0
EVT_0008803,0
EVT_0008804,0
EVT_0008805,0
EVT_0008806,0
EVT_0008807,0
EVT_0008808,0
EVT_0008809,0
EVT_0008810,0
EVT_0008811,0
EVT_0008812,0
EVT_0008813,0
EVT_0008814,0
EVT_0008815,0
EVT_0008816,0
EVT_0008817,0
EVT_0008818,0
EVT_0008819,0
EVT_0008820,0
EVT_0008821,0
EVT_0008822,0
EVT_0008823,0
EVT_0008824,0
EVT_0008825,0
EVT_0008826,0
EVT_0008827,0
EVT_0008828,0
EVT_0008829,0
EVT_0008830,0
EVT_0008831,0
EVT_0008832,0
EVT_0008833,0
EVT_0008834,0
EVT_0008835,0
EVT_0008836,0
EVT_0008837,0
EVT_0008838,0
EVT_0008839,0
EVT_0008840,0
EVT_0008841,0
EVT_0008842,0
EVT_0008843,0
EVT_0008844,0
EVT_0008845,0
EVT_0008846,0
EVT_0008847,0
EVT_0008848,0
EVT_0008849,0
EVT_0008850,0
EVT_0008851,0
EVT_0008852,0
EVT_0008853,0
EVT_0008854,0
EVT_0008855,0
EVT_0008856,0
EVT_0008857,0
EVT_0008858,0
EVT_0008859,0
EVT_0008860,0
EVT_0008861,0
EVT_0008862,0
EVT_0008863,0
EVT_0008864,0
EVT_0008865,0
EVT_0008866,0
EVT_0008867,0
EVT_0008868,0
EVT_0008869,0
EVT_0008870,0
EVT_0008871,0
EVT_0008872,0
EVT_0008873,0
EVT_0008874,0
EVT_0008875,0
EVT_0008876,0
EVT_0008877,0
EVT_0008878,0
EVT_0008879,0
EVT_0008880,0
EVT_0008881,0
EVT_0008882,0
EVT_0008883,0
EVT_0008884,0
EVT_0008885,0
EVT_0008886,0
EVT_0008887,0
EVT_0008888,0
EVT_0008889,0
EVT_0008890,0
EVT_0008891,0
EVT_0008892,0
EVT_0008893,0
EVT_0008894,0
EVT_0008895,0
EVT_0008896,0
EVT_0008897,0
EVT_0008898,0
EVT_0008899,0
EVT_0008900,0
EVT_0008901,0
EVT_0008902,0
EVT_0008903,0
EVT_0008904,0
EVT_0008905,0
EVT_0008906,0
EVT_0008907,0
EVT_0008908,0
EVT_0008909,0
EVT_0008910,0
EVT_0008911,0
EVT_0008912,0
EVT_0008913,0
EVT_0008914,0
EVT_0008915,0
EVT_0008916,0
EVT_0008917,0
EVT_0008918,0
EVT_0008919,0
EVT_0008920,0
EVT_0008921,0
EVT_0008922,0
EVT_0008923,0
EVT_0008924,0
EVT_0008925,0
EVT_0008926,0
EVT_0008927,0
EVT_0008928,0
EVT_0008929,0
EVT_0008930,0
EVT_0008931,0
EVT_0008932,0
EVT_0008933,0
EVT_0008934,0
EVT_0008935,0
EVT_0008936,0
EVT_0008937,0
EVT_0008938,0
EVT_0008939,0
EVT_0008940,0
EVT_0008941,0
EVT_0008942,0
EVT_0008943,0
EVT_0008944,0
EVT_0008945,0
EVT_0008946,0
EVT_0008947,0
EVT_0008948,0
EVT_0008949,0
EVT_0008950,0
EVT_0008951,0
EVT_0008952,0
EVT_0008953,0
EVT_0008954,0
EVT_0008955,0
EVT_0008956,0
EVT_0008957,0
EVT_0008958,0
EVT_0008959,0
EVT_0008960,0
EVT_0008961,0
EVT_0008962,0
EVT_0008963,0
EVT_0008964,0
EVT_0008965,0
EVT_0008966,0
EVT_0008967,0
EVT_0008968,0
EVT_0008969,0
EVT_0008970,0
EVT_0008971,0
EVT_0008972,0
EVT_0008973,0
EVT_0008974,0
EVT_0008975,0
EVT_0008976,0
EVT_0008977,0
EVT_0008978,0
EVT_0008979,0
EVT_0008980,0
EVT_0008981,0
EVT_0008982,0
EVT_0008983,0
EVT_0008984,0
EVT_0008985,0
EVT_0008986,0
EVT_0008987,0
EVT_0008988,0
EVT_0008989,0
EVT_0008990,0
EVT_0008991,0
EVT_0008992,0
EVT_0008993,0
EVT_0008994,0
EVT_0008995,0
EVT_0008996,0
EVT_0008997,0
EVT_0008998,0
EVT_0008999,0
EVT_0009000,0
EVT_0009001,0
EVT_0009002,0
EVT_0009003,0
EVT_0009004,0
EVT_0009005,0
EVT_0009006,0
EVT_0009007,0
EVT_0009008,0
EVT_0009009,0
EVT_0009010,0
EVT_0009011,0
EVT_0009012,0
EVT_0009013,0
EVT_0009014,0
EVT_0009015,0
EVT_0009016,0
EVT_0009017,0
EVT_0009018,0
EVT_0009019,0
EVT_0009020,0
EVT_0009021,0
EVT_0009022,0
EVT_0009023,0
EVT_0009024,0
EVT_0009025,0
EVT_0009026,0
EVT_0009027,0
EVT_0009028,0
EVT_0009029,0
EVT_0009030,0
EVT_0009031,0
EVT_0009032,0
EVT_0009033,0
EVT_0009034,0
EVT_0009035,0
EVT_0009036,0
EVT_0009037,0
EVT_0009038,0
EVT_0009039,0
EVT_0009040,0
EVT_0009041,0
EVT_0009042,0
EVT_0009043,0
EVT_0009044,0
EVT_0009045,0
EVT_0009046,0
EVT_0009047,0
EVT_0009048,0
EVT_0009049,0
EVT_0009050,0
EVT_0009051,0
EVT_0009052,0
EVT_0009053,0
EVT_0009054,0
EVT_0009055,0
EVT_0009056,0
EVT_0009057,0
EVT_0009058,0
EVT_0009059,0
EVT_0009060,0
EVT_0009061,0
EVT_0009062,0
EVT_0009063,0
EVT_0009064,0
EVT_0009065,0
EVT_0009066,0
EVT_0009067,0
EVT_0009068,0
EVT_0009069,0
EVT_0009070,0
EVT_0009071,0
EVT_0009072,0
EVT_0009073,0
EVT_0009074,0
EVT_0009075,0
EVT_0009076,0
EVT_0009077,0
EVT_0009078,0
EVT_0009079,0
EVT_0009080,0
EVT_0009081,0
EVT_0009082,0
EVT_0009083,0
EVT_0009084,0
EVT_0009085,0
EVT_0009086,0
EVT_0009087,0
EVT_0009088,0
EVT_0009089,0
EVT_0009090,0
EVT_0009091,0
EVT_0009092,0
EVT_0009093,0
EVT_0009094,0
EVT_0009095,0
EVT_0009096,0
EVT_0009097,0
EVT_0009098,0
EVT_0009099,0
EVT_0009100,0
EVT_0009101,0
EVT_0009102,0
EVT_0009103,0
EVT_0009104,0
EVT_0009105,0
EVT_0009106,0
EVT_0009107,0
EVT_0009108,0
EVT_0009109,0
EVT_0009110,0
EVT_0009111,0
EVT_0009112,0
EVT_0009113,0
EVT_0009114,0
EVT_0009115,0
EVT_0009116,0
EVT_0009117,0
EVT_0009118,0
EVT_0009119,0
EVT_0009120,0
EVT_0009121,0
EVT_0009122,0
EVT_0009123,0
EVT_0009124,0
EVT_0009125,0
EVT_0009126,0
EVT_0009127,0
EVT_0009128,0
EVT_0009129,0
EVT_0009130,0
EVT_0009131,0
EVT_0009132,0
EVT_0009133,0
EVT_0009134,0
EVT_0009135,0
EVT_0009136,0
EVT_0009137,0
EVT_0009138,0
EVT_0009139,0
EVT_0009140,0
EVT_0009141,0
EVT_0009142,0
EVT_0009143,0
EVT_0009144,0
EVT_0009145,0
EVT_0009146,0
EVT_0009147,0
EVT_0009148,0
EVT_0009149,0
EVT_0009150,0
EVT_0009151,0
EVT_0009152,0
EVT_0009153,0
EVT_0009154,0
EVT_0009155,0
EVT_0009156,0
EVT_0009157,0
EVT_0009158,0
EVT_0009159,0
EVT_0009160,0
EVT_0009161,0
EVT_0009162,0
EVT_0009163,0
EVT_0009164,0
EVT_0009165,0
EVT_0009166,0
EVT_0009167,0
EVT_0009168,0
EVT_0009169,0
EVT_0009170,0
EVT_0009171,0
EVT_0009172,0
EVT_0009173,0
EVT_0009174,0
EVT_0009175,0
EVT_0009176,0
EVT_0009177,0
EVT_0009178,0
EVT_0009179,0
EVT_0009180,0
EVT_0009181,0
EVT_0009182,0
EVT_0009183,0
EVT_0009184,0
EVT_0009185,0
EVT_0009186,0
EVT_0009187,0
EVT_0009188,0
EVT_0009189,0
EVT_0009190,0
EVT_0009191,0
EVT_0009192,0
EVT_0009193,0
EVT_0009194,0
EVT_0009195,0
EVT_0009196,0
EVT_0009197,0
EVT_0009198,0
EVT_0009199,0
EVT_0009200,0
EVT_0009201,0
EVT_0009202,0
EVT_0009203,0
EVT_0009204,0
EVT_0009205,0
EVT_0009206,0
EVT_0009207,0
EVT_0009208,0
EVT_0009209,0
EVT_0009210,0
EVT_0009211,0
EVT_0009212,0
EVT_0009213,0
EVT_0009214,0
EVT_0009215,0
EVT_0009216,0
EVT_0009217,0
EVT_0009218,0
EVT_0009219,0
EVT_0009220,0
EVT_0009221,0
EVT_0009222,0
EVT_0009223,0
EVT_0009224,0
EVT_0009225,0
EVT_0009226,0
EVT_0009227,0
EVT_0009228,0
EVT_0009229,0
EVT_0009230,0
EVT_0009231,0
EVT_0009232,0
EVT_0009233,0
EVT_0009234,0
EVT_0009235,0
EVT_0009236,0
EVT_0009237,0
EVT_0009238,0
EVT_0009239,0
EVT_0009240,0
EVT_0009241,0
EVT_0009242,0
EVT_0009243,0
EVT_0009244,0
EVT_0009245,0
EVT_0009246,0
EVT_0009247,0
EVT_0009248,0
EVT_0009249,0
EVT_0009250,0
EVT_0009251,0
EVT_0009252,0
EVT_0009253,0
EVT_0009254,0
EVT_0009255,0
EVT_0009256,0
EVT_0009257,0
EVT_0009258,0
EVT_0009259,0
EVT_0009260,0
EVT_0009261,0
EVT_0009262,0
EVT_0009263,0
EVT_0009264,0
EVT_0009265,0
EVT_0009266,0
EVT_0009267,0
EVT_0009268,0
EVT_0009269,0
EVT_0009270,0
EVT_0009271,0
EVT_0009272,0
EVT_0009273,0
EVT_0009274,0
EVT_0009275,0
EVT_0009276,0
EVT_0009277,0
EVT_0009278,0
EVT_0009279,0
EVT_0009280,0
EVT_0009281,0
EVT_0009282,0
EVT_0009283,0
EVT_0009284,0
EVT_0009285,0
EVT_0009286,0
EVT_0009287,0
EVT_0009288,0
EVT_0009289,0
EVT_0009290,0
EVT_0009291,0
EVT_0009292,0
EVT_0009293,0
EVT_0009294,0
EVT_0009295,0
EVT_0009296,0
EVT_0009297,0
EVT_0009298,0
EVT_0009299,0
EVT_0009300,0
EVT_0009301,0
EVT_0009302,0
EVT_0009303,0
EVT_0009304,0
EVT_0009305,0
EVT_0009306,0
EVT_0009307,0
EVT_0009308,0
EVT_0009309,0
EVT_0009310,0
EVT_0009311,0
EVT_0009312,0
EVT_0009313,0
EVT_0009314,0
EVT_0009315,0
EVT_0009316,0
EVT_0009317,0
EVT_0009318,0
EVT_0009319,0
EVT_0009320,0
EVT_0009321,0
EVT_0009322,0
EVT_0009323,0
EVT_0009324,0
EVT_0009325,0
EVT_0009326,0
EVT_0009327,0
EVT_0009328,0
EVT_0009329,0
EVT_0009330,0
EVT_0009331,0
EVT_0009332,0
EVT_0009333,0
EVT_0009334,0
EVT_0009335,0
EVT_0009336,0
EVT_0009337,0
EVT_0009338,0
EVT_0009339,0
EVT_0009340,0
EVT_0009341,0
EVT_0009342,0
EVT_0009343,0
EVT_0009344,0
EVT_0009345,0
EVT_0009346,0
EVT_0009347,0
EVT_0009348,0
EVT_0009349,0
EVT_0009350,0
EVT_0009351,0
EVT_0009352,0
EVT_0009353,0
EVT_0009354,0
EVT_0009355,0
EVT_0009356,0
EVT_0009357,0
EVT_0009358,0
EVT_0009359,0
EVT_0009360,0
EVT_0009361,0
EVT_0009362,0
EVT_0009363,0
EVT_0009364,0
EVT_0009365,0
EVT_0009366,0
EVT_0009367,0
EVT_0009368,0
EVT_0009369,0
EVT_0009370,0
EVT_0009371,0
EVT_0009372,0
EVT_0009373,0
EVT_0009374,0
EVT_0009375,0
EVT_0009376,0
EVT_0009377,0
EVT_0009378,0
EVT_0009379,0
EVT_0009380,0
EVT_0009381,0
EVT_0009382,0
EVT_0009383,0
EVT_0009384,0
EVT_0009385,0
EVT_0009386,0
EVT_0009387,0
EVT_0009388,0
EVT_0009389,0
EVT_0009390,0
EVT_0009391,0
EVT_0009392,0
EVT_0009393,0
EVT_0009394,0
EVT_0009395,0
EVT_0009396,0
EVT_0009397,0
EVT_0009398,0
EVT_0009399,0
EVT_0009400,0
EVT_0009401,0
EVT_0009402,0
EVT_0009403,0
EVT_0009404,0
EVT_0009405,0
EVT_0009406,0
EVT_0009407,0
EVT_0009408,0
EVT_0009409,0
EVT_0009410,0
EVT_0009411,0
EVT_0009412,0
EVT_0009413,0
EVT_0009414,0
EVT_0009415,0
EVT_0009416,0
EVT_0009417,0
EVT_0009418,0
EVT_0009419,0
EVT_0009420,0
EVT_0009421,0
EVT_0009422,0
EVT_0009423,0
EVT_0009424,0
EVT_0009425,0
EVT_0009426,0
EVT_0009427,0
EVT_0009428,0
EVT_0009429,0
EVT_0009430,0
EVT_0009431,0
EVT_0009432,0
EVT_0009433,0
EVT_0009434,0
EVT_0009435,0
EVT_0009436,0
EVT_0009437,0
EVT_0009438,0
EVT_0009439,0
EVT_0009440,0
EVT_0009441,0
EVT_0009442,0
EVT_0009443,0
EVT_0009444,0
EVT_0009445,0
EVT_0009446,0
EVT_0009447,0
EVT_0009448,0
EVT_0009449,0
EVT_0009450,0
EVT_0009451,0
EVT_0009452,0
EVT_0009453,0
EVT_0009454,0
EVT_0009455,0
EVT_0009456,0
EVT_0009457,0
EVT_0009458,0
EVT_0009459,0
EVT_0009460,0
EVT_0009461,0
EVT_0009462,0
EVT_0009463,0
EVT_0009464,0
EVT_0009465,0
EVT_0009466,0
EVT_0009467,0
EVT_0009468,0
EVT_0009469,0
EVT_0009470,0
EVT_0009471,0
EVT_0009472,0
EVT_0009473,1
EVT_0009474,1
EVT_0009475,1
EVT_0009476,1
EVT_0009477,1
EVT_0009478,1
EVT_0009479,1
EVT_0009480,1
EVT_0009481,1
EVT_0009482,1
EVT_0009483,1
EVT_0009484,1
EVT_0009485,1
EVT_0009486,1
EVT_0009487,1
EVT_0009488,1
EVT_0009489,1
EVT_0009490,1
EVT_0009491,1
EVT_0009492,1
EVT_0009493,1
EVT_0009494,1
EVT_0009495,1
EVT_0009496,1
EVT_0009497,1
EVT_0009498,1
EVT_0009499,1
EVT_0009500,1
EVT_0009501,1
EVT_0009502,1
EVT_0009503,1
EVT_0009504,0
EVT_0009505,0
EVT_0009506,0
EVT_0009507,0
EVT_0009508,0
EVT_0009509,0
EVT_0009510,0
EVT_0009511,0
EVT_0009512,0
EVT_0009513,0
EVT_0009514,0
EVT_0009515,0
EVT_0009516,0
EVT_0009517,0
EVT_0009518,0
EVT_0009519,0
EVT_0009520,0
EVT_0009521,0
EVT_0009522,0
EVT_0009523,0
EVT_0009524,0
EVT_0009525,0
EVT_0009526,0
EVT_0009527,0
EVT_0009528,0
EVT_0009529,0
EVT_0009530,0
EVT_0009531,0
EVT_0009532,0
EVT_0009533,0
EVT_0009534,0
EVT_0009535,0
EVT_0009536,0
EVT_0009537,0
EVT_0009538,0
EVT_0009539,0
EVT_0009540,0
EVT_0009541,0
EVT_0009542,0
EVT_0009543,0
EVT_0009544,0
EVT_0009545,0
EVT_0009546,0
EVT_0009547,0
EVT_0009548,0
EVT_0009549,0
EVT_0009550,0
EVT_0009551,0
EVT_0009552,0
EVT_0009553,0
EVT_0009554,0
EVT_0009555,0
EVT_0009556,0
EVT_0009557,0
EVT_0009558,0
EVT_0009559,0
EVT_0009560,0
EVT_0009561,0
EVT_0009562,0
EVT_0009563,0
EVT_0009564,0
EVT_0009565,0
EVT_0009566,0
EVT_0009567,0
EVT_0009568,0
EVT_0009569,0
EVT_0009570,0
EVT_0009571,0
EVT_0009572,0
EVT_0009573,0
EVT_0009574,0
EVT_0009575,0
EVT_0009576,0
EVT_0009577,0
EVT_0009578,0
EVT_0009579,0
EVT_0009580,0
EVT_0009581,0
EVT_0009582,0
EVT_0009583,0
EVT_0009584,0
EVT_0009585,0
EVT_0009586,0
EVT_0009587,0
EVT_0009588,0
EVT_0009589,0
EVT_0009590,0
EVT_0009591,0
EVT_0009592,0
EVT_0009593,0
EVT_0009594,0
EVT_0009595,0
EVT_0009596,0
EVT_0009597,0
EVT_0009598,0
EVT_0009599,0
EVT_0009600,0
EVT_0009601,0
EVT_0009602,0
EVT_0009603,0
EVT_0009604,0
EVT_0009605,0
EVT_0009606,0
EVT_0009607,0
EVT_0009608,0
EVT_0009609,0
EVT_0009610,0
EVT_0009611,0
EVT_0009612,0
EVT_0009613,0
EVT_0009614,0
EVT_0009615,0
EVT_0009616,0
EVT_0009617,0
EVT_0009618,0
EVT_0009619,0
EVT_0009620,0
EVT_0009621,0
EVT_0009622,0
EVT_0009623,0
EVT_0009624,0
EVT_0009625,0
EVT_0009626,0
EVT_0009627,0
EVT_0009628,0
EVT_0009629,0
EVT_0009630,0
EVT_0009631,0
EVT_0009632,0
EVT_0009633,0
EVT_0009634,0
EVT_0009635,0
EVT_0009636,0
EVT_0009637,0
EVT_0009638,0
EVT_0009639,0
EVT_0009640,0
EVT_0009641,0
EVT_0009642,0
EVT_0009643,0
EVT_0009644,0
EVT_0009645,0
EVT_0009646,0
EVT_0009647,0
EVT_0009648,0
EVT_0009649,0
EVT_0009650,0
EVT_0009651,0
EVT_0009652,0
EVT_0009653,0
EVT_0009654,0
EVT_0009655,0
EVT_0009656,0
EVT_0009657,0
EVT_0009658,0
EVT_0009659,0
EVT_0009660,0
EVT_0009661,0
EVT_0009662,0
EVT_0009663,0
EVT_0009664,0
EVT_0009665,0
EVT_0009666,0
EVT_0009667,0
EVT_0009668,0
EVT_0009669,0
EVT_0009670,0
EVT_0009671,0
EVT_0009672,0
EVT_0009673,0
EVT_0009674,0
EVT_0009675,0
EVT_0009676,0
EVT_0009677,0
EVT_0009678,0
EVT_0009679,0
EVT_0009680,0
EVT_0009681,0
EVT_0009682,0
EVT_0009683,0
EVT_0009684,0
EVT_0009685,0
EVT_0009686,0
EVT_0009687,0
EVT_0009688,0
EVT_0009689,0
EVT_0009690,0
EVT_0009691,0
EVT_0009692,0
EVT_0009693,0
EVT_0009694,0
EVT_0009695,0
EVT_0009696,0
EVT_0009697,0
EVT_0009698,0
EVT_0009699,0
EVT_0009700,0
EVT_0009701,0
EVT_0009702,0
EVT_0009703,0
EVT_0009704,0
EVT_0009705,0
EVT_0009706,0
EVT_0009707,0
EVT_0009708,0
EVT_0009709,0
EVT_0009710,0
EVT_0009711,0
EVT_0009712,0
EVT_0009713,0
EVT_0009714,0
EVT_0009715,0
EVT_0009716,0
EVT_0009717,0
EVT_0009718,0
EVT_0009719,0
EVT_0009720,0
EVT_0009721,0
EVT_0009722,0
EVT_0009723,0
EVT_0009724,0
EVT_0009725,0
EVT_0009726,0
EVT_0009727,0
EVT_0009728,0
EVT_0009729,0
EVT_0009730,0
EVT_0009731,0
EVT_0009732,0
EVT_0009733,0
EVT_0009734,0
EVT_0009735,0
EVT_0009736,0
EVT_0009737,0
EVT_0009738,0
EVT_0009739,0
EVT_0009740,0
EVT_0009741,0
EVT_0009742,0
EVT_0009743,0
EVT_0009744,0
EVT_0009745,0
EVT_0009746,0
EVT_0009747,0
EVT_0009748,0
EVT_0009749,0
EVT_0009750,0
EVT_0009751,0
EVT_0009752,0
EVT_0009753,0
EVT_0009754,0
EVT_0009755,0
EVT_0009756,0
EVT_0009757,0
EVT_0009758,0
EVT_0009759,0
EVT_0009760,0
EVT_0009761,0
EVT_0009762,0
EVT_0009763,0
EVT_0009764,0
EVT_0009765,0
EVT_0009766,0
EVT_0009767,0
EVT_0009768,0
EVT_0009769,0
EVT_0009770,0
EVT_0009771,0
EVT_0009772,0
EVT_0009773,0
EVT_0009774,0
EVT_0009775,0
EVT_0009776,0
EVT_0009777,0
EVT_0009778,0
EVT_0009779,0
EVT_0009780,0
EVT_0009781,0
EVT_0009782,0
EVT_0009783,0
EVT_0009784,0
EVT_0009785,0
EVT_0009786,0
EVT_0009787,0
EVT_0009788,0
EVT_0009789,0
EVT_0009790,0
EVT_0009791,0
EVT_0009792,0
EVT_0009793,0
EVT_0009794,0
EVT_0009795,0
EVT_0009796,0
EVT_0009797,0
EVT_0009798,0
EVT_0009799,0
EVT_0009800,0
EVT_0009801,0
EVT_0009802,0
EVT_0009803,0
EVT_0009804,0
EVT_0009805,0
EVT_0009806,0
EVT_0009807,0
EVT_0009808,0
EVT_0009809,0
EVT_0009810,0
EVT_0009811,0
EVT_0009812,0
EVT_0009813,0
EVT_0009814,0
EVT_0009815,0
EVT_0009816,0
EVT_0009817,0
EVT_0009818,0
EVT_0009819,0
EVT_0009820,0
EVT_0009821,0
EVT_0009822,0
EVT_0009823,0
EVT_0009824,0
EVT_0009825,0
EVT_0009826,0
EVT_0009827,0
EVT_0009828,0
EVT_0009829,0
EVT_0009830,0
EVT_0009831,0
EVT_0009832,0
EVT_0009833,0
EVT_0009834,0
EVT_0009835,0
EVT_0009836,0
EVT_0009837,0
EVT_0009838,0
EVT_0009839,0
EVT_0009840,0
EVT_0009841,0
EVT_0009842,0
EVT_0009843,0
EVT_0009844,0
EVT_0009845,0
EVT_0009846,0
EVT_0009847,0
EVT_0009848,0
EVT_0009849,0
EVT_0009850,0
EVT_0009851,0
EVT_0009852,0
EVT_0009853,0
EVT_0009854,0
EVT_0009855,0
EVT_0009856,0
EVT_0009857,0
EVT_0009858,0
EVT_0009859,0
EVT_0009860,0
EVT_0009861,0
EVT_0009862,0
EVT_0009863,0
EVT_0009864,0
EVT_0009865,0
EVT_0009866,0
EVT_0009867,0
EVT_0009868,0
EVT_0009869,0
EVT_0009870,0
EVT_0009871,0
EVT_0009872,0
EVT_0009873,0
EVT_0009874,0
EVT_0009875,0
EVT_0009876,0
EVT_0009877,0
EVT_0009878,0
EVT_0009879,0
EVT_0009880,0
EVT_0009881,0
EVT_0009882,0
EVT_0009883,0
EVT_0009884,0
EVT_0009885,0
EVT_0009886,0
EVT_0009887,0
EVT_0009888,0
EVT_0009889,0
EVT_0009890,0
EVT_0009891,0
EVT_0009892,0
EVT_0009893,0
EVT_0009894,0
EVT_0009895,0
EVT_0009896,0
EVT_0009897,0
EVT_0009898,0
EVT_0009899,0
EVT_0009900,0
EVT_0009901,0
EVT_0009902,0
EVT_0009903,0
EVT_0009904,0
EVT_0009905,0
EVT_0009906,0
EVT_0009907,0
EVT_0009908,0
EVT_0009909,0
EVT_0009910,0
EVT_0009911,0
EVT_0009912,0
EVT_0009913,0
EVT_0009914,0
EVT_0009915,0
EVT_0009916,0
EVT_0009917,0
EVT_0009918,0
EVT_0009919,0
EVT_0009920,0
EVT_0009921,0
EVT_0009922,0
EVT_0009923,0
EVT_0009924,0
EVT_0009925,0
EVT_0009926,0
EVT_0009927,0
EVT_0009928,0
EVT_0009929,0
EVT_0009930,0
EVT_0009931,0
EVT_0009932,0
EVT_0009933,0
EVT_0009934,0
EVT_0009935,0
EVT_0009936,0
EVT_0009937,0
EVT_0009938,0
EVT_0009939,0
EVT_0009940,0
EVT_0009941,0
EVT_0009942,0
EVT_0009943,0
EVT_0009944,0
EVT_0009945,0
EVT_0009946,0
EVT_0009947,0
EVT_0009948,0
EVT_0009949,0
EVT_0009950,0
EVT_0009951,0
EVT_0009952,0
EVT_0009953,0
EVT_0009954,0
EVT_0009955,0
EVT_0009956,0
EVT_0009957,0
EVT_0009958,0
EVT_0009959,0
EVT_0009960,0
EVT_0009961,0
EVT_0009962,0
EVT_0009963,0
EVT_0009964,0
EVT_0009965,0
EVT_0009966,0
EVT_0009967,0
EVT_0009968,0
EVT_0009969,0
EVT_0009970,0
EVT_0009971,0
EVT_0009972,0
EVT_0009973,0
EVT_0009974,0
EVT_0009975,0
EVT_0009976,0
EVT_0009977,0
EVT_0009978,0
EVT_0009979,0
EVT_0009980,0
EVT_0009981,0
EVT_0009982,0
EVT_0009983,0
EVT_0009984,0
EVT_0009985,0
EVT_0009986,0
EVT_0009987,0
EVT_0009988,0
EVT_0009989,0
EVT_0009990,0
EVT_0009991,0
EVT_0009992,0
EVT_0009993,0
EVT_0009994,0
EVT_0009995,0
EVT_0009996,0
EVT_0009997,0
EVT_0009998,0
EVT_0009999,0
EVT_0010000,0
EVT_0010001,0
EVT_0010002,0
EVT_0010003,0
EVT_0010004,0
EVT_0010005,0
EVT_0010006,0
EVT_0010007,0
EVT_0010008,0
EVT_0010009,0
EVT_0010010,0
EVT_0010011,0
EVT_0010012,0
EVT_0010013,0
EVT_0010014,0
EVT_0010015,0
EVT_0010016,0
EVT_0010017,0
EVT_0010018,0
EVT_0010019,0
EVT_0010020,0
EVT_0010021,0
EVT_0010022,0
EVT_0010023,0
EVT_0010024,0
EVT_0010025,0
EVT_0010026,0
EVT_0010027,0
EVT_0010028,0
EVT_0010029,0
EVT_0010030,0
EVT_0010031,0
EVT_0010032,0
EVT_0010033,0
EVT_0010034,0
EVT_0010035,0
EVT_0010036,0
EVT_0010037,0
EVT_0010038,0
EVT_0010039,0
EVT_0010040,0
EVT_0010041,0
EVT_0010042,0
EVT_0010043,0
EVT_0010044,0
EVT_0010045,0
EVT_0010046,0
EVT_0010047,0
EVT_0010048,0
EVT_0010049,0
EVT_0010050,0
EVT_0010051,0
EVT_0010052,0
EVT_0010053,0
EVT_0010054,0
EVT_0010055,0
EVT_0010056,0
EVT_0010057,0
EVT_0010058,0
EVT_0010059,0
EVT_0010060,0
EVT_0010061,0
EVT_0010062,0
EVT_0010063,0
EVT_0010064,0
EVT_0010065,0
EVT_0010066,0
EVT_0010067,0
EVT_0010068,0
EVT_0010069,0
EVT_0010070,0
EVT_0010071,0
EVT_0010072,0
EVT_0010073,0
EVT_0010074,0
EVT_0010075,0
EVT_0010076,0
EVT_0010077,0
EVT_0010078,0
EVT_0010079,0
EVT_0010080,0
EVT_0010081,0
EVT_0010082,0
EVT_0010083,0
EVT_0010084,0
EVT_0010085,0
EVT_0010086,0
EVT_0010087,0
EVT_0010088,0
EVT_0010089,0
EVT_0010090,0
EVT_0010091,0
EVT_0010092,0
EVT_0010093,0
EVT_0010094,0
EVT_0010095,0
EVT_0010096,0
EVT_0010097,0
EVT_0010098,0
EVT_0010099,0
EVT_0010100,0
EVT_0010101,0
EVT_0010102,0
EVT_0010103,0
EVT_0010104,0
EVT_0010105,0
EVT_0010106,0
EVT_0010107,0
EVT_0010108,0
EVT_0010109,0
EVT_0010110,0
EVT_0010111,0
EVT_0010112,0
EVT_0010113,0
EVT_0010114,0
EVT_0010115,0
EVT_0010116,0
EVT_0010117,0
EVT_0010118,0
EVT_0010119,0
EVT_0010120,0
EVT_0010121,0
EVT_0010122,0
EVT_0010123,0
EVT_0010124,0
EVT_0010125,0
EVT_0010126,0
EVT_0010127,0
EVT_0010128,0
EVT_0010129,0
EVT_0010130,0
EVT_0010131,0
EVT_0010132,0
EVT_0010133,0
EVT_0010134,0
EVT_0010135,0
EVT_0010136,0
EVT_0010137,0
EVT_0010138,0
EVT_0010139,0
EVT_0010140,0
EVT_0010141,0
EVT_0010142,0
EVT_0010143,0
EVT_0010144,0
EVT_0010145,0
EVT_0010146,0
EVT_0010147,0
EVT_0010148,0
EVT_0010149,0
EVT_0010150,0
EVT_0010151,0
EVT_0010152,0
EVT_0010153,0
EVT_0010154,0
EVT_0010155,0
EVT_0010156,0
EVT_0010157,0
EVT_0010158,0
EVT_0010159,0
EVT_0010160,0
EVT_0010161,0
EVT_0010162,0
EVT_0010163,0
EVT_0010164,0
EVT_0010165,0
EVT_0010166,0
EVT_0010167,0
EVT_0010168,0
EVT_0010169,0
EVT_0010170,0
EVT_0010171,0
EVT_0010172,0
EVT_0010173,0
EVT_0010174,0
EVT_0010175,0
EVT_0010176,0
EVT_0010177,0
EVT_0010178,0
EVT_0010179,0
EVT_0010180,0
EVT_0010181,0
EVT_0010182,0
EVT_0010183,0
EVT_0010184,0
EVT_0010185,0
EVT_0010186,0
EVT_0010187,0
EVT_0010188,0
EVT_0010189,0
EVT_0010190,0
EVT_0010191,0
EVT_0010192,0
EVT_0010193,0
EVT_0010194,0
EVT_0010195,0
EVT_0010196,0
EVT_0010197,0
EVT_0010198,0
EVT_0010199,0
EVT_0010200,0
EVT_0010201,0
EVT_0010202,0
EVT_0010203,0
EVT_0010204,0
EVT_0010205,0
EVT_0010206,0
EVT_0010207,0
EVT_0010208,0
EVT_0010209,0
EVT_0010210,0
EVT_0010211,0
EVT_0010212,0
EVT_0010213,0
EVT_0010214,0
EVT_0010215,0
EVT_0010216,0
EVT_0010217,0
EVT_0010218,0
EVT_0010219,0
EVT_0010220,0
EVT_0010221,0
EVT_0010222,0
EVT_0010223,0
EVT_0010224,0
EVT_0010225,0
EVT_0010226,0
EVT_0010227,0
EVT_0010228,0
EVT_0010229,0
EVT_0010230,0
EVT_0010231,0
EVT_0010232,0
EVT_0010233,0
EVT_0010234,0
EVT_0010235,0
EVT_0010236,0
EVT_0010237,0
EVT_0010238,0
EVT_0010239,0
EVT_0010240,0
EVT_0010241,0
EVT_0010242,0
EVT_0010243,0
EVT_0010244,0
EVT_0010245,0
EVT_0010246,0
EVT_0010247,0
EVT_0010248,0
EVT_0010249,0
EVT_0010250,0
EVT_0010251,0
EVT_0010252,0
EVT_0010253,0
EVT_0010254,0
EVT_0010255,0
EVT_0010256,0
EVT_0010257,0
EVT_0010258,0
EVT_0010259,0
EVT_0010260,0
EVT_0010261,0
EVT_0010262,0
EVT_0010263,0
EVT_0010264,0
EVT_0010265,0
EVT_0010266,0
EVT_0010267,0
EVT_0010268,0
EVT_0010269,0
EVT_0010270,0
EVT_0010271,0
EVT_0010272,0
EVT_0010273,0
EVT_0010274,0
EVT_0010275,0
EVT_0010276,0
EVT_0010277,0
EVT_0010278,0
EVT_0010279,0
EVT_0010280,0
EVT_0010281,0
EVT_0010282,0
EVT_0010283,0
EVT_0010284,0
EVT_0010285,0
EVT_0010286,0
EVT_0010287,0
EVT_0010288,0
EVT_0010289,0
EVT_0010290,0
EVT_0010291,0
EVT_0010292,0
EVT_0010293,0
EVT_0010294,0
EVT_0010295,0
EVT_0010296,0
EVT_0010297,0
EVT_0010298,0
EVT_0010299,0
EVT_0010300,0
EVT_0010301,0
EVT_0010302,0
EVT_0010303,0
EVT_0010304,0
EVT_0010305,0
EVT_0010306,0
EVT_0010307,0
EVT_0010308,0
EVT_0010309,0
EVT_0010310,0
EVT_0010311,0
EVT_0010312,0
EVT_0010313,0
EVT_0010314,0
EVT_0010315,0
EVT_0010316,0
EVT_0010317,0
EVT_0010318,0
EVT_0010319,0
EVT_0010320,0
EVT_0010321,0
EVT_0010322,0
EVT_0010323,0
EVT_0010324,0
EVT_0010325,0
EVT_0010326,0
EVT_0010327,0
EVT_0010328,0
EVT_0010329,0
EVT_0010330,0
EVT_0010331,0
EVT_0010332,0
EVT_0010333,0
EVT_0010334,0
EVT_0010335,0
EVT_0010336,0
EVT_0010337,0
EVT_0010338,0
EVT_0010339,0
EVT_0010340,0
EVT_0010341,0
EVT_0010342,0
EVT_0010343,0
EVT_0010344,0
EVT_0010345,0
EVT_0010346,0
EVT_0010347,0
EVT_0010348,0
EVT_0010349,0
EVT_0010350,0
EVT_0010351,0
EVT_0010352,0
EVT_0010353,0
EVT_0010354,0
EVT_0010355,0
EVT_0010356,0
EVT_0010357,0
EVT_0010358,0
EVT_0010359,0
EVT_0010360,0
EVT_0010361,0
EVT_0010362,0
EVT_0010363,0
EVT_0010364,0
EVT_0010365,0
EVT_0010366,0
EVT_0010367,0
EVT_0010368,0
EVT_0010369,0
EVT_0010370,0
EVT_0010371,0
EVT_0010372,0
EVT_0010373,0
EVT_0010374,0
EVT_0010375,0
EVT_0010376,0
EVT_0010377,0
EVT_0010378,0
EVT_0010379,0
EVT_0010380,0
EVT_0010381,0
EVT_0010382,0
EVT_0010383,0
EVT_0010384,0
EVT_0010385,0
EVT_0010386,0
EVT_0010387,0
EVT_0010388,0
EVT_0010389,0
EVT_0010390,0
EVT_0010391,0
EVT_0010392,0
EVT_0010393,0
EVT_0010394,0
EVT_0010395,0
EVT_0010396,0
EVT_0010397,0
EVT_0010398,0
EVT_0010399,0
EVT_0010400,0
EVT_0010401,0
EVT_0010402,0
EVT_0010403,0
EVT_0010404,0
EVT_0010405,0
EVT_0010406,0
EVT_0010407,0
EVT_0010408,0
EVT_0010409,0
EVT_0010410,0
EVT_0010411,0
EVT_0010412,0
EVT_0010413,0
EVT_0010414,0
EVT_0010415,0
EVT_0010416,0
EVT_0010417,0
EVT_0010418,0
EVT_0010419,0
EVT_0010420,0
EVT_0010421,0
EVT_0010422,0
EVT_0010423,0
EVT_0010424,0
EVT_0010425,0
EVT_0010426,0
EVT_0010427,0
EVT_0010428,0
EVT_0010429,0
EVT_0010430,0
EVT_0010431,0
EVT_0010432,0
EVT_0010433,0
EVT_0010434,0
EVT_0010435,0
EVT_0010436,0
EVT_0010437,0
EVT_0010438,0
EVT_0010439,0
EVT_0010440,0
EVT_0010441,0
EVT_0010442,0
EVT_0010443,0
EVT_0010444,0
EVT_0010445,0
EVT_0010446,0
EVT_0010447,0
EVT_0010448,0
EVT_0010449,0
EVT_0010450,0
EVT_0010451,0
EVT_0010452,0
EVT_0010453,0
EVT_0010454,0
EVT_0010455,0
EVT_0010456,0
EVT_0010457,0
EVT_0010458,0
EVT_0010459,0
EVT_0010460,0
EVT_0010461,0
EVT_0010462,0
EVT_0010463,0
EVT_0010464,0
EVT_0010465,0
EVT_0010466,0
EVT_0010467,0
EVT_0010468,0
EVT_0010469,0
EVT_0010470,0
EVT_0010471,0
EVT_0010472,0
EVT_0010473,0
EVT_0010474,0
EVT_0010475,0
EVT_0010476,0
EVT_0010477,0
EVT_0010478,0
EVT_0010479,0
EVT_0010480,0
EVT_0010481,0
EVT_0010482,0
EVT_0010483,0
EVT_0010484,0
EVT_0010485,0
EVT_0010486,0
EVT_0010487,0
EVT_0010488,0
EVT_0010489,0
EVT_0010490,0
EVT_0010491,0
EVT_0010492,0
EVT_0010493,0
EVT_0010494,0
EVT_0010495,0
EVT_0010496,0
EVT_0010497,0
EVT_0010498,0
EVT_0010499,0
EVT_0010500,0
EVT_0010501,0
EVT_0010502,0
EVT_0010503,0
EVT_0010504,0
EVT_0010505,0
EVT_0010506,0
EVT_0010507,0
EVT_0010508,0
EVT_0010509,0
EVT_0010510,0
EVT_0010511,0
EVT_0010512,0
EVT_0010513,0
EVT_0010514,0
EVT_0010515,0
EVT_0010516,0
EVT_0010517,0
EVT_0010518,0
EVT_0010519,0
EVT_0010520,0
EVT_0010521,0
EVT_0010522,0
EVT_0010523,0
EVT_0010524,0
EVT_0010525,0
EVT_0010526,0
EVT_0010527,0
EVT_0010528,0
EVT_0010529,0
EVT_0010530,0
EVT_0010531,0
EVT_0010532,0
EVT_0010533,0
EVT_0010534,0
EVT_0010535,0
EVT_0010536,0
EVT_0010537,0
EVT_0010538,0
EVT_0010539,0
EVT_0010540,0
EVT_0010541,0
EVT_0010542,0
EVT_0010543,0
EVT_0010544,0
EVT_0010545,0
EVT_0010546,0
EVT_0010547,0
EVT_0010548,0
EVT_0010549,0
EVT_0010550,0
EVT_0010551,0
EVT_0010552,0
EVT_0010553,0
EVT_0010554,0
EVT_0010555,0
EVT_0010556,0
EVT_0010557,0
EVT_0010558,0
EVT_0010559,0
EVT_0010560,0
EVT_0010561,0
EVT_0010562,0
EVT_0010563,0
EVT_0010564,0
EVT_0010565,0
EVT_0010566,0
EVT_0010567,0
EVT_0010568,0
EVT_0010569,0
EVT_0010570,0
EVT_0010571,0
EVT_0010572,0
EVT_0010573,0
EVT_0010574,0
EVT_0010575,0
EVT_0010576,0
EVT_0010577,0
EVT_0010578,0
EVT_0010579,0
EVT_0010580,0
EVT_0010581,0
EVT_0010582,0
EVT_0010583,0
EVT_0010584,0
EVT_0010585,0
EVT_0010586,0
EVT_0010587,0
EVT_0010588,0
EVT_0010589,0
EVT_0010590,0
EVT_0010591,0
EVT_0010592,0
EVT_0010593,0
EVT_0010594,0
EVT_0010595,0
EVT_0010596,0
EVT_0010597,0
EVT_0010598,0
EVT_0010599,0
EVT_0010600,0
EVT_0010601,0
EVT_0010602,0
EVT_0010603,0
EVT_0010604,0
EVT_0010605,0
EVT_0010606,0
EVT_0010607,0
EVT_0010608,0
EVT_0010609,0
EVT_0010610,0
EVT_0010611,0
EVT_0010612,0
EVT_0010613,0
EVT_0010614,0
EVT_0010615,0
EVT_0010616,0
EVT_0010617,0
EVT_0010618,0
EVT_0010619,0
EVT_0010620,0
EVT_0010621,0
EVT_0010622,0
EVT_0010623,0
EVT_0010624,0
EVT_0010625,0
EVT_0010626,0
EVT_0010627,0
EVT_0010628,0
EVT_0010629,0
EVT_0010630,0
EVT_0010631,0
EVT_0010632,0
EVT_0010633,0
EVT_0010634,0
EVT_0010635,0
EVT_0010636,0
EVT_0010637,0
EVT_0010638,0
EVT_0010639,0
EVT_0010640,0
EVT_0010641,0
EVT_0010642,0
EVT_0010643,0
EVT_0010644,0
EVT_0010645,0
EVT_0010646,0
EVT_0010647,0
EVT_0010648,0
EVT_0010649,0
EVT_0010650,0
EVT_0010651,0
EVT_0010652,0
EVT_0010653,0
EVT_0010654,0
EVT_0010655,0
EVT_0010656,0
EVT_0010657,0
EVT_0010658,0
EVT_0010659,0
EVT_0010660,0
EVT_0010661,0
EVT_0010662,0
EVT_0010663,0
EVT_0010664,0
EVT_0010665,0
EVT_0010666,0
EVT_0010667,0
EVT_0010668,0
EVT_0010669,0
EVT_0010670,0
EVT_0010671,0
EVT_0010672,0
EVT_0010673,0
EVT_0010674,0
EVT_0010675,0
EVT_0010676,0
EVT_0010677,0
EVT_0010678,0
EVT_0010679,0
EVT_0010680,0
EVT_0010681,0
EVT_0010682,0
EVT_0010683,0
EVT_0010684,0
EVT_0010685,0
EVT_0010686,0
EVT_0010687,0
EVT_0010688,0
EVT_0010689,0
EVT_0010690,0
EVT_0010691,0
EVT_0010692,0
EVT_0010693,0
EVT_0010694,0
EVT_0010695,0
EVT_0010696,0
EVT_0010697,0
EVT_0010698,0
EVT_0010699,0
EVT_0010700,0
EVT_0010701,0
EVT_0010702,0
EVT_0010703,0
EVT_0010704,0
EVT_0010705,0
EVT_0010706,0
EVT_0010707,0
EVT_0010708,0
EVT_0010709,0
EVT_0010710,0
EVT_0010711,0
EVT_0010712,0
EVT_0010713,0
EVT_0010714,0
EVT_0010715,0
EVT_0010716,0
EVT_0010717,0
EVT_0010718,0
EVT_0010719,0
EVT_0010720,0
EVT_0010721,0
EVT_0010722,0
EVT_0010723,0
EVT_0010724,0
EVT_0010725,0
EVT_0010726,0
EVT_0010727,0
EVT_0010728,0
EVT_0010729,0
EVT_0010730,0
EVT_0010731,0
EVT_0010732,0
EVT_0010733,0
EVT_0010734,0
EVT_0010735,0
EVT_0010736,0
EVT_0010737,0
EVT_0010738,0
EVT_0010739,0
EVT_0010740,0
EVT_0010741,0
EVT_0010742,0
EVT_0010743,0
EVT_0010744,0
EVT_0010745,0
EVT_0010746,0
EVT_0010747,0
EVT_0010748,0
EVT_0010749,0
EVT_0010750,0
EVT_0010751,0
EVT_0010752,0
EVT_0010753,0
EVT_0010754,0
EVT_0010755,0
EVT_0010756,0
EVT_0010757,0
EVT_0010758,0
EVT_0010759,0
EVT_0010760,0
EVT_0010761,0
EVT_0010762,0
EVT_0010763,0
EVT_0010764,0
EVT_0010765,0
EVT_0010766,0
EVT_0010767,0
EVT_0010768,0
EVT_0010769,0
EVT_0010770,0
EVT_0010771,0
EVT_0010772,0
EVT_0010773,0
EVT_0010774,0
EVT_0010775,0
EVT_0010776,0
EVT_0010777,0
EVT_0010778,0
EVT_0010779,0
EVT_0010780,0
EVT_0010781,0
EVT_0010782,0
EVT_0010783,0
EVT_0010784,0
EVT_0010785,0
EVT_0010786,0
EVT_0010787,0
EVT_0010788,0
EVT_0010789,0
EVT_0010790,0
EVT_0010791,0
EVT_0010792,0
EVT_0010793,0
EVT_0010794,0
EVT_0010795,0
EVT_0010796,0
EVT_0010797,0
EVT_0010798,0
EVT_0010799,0
EVT_0010800,0
EVT_0010801,0
EVT_0010802,0
EVT_0010803,0
EVT_0010804,0
EVT_0010805,0
EVT_0010806,0
EVT_0010807,0
EVT_0010808,0
EVT_0010809,0
EVT_0010810,0
EVT_0010811,0
EVT_0010812,0
EVT_0010813,0
EVT_0010814,0
EVT_0010815,0
EVT_0010816,0
EVT_0010817,0
EVT_0010818,0
EVT_0010819,0
EVT_0010820,0
EVT_0010821,0
EVT_0010822,0
EVT_0010823,0
EVT_0010824,0
EVT_0010825,0
EVT_0010826,0
EVT_0010827,0
EVT_0010828,0
EVT_0010829,0
EVT_0010830,0
EVT_0010831,0
EVT_0010832,0
EVT_0010833,0
EVT_0010834,0
EVT_0010835,0
EVT_0010836,0
EVT_0010837,0
EVT_0010838,0
EVT_0010839,0
EVT_0010840,0
EVT_0010841,0
EVT_0010842,0
EVT_0010843,0
EVT_0010844,0
EVT_0010845,0
EVT_0010846,0
EVT_0010847,0
EVT_0010848,0
EVT_0010849,0
EVT_0010850,0
EVT_0010851,0
EVT_0010852,0
EVT_0010853,0
EVT_0010854,0
EVT_0010855,0
EVT_0010856,0
EVT_0010857,0
EVT_0010858,0
EVT_0010859,0
EVT_0010860,0
EVT_0010861,0
EVT_0010862,0
EVT_0010863,0
EVT_0010864,0
EVT_0010865,0
EVT_0010866,0
EVT_0010867,0
EVT_0010868,0
EVT_0010869,0
EVT_0010870,0
EVT_0010871,0
EVT_0010872,0
EVT_0010873,0
EVT_0010874,0
EVT_0010875,0
EVT_0010876,0
EVT_0010877,0
EVT_0010878,0
EVT_0010879,0
EVT_0010880,0
EVT_0010881,0
EVT_0010882,0
EVT_0010883,0
EVT_0010884,0
EVT_0010885,0
EVT_0010886,0
EVT_0010887,0
EVT_0010888,0
EVT_0010889,0
EVT_0010890,0
EVT_0010891,0
EVT_0010892,0
EVT_0010893,0
EVT_0010894,0
EVT_0010895,0
EVT_0010896,0
EVT_0010897,0
EVT_0010898,0
EVT_0010899,0
EVT_0010900,0
EVT_0010901,0
EVT_0010902,0
EVT_0010903,0
EVT_0010904,0
EVT_0010905,0
EVT_0010906,0
EVT_0010907,0
EVT_0010908,0
EVT_0010909,0
EVT_0010910,0
EVT_0010911,0
EVT_0010912,0
EVT_0010913,0
EVT_0010914,0
EVT_0010915,0
EVT_0010916,0
EVT_0010917,0
EVT_0010918,0
EVT_0010919,0
EVT_0010920,0
EVT_0010921,0
EVT_0010922,0
EVT_0010923,0
EVT_0010924,0
EVT_0010925,0
EVT_0010926,0
EVT_0010927,0
EVT_0010928,0
EVT_0010929,0
EVT_0010930,0
EVT_0010931,0
EVT_0010932,0
EVT_0010933,0
EVT_0010934,0
EVT_0010935,0
EVT_0010936,0
EVT_0010937,0
EVT_0010938,0
EVT_0010939,0
EVT_0010940,0
EVT_0010941,0
EVT_0010942,0
EVT_0010943,0
EVT_0010944,0
EVT_0010945,0
EVT_0010946,0
EVT_0010947,0
EVT_0010948,0
EVT_0010949,0
EVT_0010950,0
EVT_0010951,0
EVT_0010952,0
EVT_0010953,0
EVT_0010954,0
EVT_0010955,0
EVT_0010956,0
EVT_0010957,0
EVT_0010958,0
EVT_0010959,0
EVT_0010960,0
EVT_0010961,0
EVT_0010962,0
EVT_0010963,0
EVT_0010964,0
EVT_0010965,0
EVT_0010966,0
EVT_0010967,0
EVT_0010968,0
EVT_0010969,0
EVT_0010970,0
EVT_0010971,0
EVT_0010972,0
EVT_0010973,0
EVT_0010974,0
EVT_0010975,0
EVT_0010976,0
EVT_0010977,0
EVT_0010978,0
EVT_0010979,0
EVT_0010980,0
EVT_0010981,0
EVT_0010982,0
EVT_0010983,0
EVT_0010984,0
EVT_0010985,0
EVT_0010986,0
EVT_0010987,0
EVT_0010988,0
EVT_0010989,0
EVT_0010990,0
EVT_0010991,0
EVT_0010992,0
EVT_0010993,0
EVT_0010994,0
EVT_0010995,0
EVT_0010996,0
EVT_0010997,0
EVT_0010998,0
EVT_0010999,0
EVT_0011000,0
EVT_0011001,0
EVT_0011002,0
EVT_0011003,0
EVT_0011004,0
EVT_0011005,0
EVT_0011006,0
EVT_0011007,0
EVT_0011008,0
EVT_0011009,0
EVT_0011010,0
EVT_0011011,0
EVT_0011012,0
EVT_0011013,0
EVT_0011014,0
EVT_0011015,0
EVT_0011016,0
EVT_0011017,0
EVT_0011018,0
EVT_0011019,0
EVT_0011020,0
EVT_0011021,0
EVT_0011022,0
EVT_0011023,0
EVT_0011024,0
EVT_0011025,0
EVT_0011026,0
EVT_0011027,0
EVT_0011028,0
EVT_0011029,0
EVT_0011030,0
EVT_0011031,0
EVT_0011032,0
EVT_0011033,0
EVT_0011034,0
EVT_0011035,0
EVT_0011036,0
EVT_0011037,0
EVT_0011038,0
EVT_0011039,0
EVT_0011040,0
EVT_0011041,0
EVT_0011042,0
EVT_0011043,0
EVT_0011044,0
EVT_0011045,0
EVT_0011046,0
EVT_0011047,0
EVT_0011048,0
EVT_0011049,0
EVT_0011050,0
EVT_0011051,0
EVT_0011052,0
EVT_0011053,0
EVT_0011054,0
EVT_0011055,0
EVT_0011056,0
EVT_0011057,0
EVT_0011058,0
EVT_0011059,0
EVT_0011060,0
EVT_0011061,0
EVT_0011062,0
EVT_0011063,0
EVT_0011064,0
EVT_0011065,0
EVT_0011066,0
EVT_0011067,0
EVT_0011068,0
EVT_0011069,0
EVT_0011070,0
EVT_0011071,0
EVT_0011072,0
EVT_0011073,0
EVT_0011074,0
EVT_0011075,0
EVT_0011076,0
EVT_0011077,0
EVT_0011078,0
EVT_0011079,0
EVT_0011080,0
EVT_0011081,0
EVT_0011082,0
EVT_0011083,0
EVT_0011084,0
EVT_0011085,0
EVT_0011086,0
EVT_0011087,0
EVT_0011088,0
EVT_0011089,0
EVT_0011090,0
EVT_0011091,0
EVT_0011092,0
EVT_0011093,0
EVT_0011094,0
EVT_0011095,0
EVT_0011096,0
EVT_0011097,0
EVT_0011098,0
EVT_0011099,0
EVT_0011100,0
EVT_0011101,0
EVT_0011102,0
EVT_0011103,0
EVT_0011104,0
EVT_0011105,0
EVT_0011106,0
EVT_0011107,0
EVT_0011108,0
EVT_0011109,0
EVT_0011110,0
EVT_0011111,0
EVT_0011112,0
EVT_0011113,0
EVT_0011114,0
EVT_0011115,0
EVT_0011116,0
EVT_0011117,0
EVT_0011118,0
EVT_0011119,0
EVT_0011120,0
EVT_0011121,0
EVT_0011122,0
EVT_0011123,0
EVT_0011124,0
EVT_0011125,0
EVT_0011126,0
EVT_0011127,0
EVT_0011128,0
EVT_0011129,0
EVT_0011130,0
EVT_0011131,0
EVT_0011132,0
EVT_0011133,0
EVT_0011134,0
EVT_0011135,0
EVT_0011136,0
EVT_0011137,0
EVT_0011138,0
EVT_0011139,0
EVT_0011140,0
EVT_0011141,0
EVT_0011142,0
EVT_0011143,0
EVT_0011144,0
EVT_0011145,0
EVT_0011146,0
EVT_0011147,0
EVT_0011148,0
EVT_0011149,0
EVT_0011150,0
EVT_0011151,0
EVT_0011152,0
EVT_0011153,0
EVT_0011154,0
EVT_0011155,0
EVT_0011156,0
EVT_0011157,0
EVT_0011158,0
EVT_0011159,0
EVT_0011160,0
EVT_0011161,0
EVT_0011162,0
EVT_0011163,0
EVT_0011164,0
EVT_0011165,0
EVT_0011166,0
EVT_0011167,0
EVT_0011168,0
EVT_0011169,0
EVT_0011170,0
EVT_0011171,0
EVT_0011172,0
EVT_0011173,0
EVT_0011174,0
EVT_0011175,0
EVT_0011176,0
EVT_0011177,0
EVT_0011178,0
EVT_0011179,0
EVT_0011180,0
EVT_0011181,0
EVT_0011182,0
EVT_0011183,0
EVT_0011184,0
EVT_0011185,0
EVT_0011186,0
EVT_0011187,0
EVT_0011188,0
EVT_0011189,0
EVT_0011190,0
EVT_0011191,0
EVT_0011192,0
EVT_0011193,0
EVT_0011194,0
EVT_0011195,0
EVT_0011196,0
EVT_0011197,0
EVT_0011198,0
EVT_0011199,0
EVT_0011200,0
EVT_0011201,0
EVT_0011202,0
EVT_0011203,0
EVT_0011204,0
EVT_0011205,0
EVT_0011206,0
EVT_0011207,0
EVT_0011208,0
EVT_0011209,0
EVT_0011210,0
EVT_0011211,0
EVT_0011212,0
EVT_0011213,0
EVT_0011214,0
EVT_0011215,0
EVT_0011216,0
EVT_0011217,0
EVT_0011218,0
EVT_0011219,0
EVT_0011220,0
EVT_0011221,0
EVT_0011222,0
EVT_0011223,0
EVT_0011224,0
EVT_0011225,0
EVT_0011226,0
EVT_0011227,0
EVT_0011228,0
EVT_0011229,0
EVT_0011230,0
EVT_0011231,0
EVT_0011232,0
EVT_0011233,0
EVT_0011234,0
EVT_0011235,0
EVT_0011236,0
EVT_0011237,0
EVT_0011238,0
EVT_0011239,0
EVT_0011240,0
EVT_0011241,0
EVT_0011242,0
EVT_0011243,0
EVT_0011244,0
EVT_0011245,0
EVT_0011246,0
EVT_0011247,0
EVT_0011248,0
EVT_0011249,0
EVT_0011250,0
EVT_0011251,0
EVT_0011252,0
EVT_0011253,0
EVT_0011254,0
EVT_0011255,0
EVT_0011256,0
EVT_0011257,0
EVT_0011258,0
EVT_0011259,0
EVT_0011260,0
EVT_0011261,0
EVT_0011262,0
EVT_0011263,0
EVT_0011264,0
EVT_0011265,0
EVT_0011266,0
EVT_0011267,0
EVT_0011268,0
EVT_0011269,0
EVT_0011270,0
EVT_0011271,0
EVT_0011272,0
EVT_0011273,0
EVT_0011274,0
EVT_0011275,0
EVT_0011276,0
EVT_0011277,0
EVT_0011278,0
EVT_0011279,0
EVT_0011280,0
EVT_0011281,0
EVT_0011282,0
EVT_0011283,0
EVT_0011284,0
EVT_0011285,0
EVT_0011286,0
EVT_0011287,0
EVT_0011288,0
EVT_0011289,0
EVT_0011290,0
EVT_0011291,0
EVT_0011292,0
EVT_0011293,0
EVT_0011294,0
EVT_0011295,0
EVT_0011296,0
EVT_0011297,0
EVT_0011298,0
EVT_0011299,0
EVT_0011300,0
EVT_0011301,0
EVT_0011302,0
EVT_0011303,0
EVT_0011304,0
EVT_0011305,0
EVT_0011306,0
EVT_0011307,0
EVT_0011308,0
EVT_0011309,0
EVT_0011310,0
EVT_0011311,0
EVT_0011312,0
EVT_0011313,0
EVT_0011314,0
EVT_0011315,0
EVT_0011316,0
EVT_0011317,0
EVT_0011318,0
EVT_0011319,0
EVT_0011320,0
EVT_0011321,0
EVT_0011322,0
EVT_0011323,0
EVT_0011324,0
EVT_0011325,0
EVT_0011326,0
EVT_0011327,0
EVT_0011328,0
EVT_0011329,0
EVT_0011330,0
EVT_0011331,0
EVT_0011332,0
EVT_0011333,0
EVT_0011334,0
EVT_0011335,0
EVT_0011336,0
EVT_0011337,0
EVT_0011338,0
EVT_0011339,0
EVT_0011340,0
EVT_0011341,0
EVT_0011342,0
EVT_0011343,0
EVT_0011344,0
EVT_0011345,0
EVT_0011346,0
EVT_0011347,0
EVT_0011348,0
EVT_0011349,0
EVT_0011350,0
EVT_0011351,0
EVT_0011352,0
EVT_0011353,0
EVT_0011354,0
EVT_0011355,0
EVT_0011356,0
EVT_0011357,0
EVT_0011358,0
EVT_0011359,0
EVT_0011360,0
EVT_0011361,0
EVT_0011362,0
EVT_0011363,0
EVT_0011364,0
EVT_0011365,0
EVT_0011366,0
EVT_0011367,0
EVT_0011368,0
EVT_0011369,0
EVT_0011370,0
EVT_0011371,0
EVT_0011372,0
EVT_0011373,0
EVT_0011374,0
EVT_0011375,0
EVT_0011376,0
EVT_0011377,0
EVT_0011378,0
EVT_0011379,0
EVT_0011380,0
EVT_0011381,0
EVT_0011382,0
EVT_0011383,0
EVT_0011384,0
EVT_0011385,0
EVT_0011386,0
EVT_0011387,0
EVT_0011388,0
EVT_0011389,0
EVT_0011390,0
EVT_0011391,0
EVT_0011392,0
EVT_0011393,0
EVT_0011394,0
EVT_0011395,0
EVT_0011396,0
EVT_0011397,0
EVT_0011398,0
EVT_0011399,0
EVT_0011400,0
EVT_0011401,0
EVT_0011402,0
EVT_0011403,0
EVT_0011404,0
EVT_0011405,0
EVT_0011406,0
EVT_0011407,0
EVT_0011408,0
EVT_0011409,0
EVT_0011410,0
EVT_0011411,0
EVT_0011412,0
EVT_0011413,0
EVT_0011414,0
EVT_0011415,0
EVT_0011416,0
EVT_0011417,0
EVT_0011418,0
EVT_0011419,0
EVT_0011420,0
EVT_0011421,0
EVT_0011422,0
EVT_0011423,0
EVT_0011424,0
EVT_0011425,0
EVT_0011426,0
EVT_0011427,0
EVT_0011428,0
EVT_0011429,0
EVT_0011430,0
EVT_0011431,0
EVT_0011432,0
EVT_0011433,0
EVT_0011434,0
EVT_0011435,0
EVT_0011436,1
EVT_0011437,1
EVT_0011438,1
EVT_0011439,1
EVT_0011440,1
EVT_0011441,1
EVT_0011442,1
EVT_0011443,1
EVT_0011444,1
EVT_0011445,1
EVT_0011446,1
EVT_0011447,1
EVT_0011448,1
EVT_0011449,1
EVT_0011450,1
EVT_0011451,1
EVT_0011452,1
EVT_0011453,1
EVT_0011454,1
EVT_0011455,1
EVT_0011456,1
EVT_0011457,1
EVT_0011458,1
EVT_0011459,1
EVT_0011460,1
EVT_0011461,1
EVT_0011462,1
EVT_0011463,1
EVT_0011464,1
EVT_0011465,1
EVT_0011466,1
EVT_0011467,1
EVT_0011468,1
EVT_0011469,1
EVT_0011470,1
EVT_0011471,1
EVT_0011472,1
EVT_0011473,1
EVT_0011474,1
EVT_0011475,1
EVT_0011476,1
EVT_0011477,1
EVT_0011478,1
EVT_0011479,1
EVT_0011480,1
EVT_0011481,1
EVT_0011482,1
EVT_0011483,1
EVT_0011484,1
EVT_0011485,1
EVT_0011486,1
EVT_0011487,1
EVT_0011488,1
EVT_0011489,1
EVT_0011490,1
EVT_0011491,1
EVT_0011492,1
EVT_0011493,1
EVT_0011494,1
EVT_0011495,1
EVT_0011496,1
EVT_0011497,1
EVT_0011498,1
EVT_0011499,1
EVT_0011500,1
EVT_0011501,1
EVT_0011502,1
EVT_0011503,1
EVT_0011504,1
EVT_0011505,1
EVT_0011506,1
EVT_0011507,1
EVT_0011508,1
EVT_0011509,1
EVT_0011510,1
EVT_0011511,1
EVT_0011512,1
EVT_0011513,1
EVT_0011514,1
EVT_0011515,1
EVT_0011516,1
EVT_0011517,1
EVT_0011518,1
EVT_0011519,1
EVT_0011520,1
EVT_0011521,1
EVT_0011522,1
EVT_0011523,1
EVT_0011524,1
EVT_0011525,1
EVT_0011526,1
EVT_0011527,1
EVT_0011528,1
EVT_0011529,1
EVT_0011530,1
EVT_0011531,1
EVT_0011532,1
EVT_0011533,1
EVT_0011534,1
EVT_0011535,1
EVT_0011536,1
EVT_0011537,1
EVT_0011538,1
EVT_0011539,1
EVT_0011540,1
EVT_0011541,1
EVT_0011542,1
EVT_0011543,1
EVT_0011544,1
EVT_0011545,1
EVT_0011546,1
EVT_0011547,1
EVT_0011548,1
EVT_0011549,1
EVT_0011550,1
EVT_0011551,1
EVT_0011552,1
EVT_0011553,1
EVT_0011554,0
EVT_0011555,0
EVT_0011556,0
EVT_0011557,0
EVT_0011558,0
EVT_0011559,0
EVT_0011560,0
EVT_0011561,0
EVT_0011562,0
EVT_0011563,0
EVT_0011564,0
EVT_0011565,0
EVT_0011566,0
EVT_0011567,0
EVT_0011568,0
EVT_0011569,0
EVT_0011570,0
EVT_0011571,0
EVT_0011572,0
EVT_0011573,0
EVT_0011574,0
EVT_0011575,0
EVT_0011576,0
EVT_0011577,0
EVT_0011578,0
EVT_0011579,0
EVT_0011580,0
EVT_0011581,0
EVT_0011582,0
EVT_0011583,0
EVT_0011584,0
EVT_0011585,0
EVT_0011586,0
EVT_0011587,0
EVT_0011588,0
EVT_0011589,0
EVT_0011590,0
EVT_0011591,0
EVT_0011592,0
EVT_0011593,0
EVT_0011594,0
EVT_0011595,0
EVT_0011596,0
EVT_0011597,0
EVT_0011598,0
EVT_0011599,0
EVT_0011600,0
EVT_0011601,0
EVT_0011602,0
EVT_0011603,0
EVT_0011604,0
EVT_0011605,0
EVT_0011606,0
EVT_0011607,0
EVT_0011608,0
EVT_0011609,0
EVT_0011610,0
EVT_0011611,0
EVT_0011612,0
EVT_0011613,0
EVT_0011614,0
EVT_0011615,0
EVT_0011616,0
EVT_0011617,0
EVT_0011618,0
EVT_0011619,0
EVT_0011620,0
EVT_0011621,0
EVT_0011622,0
EVT_0011623,0
EVT_0011624,0
EVT_0011625,0
EVT_0011626,0
EVT_0011627,0
EVT_0011628,0
EVT_0011629,0
EVT_0011630,0
EVT_0011631,0
EVT_0011632,0
EVT_0011633,0
EVT_0011634,0
EVT_0011635,0
EVT_0011636,0
EVT_0011637,0
EVT_0011638,0
EVT_0011639,0
EVT_0011640,0
EVT_0011641,0
EVT_0011642,0
EVT_0011643,0
EVT_0011644,0
EVT_0011645,0
EVT_0011646,0
EVT_0011647,0
EVT_0011648,0
EVT_0011649,0
EVT_0011650,0
EVT_0011651,0
EVT_0011652,0
EVT_0011653,0
EVT_0011654,0
EVT_0011655,0
EVT_0011656,0
EVT_0011657,0
EVT_0011658,0
EVT_0011659,0
EVT_0011660,0
EVT_0011661,0
EVT_0011662,0
EVT_0011663,0
EVT_0011664,0
EVT_0011665,0
EVT_0011666,0
EVT_0011667,0
EVT_0011668,0
EVT_0011669,0
EVT_0011670,0
EVT_0011671,0
EVT_0011672,0
EVT_0011673,0
EVT_0011674,0
EVT_0011675,0
EVT_0011676,0
EVT_0011677,0
EVT_0011678,0
EVT_0011679,0
EVT_0011680,0
EVT_0011681,0
EVT_0011682,0
EVT_0011683,0
EVT_0011684,0
EVT_0011685,0
EVT_0011686,0
EVT_0011687,0
EVT_0011688,0
EVT_0011689,0
EVT_0011690,0
EVT_0011691,0
EVT_0011692,0
EVT_0011693,0
EVT_0011694,0
EVT_0011695,0
EVT_0011696,0
EVT_0011697,0
EVT_0011698,0
EVT_0011699,0
EVT_0011700,0
EVT_0011701,0
EVT_0011702,0
EVT_0011703,0
EVT_0011704,0
EVT_0011705,0
EVT_0011706,0
EVT_0011707,0
EVT_0011708,0
EVT_0011709,0
EVT_0011710,0
EVT_0011711,0
EVT_0011712,0
EVT_0011713,0
EVT_0011714,0
EVT_0011715,0
EVT_0011716,0
EVT_0011717,0
EVT_0011718,0
EVT_0011719,0
EVT_0011720,0
EVT_0011721,0
EVT_0011722,0
EVT_0011723,0
EVT_0011724,0
EVT_0011725,0
EVT_0011726,0
EVT_0011727,0
EVT_0011728,0
EVT_0011729,0
EVT_0011730,0
EVT_0011731,0
EVT_0011732,0
EVT_0011733,0
EVT_0011734,0
EVT_0011735,0
EVT_0011736,0
EVT_0011737,0
EVT_0011738,0
EVT_0011739,0
EVT_0011740,0
EVT_0011741,0
EVT_0011742,0
EVT_0011743,0
EVT_0011744,0
EVT_0011745,0
EVT_0011746,0
EVT_0011747,0
EVT_0011748,0
EVT_0011749,0
EVT_0011750,0
EVT_0011751,0
EVT_0011752,0
EVT_0011753,0
EVT_0011754,0
EVT_0011755,0
EVT_0011756,0
EVT_0011757,0
EVT_0011758,0
EVT_0011759,0
EVT_0011760,0
EVT_0011761,0
EVT_0011762,0
EVT_0011763,0
EVT_0011764,0
EVT_0011765,0
EVT_0011766,0
EVT_0011767,0
EVT_0011768,0
EVT_0011769,0
EVT_0011770,0
EVT_0011771,0
EVT_0011772,0
EVT_0011773,0
EVT_0011774,0
EVT_0011775,0
EVT_0011776,0
EVT_0011777,0
EVT_0011778,0
EVT_0011779,0
EVT_0011780,0
EVT_0011781,0
EVT_0011782,0
EVT_0011783,0
EVT_0011784,0
EVT_0011785,0
EVT_0011786,0
EVT_0011787,0
EVT_0011788,0
EVT_0011789,0
EVT_0011790,0
EVT_0011791,0
EVT_0011792,0
EVT_0011793,0
EVT_0011794,0
EVT_0011795,0
EVT_0011796,0
EVT_0011797,0
EVT_0011798,0
EVT_0011799,0
EVT_0011800,0
EVT_0011801,0
EVT_0011802,0
EVT_0011803,0
EVT_0011804,0
EVT_0011805,0
EVT_0011806,0
EVT_0011807,0
EVT_0011808,0
EVT_0011809,0
EVT_0011810,0
EVT_0011811,0
EVT_0011812,0
EVT_0011813,0
EVT_0011814,0
EVT_0011815,0
EVT_0011816,0
EVT_0011817,0
EVT_0011818,0
EVT_0011819,0
EVT_0011820,0
EVT_0011821,0
EVT_0011822,0
EVT_0011823,0
EVT_0011824,0
EVT_0011825,0
EVT_0011826,0
EVT_0011827,0
EVT_0011828,0
EVT_0011829,0
EVT_0011830,0
EVT_0011831,0
EVT_0011832,0
EVT_0011833,0
EVT_0011834,0
EVT_0011835,0
EVT_0011836,0
EVT_0011837,0
EVT_0011838,0
EVT_0011839,0
EVT_0011840,0
EVT_0011841,0
EVT_0011842,0
EVT_0011843,0
EVT_0011844,0
EVT_0011845,0
EVT_0011846,0
EVT_0011847,0
EVT_0011848,0
EVT_0011849,0
EVT_0011850,0
EVT_0011851,0
EVT_0011852,0
EVT_0011853,0
EVT_0011854,0
EVT_0011855,0
EVT_0011856,0
EVT_0011857,0
EVT_0011858,0
EVT_0011859,0
EVT_0011860,0
EVT_0011861,0
EVT_0011862,0
EVT_0011863,0
EVT_0011864,0
EVT_0011865,0
EVT_0011866,0
EVT_0011867,0
EVT_0011868,0
EVT_0011869,0
EVT_0011870,0
EVT_0011871,0
EVT_0011872,0
EVT_0011873,0
EVT_0011874,0
EVT_0011875,0
EVT_0011876,0
EVT_0011877,0
EVT_0011878,0
EVT_0011879,0
EVT_0011880,0
EVT_0011881,0
EVT_0011882,0
EVT_0011883,0
EVT_0011884,0
EVT_0011885,0
EVT_0011886,0
EVT_0011887,0
EVT_0011888,0
EVT_0011889,0
EVT_0011890,0
EVT_0011891,0
EVT_0011892,0
EVT_0011893,0
EVT_0011894,0
EVT_0011895,0
EVT_0011896,0
EVT_0011897,0
EVT_0011898,0
EVT_0011899,0
EVT_0011900,0
EVT_0011901,0
EVT_0011902,0
EVT_0011903,0
EVT_0011904,0
EVT_0011905,0
EVT_0011906,0
EVT_0011907,0
EVT_0011908,0
EVT_0011909,0
EVT_0011910,0
EVT_0011911,0
EVT_0011912,0
EVT_0011913,0
EVT_0011914,0
EVT_0011915,0
EVT_0011916,0
EVT_0011917,0
EVT_0011918,0
EVT_0011919,0
EVT_0011920,0
EVT_0011921,0
EVT_0011922,0
EVT_0011923,0
EVT_0011924,0
EVT_0011925,0
EVT_0011926,0
EVT_0011927,0
EVT_0011928,0
EVT_0011929,0
EVT_0011930,0
EVT_0011931,0
EVT_0011932,0
EVT_0011933,0
EVT_0011934,0
EVT_0011935,0
EVT_0011936,0
EVT_0011937,0
EVT_0011938,0
EVT_0011939,0
EVT_0011940,0
EVT_0011941,0
EVT_0011942,0
EVT_0011943,0
EVT_0011944,0
EVT_0011945,0
EVT_0011946,0
EVT_0011947,0
EVT_0011948,0
EVT_0011949,0
EVT_0011950,0
EVT_0011951,0
EVT_0011952,0
EVT_0011953,0
EVT_0011954,0
EVT_0011955,0
EVT_0011956,0
EVT_0011957,0
EVT_0011958,0
EVT_0011959,0
EVT_0011960,0
EVT_0011961,0
EVT_0011962,0
EVT_0011963,0
EVT_0011964,0
EVT_0011965,0
EVT_0011966,0
EVT_0011967,0
EVT_0011968,0
EVT_0011969,0
EVT_0011970,0
EVT_0011971,0
EVT_0011972,0
EVT_0011973,0
EVT_0011974,0
EVT_0011975,0
EVT_0011976,0
EVT_0011977,0
EVT_0011978,0
EVT_0011979,0
EVT_0011980,0
EVT_0011981,0
EVT_0011982,0
EVT_0011983,0
EVT_0011984,0
EVT_0011985,0
EVT_0011986,0
EVT_0011987,0
EVT_0011988,0
EVT_0011989,0
EVT_0011990,0
EVT_0011991,0
EVT_0011992,0
EVT_0011993,0
EVT_0011994,0
EVT_0011995,0
EVT_0011996,0
EVT_0011997,0
EVT_0011998,0
EVT_0011999,0
EVT_0012000,0
EVT_0012001,0
EVT_0012002,0
EVT_0012003,0
EVT_0012004,0
EVT_0012005,0
EVT_0012006,0
EVT_0012007,0
EVT_0012008,0
EVT_0012009,0
EVT_0012010,0
EVT_0012011,0
EVT_0012012,0
EVT_0012013,0
EVT_0012014,0
EVT_0012015,0
EVT_0012016,0
EVT_0012017,0
EVT_0012018,0
EVT_0012019,0
EVT_0012020,0
EVT_0012021,0
EVT_0012022,0
EVT_0012023,0
EVT_0012024,0
EVT_0012025,0
EVT_0012026,0
EVT_0012027,0
EVT_0012028,0
EVT_0012029,0
EVT_0012030,0
EVT_0012031,0
EVT_0012032,0
EVT_0012033,0
EVT_0012034,0
EVT_0012035,0
EVT_0012036,0
EVT_0012037,0
EVT_0012038,0
EVT_0012039,0
EVT_0012040,0
EVT_0012041,0
EVT_0012042,0
EVT_0012043,0
EVT_0012044,0
EVT_0012045,0
EVT_0012046,0
EVT_0012047,0
EVT_0012048,0
EVT_0012049,0
EVT_0012050,0
EVT_0012051,0
EVT_0012052,0
EVT_0012053,0
EVT_0012054,0
EVT_0012055,0
EVT_0012056,0
EVT_0012057,0
EVT_0012058,0
EVT_0012059,0
EVT_0012060,0
EVT_0012061,0
EVT_0012062,0
EVT_0012063,0
EVT_0012064,0
EVT_0012065,0
EVT_0012066,0
EVT_0012067,0
EVT_0012068,0
EVT_0012069,0
EVT_0012070,0
EVT_0012071,0
EVT_0012072,0
EVT_0012073,0
EVT_0012074,0
EVT_0012075,0
EVT_0012076,0
EVT_0012077,0
EVT_0012078,0
EVT_0012079,0
EVT_0012080,0
EVT_0012081,0
EVT_0012082,0
EVT_0012083,0
EVT_0012084,0
EVT_0012085,0
EVT_0012086,0
EVT_0012087,0
EVT_0012088,0
EVT_0012089,0
EVT_0012090,0
EVT_0012091,0
EVT_0012092,0
EVT_0012093,0
EVT_0012094,0
EVT_0012095,0
EVT_0012096,0
EVT_0012097,0
EVT_0012098,0
EVT_0012099,0
EVT_0012100,0
EVT_0012101,0
EVT_0012102,0
EVT_0012103,0
EVT_0012104,0
EVT_0012105,0
EVT_0012106,0
EVT_0012107,0
EVT_0012108,0
EVT_0012109,0
EVT_0012110,0
EVT_0012111,0
EVT_0012112,0
EVT_0012113,0
EVT_0012114,0
EVT_0012115,0
EVT_0012116,0
EVT_0012117,0
EVT_0012118,0
EVT_0012119,0
EVT_0012120,0
EVT_0012121,0
EVT_0012122,0
EVT_0012123,0
EVT_0012124,0
EVT_0012125,0
EVT_0012126,0
EVT_0012127,0
EVT_0012128,0
EVT_0012129,0
EVT_0012130,0
EVT_0012131,0
EVT_0012132,0
EVT_0012133,0
EVT_0012134,0
EVT_0012135,0
EVT_0012136,0
EVT_0012137,0
EVT_0012138,0
EVT_0012139,0
EVT_0012140,0
EVT_0012141,0
EVT_0012142,0
EVT_0012143,0
EVT_0012144,0
EVT_0012145,0
EVT_0012146,0
EVT_0012147,0
EVT_0012148,0
EVT_0012149,0
EVT_0012150,0
EVT_0012151,0
EVT_0012152,0
EVT_0012153,0
EVT_0012154,0
EVT_0012155,0
EVT_0012156,0
EVT_0012157,0
EVT_0012158,0
EVT_0012159,0
EVT_0012160,0
EVT_0012161,0
EVT_0012162,0
EVT_0012163,0
EVT_0012164,0
EVT_0012165,0
EVT_0012166,0
EVT_0012167,0
EVT_0012168,0
EVT_0012169,0
EVT_0012170,0
EVT_0012171,0
EVT_0012172,0
EVT_0012173,0
EVT_0012174,0
EVT_0012175,0
EVT_0012176,0
EVT_0012177,0
EVT_0012178,0
EVT_0012179,0
EVT_0012180,0
EVT_0012181,0
EVT_0012182,0
EVT_0012183,0
EVT_0012184,0
EVT_0012185,0
EVT_0012186,0
EVT_0012187,0
EVT_0012188,0
EVT_0012189,0
EVT_0012190,0
EVT_0012191,0
EVT_0012192,0
EVT_0012193,0
EVT_0012194,0
EVT_0012195,0
EVT_0012196,0
EVT_0012197,0
EVT_0012198,0
EVT_0012199,0
EVT_0012200,0
EVT_0012201,0
EVT_0012202,0
EVT_0012203,0
EVT_0012204,0
EVT_0012205,0
EVT_0012206,0
EVT_0012207,0
EVT_0012208,0
EVT_0012209,0
EVT_0012210,0
EVT_0012211,0
EVT_0012212,0
EVT_0012213,0
EVT_0012214,0
EVT_0012215,0
EVT_0012216,0
EVT_0012217,0
EVT_0012218,0
EVT_0012219,0
EVT_0012220,0
EVT_0012221,0
EVT_0012222,0
EVT_0012223,0
EVT_0012224,0
EVT_0012225,0
EVT_0012226,0
EVT_0012227,0
EVT_0012228,0
EVT_0012229,0
EVT_0012230,0
EVT_0012231,0
EVT_0012232,0
EVT_0012233,0
EVT_0012234,0
EVT_0012235,0
EVT_0012236,0
EVT_0012237,0
EVT_0012238,0
EVT_0012239,0
EVT_0012240,0
EVT_0012241,0
EVT_0012242,0
EVT_0012243,0
EVT_0012244,0
EVT_0012245,0
EVT_0012246,0
EVT_0012247,0
EVT_0012248,0
EVT_0012249,0
EVT_0012250,0
EVT_0012251,0
EVT_0012252,0
EVT_0012253,0
EVT_0012254,0
EVT_0012255,0
EVT_0012256,0
EVT_0012257,0
EVT_0012258,0
EVT_0012259,0
EVT_0012260,0
EVT_0012261,0
EVT_0012262,0
EVT_0012263,0
EVT_0012264,0
EVT_0012265,0
EVT_0012266,0
EVT_0012267,0
EVT_0012268,0
EVT_0012269,0
EVT_0012270,0
EVT_0012271,0
EVT_0012272,0
EVT_0012273,0
EVT_0012274,0
EVT_0012275,0
EVT_0012276,0
EVT_0012277,0
EVT_0012278,0
EVT_0012279,0
EVT_0012280,0
EVT_0012281,0
EVT_0012282,0
EVT_0012283,0
EVT_0012284,0
EVT_0012285,0
EVT_0012286,0
EVT_0012287,0
EVT_0012288,0
EVT_0012289,0
EVT_0012290,0
EVT_0012291,0
EVT_0012292,0
EVT_0012293,0
EVT_0012294,0
EVT_0012295,0
EVT_0012296,0
EVT_0012297,0
EVT_0012298,0
EVT_0012299,0
EVT_0012300,0
EVT_0012301,0
EVT_0012302,0
EVT_0012303,0
EVT_0012304,0
EVT_0012305,0
EVT_0012306,0
EVT_0012307,0
EVT_0012308,0
EVT_0012309,0
EVT_0012310,0
EVT_0012311,0
EVT_0012312,0
EVT_0012313,0
EVT_0012314,0
EVT_0012315,0
EVT_0012316,0
EVT_0012317,0
EVT_0012318,0
EVT_0012319,0
EVT_0012320,0
EVT_0012321,0
EVT_0012322,0
EVT_0012323,0
EVT_0012324,0
EVT_0012325,0
EVT_0012326,0
EVT_0012327,0
EVT_0012328,0
EVT_0012329,0
EVT_0012330,0
EVT_0012331,0
EVT_0012332,0
EVT_0012333,0
EVT_0012334,0
EVT_0012335,0
EVT_0012336,0
EVT_0012337,0
EVT_0012338,0
EVT_0012339,0
EVT_0012340,0
EVT_0012341,0
EVT_0012342,0
EVT_0012343,0
EVT_0012344,0
EVT_0012345,0
EVT_0012346,0
EVT_0012347,0
EVT_0012348,0
EVT_0012349,0
EVT_0012350,0
EVT_0012351,0
EVT_0012352,0
EVT_0012353,0
EVT_0012354,0
EVT_0012355,0
EVT_0012356,0
EVT_0012357,0
EVT_0012358,0
EVT_0012359,0
EVT_0012360,0
EVT_0012361,0
EVT_0012362,0
EVT_0012363,0
EVT_0012364,0
EVT_0012365,0
EVT_0012366,0
EVT_0012367,0
EVT_0012368,0
EVT_0012369,0
EVT_0012370,0
EVT_0012371,0
EVT_0012372,0
EVT_0012373,0
EVT_0012374,0
EVT_0012375,0
EVT_0012376,0
EVT_0012377,0
EVT_0012378,0
EVT_0012379,0
EVT_0012380,0
EVT_0012381,0
EVT_0012382,0
EVT_0012383,0
EVT_0012384,0
EVT_0012385,0
EVT_0012386,0
EVT_0012387,0
EVT_0012388,0
EVT_0012389,0
EVT_0012390,0
EVT_0012391,0
EVT_0012392,0
EVT_0012393,0
EVT_0012394,0
EVT_0012395,0
EVT_0012396,0
EVT_0012397,0
EVT_0012398,0
EVT_0012399,0
EVT_0012400,0
EVT_0012401,0
EVT_0012402,0
EVT_0012403,0
EVT_0012404,0
EVT_0012405,0
EVT_0012406,0
EVT_0012407,0
EVT_0012408,0
EVT_0012409,0
EVT_0012410,0
EVT_0012411,0
EVT_0012412,0
EVT_0012413,0
EVT_0012414,0
EVT_0012415,0
EVT_0012416,0
EVT_0012417,0
EVT_0012418,0
EVT_0012419,0
EVT_0012420,0
EVT_0012421,0
EVT_0012422,0
EVT_0012423,0
EVT_0012424,0
EVT_0012425,0
EVT_0012426,0
EVT_0012427,0
EVT_0012428,0
EVT_0012429,0
EVT_0012430,0
EVT_0012431,0
EVT_0012432,0
EVT_0012433,0
EVT_0012434,0
EVT_0012435,0
EVT_0012436,0
EVT_0012437,0
EVT_0012438,0
EVT_0012439,0
EVT_0012440,0
EVT_0012441,0
EVT_0012442,0
EVT_0012443,0
EVT_0012444,0
EVT_0012445,0
EVT_0012446,0
EVT_0012447,0
EVT_0012448,0
EVT_0012449,0
EVT_0012450,0
EVT_0012451,0
EVT_0012452,0
EVT_0012453,0
EVT_0012454,0
EVT_0012455,0
EVT_0012456,0
EVT_0012457,0
EVT_0012458,0
EVT_0012459,0
EVT_0012460,0
EVT_0012461,0
EVT_0012462,0
EVT_0012463,0
EVT_0012464,0
EVT_0012465,0
EVT_0012466,0
EVT_0012467,0
EVT_0012468,0
EVT_0012469,0
EVT_0012470,0
EVT_0012471,0
EVT_0012472,0
EVT_0012473,0
EVT_0012474,0
EVT_0012475,0
EVT_0012476,0
EVT_0012477,0
EVT_0012478,0
EVT_0012479,0
EVT_0012480,0
EVT_0012481,0
EVT_0012482,0
EVT_0012483,0
EVT_0012484,0
EVT_0012485,0
EVT_0012486,0
EVT_0012487,0
EVT_0012488,0
EVT_0012489,0
EVT_0012490,0
EVT_0012491,0
EVT_0012492,0
EVT_0012493,0
EVT_0012494,0
EVT_0012495,0
EVT_0012496,0
EVT_0012497,0
EVT_0012498,0
EVT_0012499,0
EVT_0012500,0
EVT_0012501,0
EVT_0012502,0
EVT_0012503,0
EVT_0012504,0
EVT_0012505,0
EVT_0012506,0
EVT_0012507,0
EVT_0012508,0
EVT_0012509,0
EVT_0012510,0
EVT_0012511,0
EVT_0012512,0
EVT_0012513,0
EVT_0012514,0
EVT_0012515,0
EVT_0012516,0
EVT_0012517,0
EVT_0012518,0
EVT_0012519,0
EVT_0012520,0
EVT_0012521,0
EVT_0012522,0
EVT_0012523,0
EVT_0012524,0
EVT_0012525,0
EVT_0012526,0
EVT_0012527,0
EVT_0012528,0
EVT_0012529,0
EVT_0012530,0
EVT_0012531,0
EVT_0012532,0
EVT_0012533,0
EVT_0012534,0
EVT_0012535,0
EVT_0012536,0
EVT_0012537,0
EVT_0012538,0
EVT_0012539,0
EVT_0012540,0
EVT_0012541,0
EVT_0012542,0
EVT_0012543,0
EVT_0012544,0
EVT_0012545,0
EVT_0012546,0
EVT_0012547,0
EVT_0012548,0
EVT_0012549,0
EVT_0012550,0
EVT_0012551,0
EVT_0012552,0
EVT_0012553,0
EVT_0012554,0
EVT_0012555,0
EVT_0012556,0
EVT_0012557,0
EVT_0012558,0
EVT_0012559,0
EVT_0012560,0
EVT_0012561,0
EVT_0012562,0
EVT_0012563,0
EVT_0012564,0
EVT_0012565,0
EVT_0012566,0
EVT_0012567,0
EVT_0012568,0
EVT_0012569,0
EVT_0012570,0
EVT_0012571,0
EVT_0012572,0
EVT_0012573,0
EVT_0012574,0
EVT_0012575,0
EVT_0012576,0
EVT_0012577,0
EVT_0012578,0
EVT_0012579,0
EVT_0012580,0
EVT_0012581,0
EVT_0012582,0
EVT_0012583,0
EVT_0012584,0
EVT_0012585,0
EVT_0012586,0
EVT_0012587,0
EVT_0012588,0
EVT_0012589,0
EVT_0012590,0
EVT_0012591,0
EVT_0012592,0
EVT_0012593,0
EVT_0012594,0
EVT_0012595,0
EVT_0012596,0
EVT_0012597,0
EVT_0012598,0
EVT_0012599,0
EVT_0012600,0
EVT_0012601,0
EVT_0012602,0
EVT_0012603,0
EVT_0012604,0
EVT_0012605,0
EVT_0012606,0
EVT_0012607,0
EVT_0012608,0
EVT_0012609,0
EVT_0012610,0
EVT_0012611,0
EVT_0012612,0
EVT_0012613,0
EVT_0012614,0
EVT_0012615,0
EVT_0012616,0
EVT_0012617,0
EVT_0012618,0
EVT_0012619,0
EVT_0012620,0
EVT_0012621,0
EVT_0012622,0
EVT_0012623,0
EVT_0012624,0
EVT_0012625,0
EVT_0012626,0
EVT_0012627,0
EVT_0012628,0
EVT_0012629,0
EVT_0012630,0
EVT_0012631,0
EVT_0012632,0
EVT_0012633,0
EVT_0012634,0
EVT_0012635,0
EVT_0012636,0
EVT_0012637,0
EVT_0012638,0
EVT_0012639,0
EVT_0012640,0
EVT_0012641,0
EVT_0012642,0
EVT_0012643,0
EVT_0012644,0
EVT_0012645,0
EVT_0012646,0
EVT_0012647,0
EVT_0012648,0
EVT_0012649,0
EVT_0012650,0
EVT_0012651,0
EVT_0012652,0
EVT_0012653,0
EVT_0012654,0
EVT_0012655,0
EVT_0012656,0
EVT_0012657,0
EVT_0012658,0
EVT_0012659,0
EVT_0012660,0
EVT_0012661,0
EVT_0012662,0
EVT_0012663,0
EVT_0012664,0
EVT_0012665,0
EVT_0012666,0
EVT_0012667,0
EVT_0012668,0
EVT_0012669,0
EVT_0012670,0
EVT_0012671,0
EVT_0012672,0
EVT_0012673,0
EVT_0012674,0
EVT_0012675,0
EVT_0012676,0
EVT_0012677,0
EVT_0012678,0
EVT_0012679,0
EVT_0012680,0
EVT_0012681,0
EVT_0012682,0
EVT_0012683,0
EVT_0012684,0
EVT_0012685,0
EVT_0012686,0
EVT_0012687,0
EVT_0012688,0
EVT_0012689,0
EVT_0012690,0
EVT_0012691,0
EVT_0012692,0
EVT_0012693,0
EVT_0012694,0
EVT_0012695,0
EVT_0012696,0
EVT_0012697,0
EVT_0012698,0
EVT_0012699,0
EVT_0012700,0
EVT_0012701,0
EVT_0012702,0
EVT_0012703,0
EVT_0012704,0
EVT_0012705,0
EVT_0012706,0
EVT_0012707,0
EVT_0012708,0
EVT_0012709,0
EVT_0012710,0
EVT_0012711,0
EVT_0012712,0
EVT_0012713,0
EVT_0012714,0
EVT_0012715,0
EVT_0012716,0
EVT_0012717,0
EVT_0012718,0
EVT_0012719,0
EVT_0012720,0
EVT_0012721,0
EVT_0012722,0
EVT_0012723,0
EVT_0012724,0
EVT_0012725,0
EVT_0012726,0
EVT_0012727,0
EVT_0012728,0
EVT_0012729,0
EVT_0012730,0
EVT_0012731,0
EVT_0012732,0
EVT_0012733,0
EVT_0012734,0
EVT_0012735,0
EVT_0012736,0
EVT_0012737,0
EVT_0012738,0
EVT_0012739,0
EVT_0012740,0
EVT_0012741,0
EVT_0012742,0
EVT_0012743,0
EVT_0012744,0
EVT_0012745,0
EVT_0012746,0
EVT_0012747,0
EVT_0012748,0
EVT_0012749,0
EVT_0012750,0
EVT_0012751,0
EVT_0012752,0
EVT_0012753,0
EVT_0012754,0
EVT_0012755,0
EVT_0012756,0
EVT_0012757,0
EVT_0012758,0
EVT_0012759,0
EVT_0012760,0
EVT_0012761,0
EVT_0012762,0
EVT_0012763,0
EVT_0012764,0
EVT_0012765,0
EVT_0012766,0
EVT_0012767,0
EVT_0012768,0
EVT_0012769,0
EVT_0012770,0
EVT_0012771,0
EVT_0012772,0
EVT_0012773,0
EVT_0012774,0
EVT_0012775,0
EVT_0012776,0
EVT_0012777,0
EVT_0012778,0
EVT_0012779,0
EVT_0012780,0
EVT_0012781,0
EVT_0012782,0
EVT_0012783,0
EVT_0012784,0
EVT_0012785,0
EVT_0012786,0
EVT_0012787,0
EVT_0012788,0
EVT_0012789,0
EVT_0012790,0
EVT_0012791,0
EVT_0012792,0
EVT_0012793,0
EVT_0012794,0
EVT_0012795,0
EVT_0012796,0
EVT_0012797,0
EVT_0012798,0
EVT_0012799,0
EVT_0012800,0
EVT_0012801,0
EVT_0012802,0
EVT_0012803,0
EVT_0012804,0
EVT_0012805,0
EVT_0012806,0
EVT_0012807,0
EVT_0012808,0
EVT_0012809,0
EVT_0012810,0
EVT_0012811,0
EVT_0012812,0
EVT_0012813,0
EVT_0012814,0
EVT_0012815,0
EVT_0012816,0
EVT_0012817,0
EVT_0012818,0
EVT_0012819,0
EVT_0012820,0
EVT_0012821,0
EVT_0012822,0
EVT_0012823,0
EVT_0012824,0
EVT_0012825,0
EVT_0012826,0
EVT_0012827,0
EVT_0012828,0
EVT_0012829,0
EVT_0012830,0
EVT_0012831,0
EVT_0012832,0
EVT_0012833,0
EVT_0012834,0
EVT_0012835,0
EVT_0012836,0
EVT_0012837,0
EVT_0012838,0
EVT_0012839,0
EVT_0012840,0
EVT_0012841,0
EVT_0012842,0
EVT_0012843,0
EVT_0012844,0
EVT_0012845,0
EVT_0012846,0
EVT_0012847,0
EVT_0012848,0
EVT_0012849,0
EVT_0012850,0
EVT_0012851,0
EVT_0012852,0
EVT_0012853,0
EVT_0012854,0
EVT_0012855,0
EVT_0012856,0
EVT_0012857,0
EVT_0012858,0
EVT_0012859,0
EVT_0012860,0
EVT_0012861,0
EVT_0012862,0
EVT_0012863,0
EVT_0012864,0
EVT_0012865,0
EVT_0012866,0
EVT_0012867,0
EVT_0012868,0
EVT_0012869,0
EVT_0012870,0
EVT_0012871,0
EVT_0012872,0
EVT_0012873,0
EVT_0012874,0
EVT_0012875,0
EVT_0012876,0
EVT_0012877,0
EVT_0012878,0
EVT_0012879,0
EVT_0012880,0
EVT_0012881,0
EVT_0012882,0
EVT_0012883,0
EVT_0012884,0
EVT_0012885,0
EVT_0012886,0
EVT_0012887,0
EVT_0012888,0
EVT_0012889,0
EVT_0012890,0
EVT_0012891,0
EVT_0012892,0
EVT_0012893,0
EVT_0012894,0
EVT_0012895,0
EVT_0012896,0
EVT_0012897,0
EVT_0012898,0
EVT_0012899,0
EVT_0012900,0
EVT_0012901,0
EVT_0012902,0
EVT_0012903,0
EVT_0012904,0
EVT_0012905,0
EVT_0012906,0
EVT_0012907,0
EVT_0012908,0
EVT_0012909,0
EVT_0012910,0
EVT_0012911,0
EVT_0012912,0
EVT_0012913,0
EVT_0012914,0
EVT_0012915,0
EVT_0012916,0
EVT_0012917,0
EVT_0012918,0
EVT_0012919,0
EVT_0012920,0
EVT_0012921,0
EVT_0012922,0
EVT_0012923,0
EVT_0012924,0
EVT_0012925,0
EVT_0012926,0
EVT_0012927,0
EVT_0012928,0
EVT_0012929,0
EVT_0012930,0
EVT_0012931,0
EVT_0012932,0
EVT_0012933,0
EVT_0012934,0
EVT_0012935,0
EVT_0012936,0
EVT_0012937,0
EVT_0012938,0
EVT_0012939,0
EVT_0012940,0
EVT_0012941,0
EVT_0012942,0
EVT_0012943,0
EVT_0012944,0
EVT_0012945,0
EVT_0012946,0
EVT_0012947,0
EVT_0012948,0
EVT_0012949,0
EVT_0012950,0
EVT_0012951,0
EVT_0012952,0
EVT_0012953,0
EVT_0012954,0
EVT_0012955,0
EVT_0012956,0
EVT_0012957,0
EVT_0012958,0
EVT_0012959,0
EVT_0012960,0
EVT_0012961,0
EVT_0012962,0
EVT_0012963,0
EVT_0012964,0
EVT_0012965,0
EVT_0012966,0
EVT_0012967,0
EVT_0012968,0
EVT_0012969,0
EVT_0012970,0
EVT_0012971,0
EVT_0012972,0
EVT_0012973,0
EVT_0012974,0
EVT_0012975,0
EVT_0012976,0
EVT_0012977,0
EVT_0012978,0
EVT_0012979,0
EVT_0012980,0
EVT_0012981,0
EVT_0012982,0
EVT_0012983,0
EVT_0012984,0
EVT_0012985,0
EVT_0012986,0
EVT_0012987,0
EVT_0012988,0
EVT_0012989,0
EVT_0012990,0
EVT_0012991,0
EVT_0012992,0
EVT_0012993,0
EVT_0012994,0
EVT_0012995,0
EVT_0012996,0
EVT_0012997,0
EVT_0012998,0
EVT_0012999,0
EVT_0013000,0
EVT_0013001,0
EVT_0013002,0
EVT_0013003,0
EVT_0013004,0
EVT_0013005,0
EVT_0013006,1
EVT_0013007,1
EVT_0013008,1
EVT_0013009,1
EVT_0013010,1
EVT_0013011,1
EVT_0013012,1
EVT_0013013,1
EVT_0013014,1
EVT_0013015,1
EVT_0013016,1
EVT_0013017,1
EVT_0013018,1
EVT_0013019,1
EVT_0013020,1
EVT_0013021,1
EVT_0013022,1
EVT_0013023,1
EVT_0013024,1
EVT_0013025,1
EVT_0013026,1
EVT_0013027,1
EVT_0013028,1
EVT_0013029,1
EVT_0013030,1
EVT_0013031,1
EVT_0013032,1
EVT_0013033,1
EVT_0013034,1
EVT_0013035,1
EVT_0013036,1
EVT_0013037,1
EVT_0013038,1
EVT_0013039,1
EVT_0013040,1
EVT_0013041,1
EVT_0013042,1
EVT_0013043,1
EVT_0013044,1
EVT_0013045,1
EVT_0013046,1
EVT_0013047,1
EVT_0013048,1
EVT_0013049,1
EVT_0013050,1
EVT_0013051,1
EVT_0013052,1
EVT_0013053,1
EVT_0013054,1
EVT_0013055,1
EVT_0013056,1
EVT_0013057,1
EVT_0013058,1
EVT_0013059,1
EVT_0013060,1
EVT_0013061,1
EVT_0013062,1
EVT_0013063,1
EVT_0013064,1
EVT_0013065,1
EVT_0013066,1
EVT_0013067,1
EVT_0013068,1
EVT_0013069,1
EVT_0013070,1
EVT_0013071,1
EVT_0013072,1
EVT_0013073,1
EVT_0013074,1
EVT_0013075,1
EVT_0013076,1
EVT_0013077,1
EVT_0013078,1
EVT_0013079,1
EVT_0013080,1
EVT_0013081,1
EVT_0013082,1
EVT_0013083,1
EVT_0013084,1
EVT_0013085,1
EVT_0013086,1
EVT_0013087,1
EVT_0013088,1
EVT_0013089,1
EVT_0013090,1
EVT_0013091,0
EVT_0013092,0
EVT_0013093,0
EVT_0013094,0
EVT_0013095,0
EVT_0013096,0
EVT_0013097,0
EVT_0013098,0
EVT_0013099,0
EVT_0013100,0
EVT_0013101,0
EVT_0013102,0
EVT_0013103,0
EVT_0013104,0
EVT_0013105,0
EVT_0013106,0
EVT_0013107,0
EVT_0013108,0
EVT_0013109,0
EVT_0013110,0
EVT_0013111,0
EVT_0013112,0
EVT_0013113,0
EVT_0013114,0
EVT_0013115,0
EVT_0013116,0
EVT_0013117,0
EVT_0013118,0
EVT_0013119,0
EVT_0013120,0
EVT_0013121,0
EVT_0013122,0
EVT_0013123,0
EVT_0013124,0
EVT_0013125,0
EVT_0013126,0
EVT_0013127,0
EVT_0013128,0
EVT_0013129,0
EVT_0013130,0
EVT_0013131,0
EVT_0013132,0
EVT_0013133,0
EVT_0013134,0
EVT_0013135,0
EVT_0013136,0
EVT_0013137,0
EVT_0013138,0
EVT_0013139,0
EVT_0013140,0
EVT_0013141,0
EVT_0013142,0
EVT_0013143,0
EVT_0013144,0
EVT_0013145,0
EVT_0013146,0
EVT_0013147,0
EVT_0013148,0
EVT_0013149,0
EVT_0013150,0
EVT_0013151,0
EVT_0013152,0
EVT_0013153,0
EVT_0013154,0
EVT_0013155,0
EVT_0013156,0
EVT_0013157,0
EVT_0013158,0
EVT_0013159,0
EVT_0013160,0
EVT_0013161,0
EVT_0013162,0
EVT_0013163,0
EVT_0013164,0
EVT_0013165,0
EVT_0013166,0
EVT_0013167,0
EVT_0013168,0
EVT_0013169,0
EVT_0013170,0
EVT_0013171,0
EVT_0013172,0
EVT_0013173,0
EVT_0013174,0
EVT_0013175,0
EVT_0013176,0
EVT_0013177,0
EVT_0013178,0
EVT_0013179,0
EVT_0013180,0
EVT_0013181,0
EVT_0013182,0
EVT_0013183,0
EVT_0013184,0
EVT_0013185,0
EVT_0013186,0
EVT_0013187,0
EVT_0013188,0
EVT_0013189,0
EVT_0013190,0
EVT_0013191,0
EVT_0013192,0
EVT_0013193,0
EVT_0013194,0
EVT_0013195,0
EVT_0013196,0
EVT_0013197,0
EVT_0013198,0
EVT_0013199,0
EVT_0013200,0
EVT_0013201,0
EVT_0013202,0
EVT_0013203,0
EVT_0013204,0
EVT_0013205,0
EVT_0013206,0
EVT_0013207,0
EVT_0013208,0
EVT_0013209,0
EVT_0013210,0
EVT_0013211,0
EVT_0013212,0
EVT_0013213,0
EVT_0013214,0
EVT_0013215,0
EVT_0013216,0
EVT_0013217,0
EVT_0013218,0
EVT_0013219,0
EVT_0013220,0
EVT_0013221,0
EVT_0013222,0
EVT_0013223,0
EVT_0013224,0
EVT_0013225,0
EVT_0013226,0
EVT_0013227,0
EVT_0013228,0
EVT_0013229,0
EVT_0013230,0
EVT_0013231,0
EVT_0013232,0
EVT_0013233,0
EVT_0013234,0
EVT_0013235,0
EVT_0013236,0
EVT_0013237,0
EVT_0013238,0
EVT_0013239,0
EVT_0013240,0
EVT_0013241,0
EVT_0013242,0
EVT_0013243,0
EVT_0013244,0
EVT_0013245,0
EVT_0013246,0
EVT_0013247,0
EVT_0013248,0
EVT_0013249,0
EVT_0013250,0
EVT_0013251,0
EVT_0013252,0
EVT_0013253,0
EVT_0013254,0
EVT_0013255,0
EVT_0013256,0
EVT_0013257,0
EVT_0013258,0
EVT_0013259,0
EVT_0013260,0
EVT_0013261,0
EVT_0013262,0
EVT_0013263,0
EVT_0013264,0
EVT_0013265,0
EVT_0013266,0
EVT_0013267,0
EVT_0013268,0
EVT_0013269,0
EVT_0013270,0
EVT_0013271,0
EVT_0013272,0
EVT_0013273,0
EVT_0013274,0
EVT_0013275,0
EVT_0013276,0
EVT_0013277,0
EVT_0013278,0
EVT_0013279,0
EVT_0013280,0
EVT_0013281,0
EVT_0013282,0
EVT_0013283,0
EVT_0013284,0
EVT_0013285,0
EVT_0013286,0
EVT_0013287,0
EVT_0013288,0
EVT_0013289,0
EVT_0013290,0
EVT_0013291,0
EVT_0013292,0
EVT_0013293,0
EVT_0013294,0
EVT_0013295,0
EVT_0013296,0
EVT_0013297,0
EVT_0013298,0
EVT_0013299,0
EVT_0013300,0
EVT_0013301,0
EVT_0013302,0
EVT_0013303,0
EVT_0013304,0
EVT_0013305,0
EVT_0013306,0
EVT_0013307,0
EVT_0013308,0
EVT_0013309,0
EVT_0013310,0
EVT_0013311,0
EVT_0013312,0
EVT_0013313,0
EVT_0013314,0
EVT_0013315,0
EVT_0013316,0
EVT_0013317,0
EVT_0013318,0
EVT_0013319,0
EVT_0013320,0
EVT_0013321,0
EVT_0013322,0
EVT_0013323,0
EVT_0013324,0
EVT_0013325,0
EVT_0013326,0
EVT_0013327,0
EVT_0013328,0
EVT_0013329,0
EVT_0013330,0
EVT_0013331,0
EVT_0013332,0
EVT_0013333,0
EVT_0013334,0
EVT_0013335,0
EVT_0013336,0
EVT_0013337,0
EVT_0013338,0
EVT_0013339,0
EVT_0013340,0
EVT_0013341,0
EVT_0013342,0
EVT_0013343,0
EVT_0013344,0
EVT_0013345,0
EVT_0013346,0
EVT_0013347,0
EVT_0013348,0
EVT_0013349,0
EVT_0013350,0
EVT_0013351,0
EVT_0013352,0
EVT_0013353,0
EVT_0013354,0
EVT_0013355,0
EVT_0013356,0
EVT_0013357,0
EVT_0013358,0
EVT_0013359,0
EVT_0013360,0
EVT_0013361,0
EVT_0013362,0
EVT_0013363,0
EVT_0013364,0
EVT_0013365,0
EVT_0013366,0
EVT_0013367,0
EVT_0013368,0
EVT_0013369,0
EVT_0013370,0
EVT_0013371,0
EVT_0013372,0
EVT_0013373,0
EVT_0013374,0
EVT_0013375,0
EVT_0013376,0
EVT_0013377,0
EVT_0013378,0
EVT_0013379,0
EVT_0013380,0
EVT_0013381,0
EVT_0013382,0
EVT_0013383,0
EVT_0013384,0
EVT_0013385,0
EVT_0013386,0
EVT_0013387,0
EVT_0013388,0
EVT_0013389,0
EVT_0013390,0
EVT_0013391,0
EVT_0013392,0
EVT_0013393,0
EVT_0013394,0
EVT_0013395,0
EVT_0013396,0
EVT_0013397,0
EVT_0013398,0
EVT_0013399,0
EVT_0013400,0
EVT_0013401,0
EVT_0013402,0
EVT_0013403,0
EVT_0013404,0
EVT_0013405,0
EVT_0013406,0
EVT_0013407,0
EVT_0013408,0
EVT_0013409,0
EVT_0013410,0
EVT_0013411,0
EVT_0013412,0
EVT_0013413,0
EVT_0013414,0
EVT_0013415,0
EVT_0013416,0
EVT_0013417,0
EVT_0013418,0
EVT_0013419,0
EVT_0013420,0
EVT_0013421,0
EVT_0013422,0
EVT_0013423,0
EVT_0013424,0
EVT_0013425,0
EVT_0013426,0
EVT_0013427,0
EVT_0013428,0
EVT_0013429,0
EVT_0013430,0
EVT_0013431,0
EVT_0013432,0
EVT_0013433,0
EVT_0013434,0
EVT_0013435,0
EVT_0013436,0
EVT_0013437,0
EVT_0013438,0
EVT_0013439,0
EVT_0013440,0
EVT_0013441,0
EVT_0013442,0
EVT_0013443,0
EVT_0013444,0
EVT_0013445,0
EVT_0013446,0
EVT_0013447,0
EVT_0013448,0
EVT_0013449,0
EVT_0013450,0
EVT_0013451,0
EVT_0013452,0
EVT_0013453,0
EVT_0013454,0
EVT_0013455,0
EVT_0013456,0
EVT_0013457,0
EVT_0013458,0
EVT_0013459,0
EVT_0013460,0
EVT_0013461,0
EVT_0013462,0
EVT_0013463,0
EVT_0013464,0
EVT_0013465,0
EVT_0013466,0
EVT_0013467,0
EVT_0013468,0
EVT_0013469,0
EVT_0013470,0
EVT_0013471,0
EVT_0013472,0
EVT_0013473,0
EVT_0013474,0
EVT_0013475,0
EVT_0013476,0
EVT_0013477,0
EVT_0013478,0
EVT_0013479,0
EVT_0013480,0
EVT_0013481,0
EVT_0013482,0
EVT_0013483,0
EVT_0013484,0
EVT_0013485,0
EVT_0013486,0
EVT_0013487,0
EVT_0013488,0
EVT_0013489,0
EVT_0013490,0
EVT_0013491,0
EVT_0013492,0
EVT_0013493,0
EVT_0013494,0
EVT_0013495,0
EVT_0013496,0
EVT_0013497,0
EVT_0013498,0
EVT_0013499,0
EVT_0013500,0
EVT_0013501,0
EVT_0013502,0
EVT_0013503,0
EVT_0013504,0
EVT_0013505,0
EVT_0013506,0
EVT_0013507,0
EVT_0013508,0
EVT_0013509,0
EVT_0013510,0
EVT_0013511,0
EVT_0013512,0
EVT_0013513,0
EVT_0013514,0
EVT_0013515,0
EVT_0013516,0
EVT_0013517,0
EVT_0013518,0
EVT_0013519,0
EVT_0013520,0
EVT_0013521,0
EVT_0013522,0
EVT_0013523,0
EVT_0013524,0
EVT_0013525,0
EVT_0013526,0
EVT_0013527,0
EVT_0013528,0
EVT_0013529,0
EVT_0013530,0
EVT_0013531,0
EVT_0013532,0
EVT_0013533,0
EVT_0013534,0
EVT_0013535,0
EVT_0013536,0
EVT_0013537,0
EVT_0013538,0
EVT_0013539,0
EVT_0013540,0
EVT_0013541,0
EVT_0013542,0
EVT_0013543,0
EVT_0013544,0
EVT_0013545,0
EVT_0013546,0
EVT_0013547,0
EVT_0013548,0
EVT_0013549,0
EVT_0013550,0
EVT_0013551,0
EVT_0013552,0
EVT_0013553,0
EVT_0013554,0
EVT_0013555,0
EVT_0013556,0
EVT_0013557,0
EVT_0013558,0
EVT_0013559,0
EVT_0013560,0
EVT_0013561,0
EVT_0013562,0
EVT_0013563,0
EVT_0013564,0
EVT_0013565,0
EVT_0013566,0
EVT_0013567,0
EVT_0013568,0
EVT_0013569,0
EVT_0013570,0
EVT_0013571,0
EVT_0013572,0
EVT_0013573,0
EVT_0013574,0
EVT_0013575,0
EVT_0013576,0
EVT_0013577,0
EVT_0013578,0
EVT_0013579,0
EVT_0013580,0
EVT_0013581,0
EVT_0013582,0
EVT_0013583,0
EVT_0013584,0
EVT_0013585,0
EVT_0013586,0
EVT_0013587,0
EVT_0013588,0
EVT_0013589,0
EVT_0013590,0
EVT_0013591,0
EVT_0013592,0
EVT_0013593,0
EVT_0013594,0
EVT_0013595,0
EVT_0013596,0
EVT_0013597,0
EVT_0013598,0
EVT_0013599,0
EVT_0013600,0
EVT_0013601,0
EVT_0013602,0
EVT_0013603,0
EVT_0013604,0
EVT_0013605,0
EVT_0013606,0
EVT_0013607,0
EVT_0013608,0
EVT_0013609,0
EVT_0013610,0
EVT_0013611,0
EVT_0013612,0
EVT_0013613,0
EVT_0013614,0
EVT_0013615,0
EVT_0013616,0
EVT_0013617,0
EVT_0013618,0
EVT_0013619,0
EVT_0013620,0
EVT_0013621,0
EVT_0013622,0
EVT_0013623,0
EVT_0013624,0
EVT_0013625,0
EVT_0013626,0
EVT_0013627,0
EVT_0013628,0
EVT_0013629,0
EVT_0013630,0
EVT_0013631,0
EVT_0013632,0
EVT_0013633,0
EVT_0013634,0
EVT_0013635,0
EVT_0013636,0
EVT_0013637,0
EVT_0013638,0
EVT_0013639,0
EVT_0013640,0
EVT_0013641,0
EVT_0013642,0
EVT_0013643,0
EVT_0013644,0
EVT_0013645,0
EVT_0013646,0
EVT_0013647,0
EVT_0013648,0
EVT_0013649,0
EVT_0013650,0
EVT_0013651,0
EVT_0013652,0
EVT_0013653,0
EVT_0013654,0
EVT_0013655,0
EVT_0013656,0
EVT_0013657,0
EVT_0013658,0
EVT_0013659,0
EVT_0013660,0
EVT_0013661,0
EVT_0013662,0
EVT_0013663,0
EVT_0013664,0
EVT_0013665,0
EVT_0013666,0
EVT_0013667,0
EVT_0013668,0
EVT_0013669,0
EVT_0013670,0
EVT_0013671,0
EVT_0013672,0
EVT_0013673,0
EVT_0013674,0
EVT_0013675,0
EVT_0013676,0
EVT_0013677,0
EVT_0013678,0
EVT_0013679,0
EVT_0013680,0
EVT_0013681,0
EVT_0013682,0
EVT_0013683,0
EVT_0013684,0
EVT_0013685,0
EVT_0013686,0
EVT_0013687,0
EVT_0013688,0
EVT_0013689,0
EVT_0013690,0
EVT_0013691,0
EVT_0013692,0
EVT_0013693,0
EVT_0013694,0
EVT_0013695,0
EVT_0013696,0
EVT_0013697,0
EVT_0013698,0
EVT_0013699,0
EVT_0013700,0
EVT_0013701,0
EVT_0013702,0
EVT_0013703,0
EVT_0013704,0
EVT_0013705,0
EVT_0013706,0
EVT_0013707,0
EVT_0013708,0
EVT_0013709,0
EVT_0013710,0
EVT_0013711,0
EVT_0013712,0
EVT_0013713,0
EVT_0013714,0
EVT_0013715,0
EVT_0013716,0
EVT_0013717,0
EVT_0013718,0
EVT_0013719,0
EVT_0013720,0
EVT_0013721,0
EVT_0013722,0
EVT_0013723,0
EVT_0013724,0
EVT_0013725,0
EVT_0013726,0
EVT_0013727,0
EVT_0013728,0
EVT_0013729,0
EVT_0013730,0
EVT_0013731,0
EVT_0013732,0
EVT_0013733,0
EVT_0013734,0
EVT_0013735,0
EVT_0013736,0
EVT_0013737,0
EVT_0013738,0
EVT_0013739,0
EVT_0013740,0
EVT_0013741,0
EVT_0013742,0
EVT_0013743,0
EVT_0013744,0
EVT_0013745,0
EVT_0013746,0
EVT_0013747,0
EVT_0013748,0
EVT_0013749,0
EVT_0013750,0
EVT_0013751,0
EVT_0013752,0
EVT_0013753,0
EVT_0013754,0
EVT_0013755,0
EVT_0013756,0
EVT_0013757,0
EVT_0013758,0
EVT_0013759,0
EVT_0013760,0
EVT_0013761,0
EVT_0013762,0
EVT_0013763,0
EVT_0013764,0
EVT_0013765,0
EVT_0013766,0
EVT_0013767,0
EVT_0013768,0
EVT_0013769,0
EVT_0013770,0
EVT_0013771,0
EVT_0013772,0
EVT_0013773,0
EVT_0013774,0
EVT_0013775,0
EVT_0013776,0
EVT_0013777,0
EVT_0013778,0
EVT_0013779,0
EVT_0013780,0
EVT_0013781,0
EVT_0013782,0
EVT_0013783,0
EVT_0013784,0
EVT_0013785,0
EVT_0013786,0
EVT_0013787,0
EVT_0013788,0
EVT_0013789,0
EVT_0013790,0
EVT_0013791,0
EVT_0013792,0
EVT_0013793,0
EVT_0013794,0
EVT_0013795,0
EVT_0013796,0
EVT_0013797,0
EVT_0013798,0
EVT_0013799,0
EVT_0013800,0
EVT_0013801,0
EVT_0013802,0
EVT_0013803,0
EVT_0013804,0
EVT_0013805,0
EVT_0013806,0
EVT_0013807,0
EVT_0013808,0
EVT_0013809,0
EVT_0013810,0
EVT_0013811,0
EVT_0013812,0
EVT_0013813,0
EVT_0013814,0
EVT_0013815,0
EVT_0013816,0
EVT_0013817,0
EVT_0013818,0
EVT_0013819,0
EVT_0013820,0
EVT_0013821,0
EVT_0013822,0
EVT_0013823,0
EVT_0013824,0
EVT_0013825,0
EVT_0013826,0
EVT_0013827,0
EVT_0013828,0
EVT_0013829,0
EVT_0013830,0
EVT_0013831,0
EVT_0013832,0
EVT_0013833,0
EVT_0013834,0
EVT_0013835,0
EVT_0013836,0
EVT_0013837,0
EVT_0013838,0
EVT_0013839,0
EVT_0013840,0
EVT_0013841,0
EVT_0013842,0
EVT_0013843,0
EVT_0013844,0
EVT_0013845,0
EVT_0013846,0
EVT_0013847,0
EVT_0013848,0
EVT_0013849,0
EVT_0013850,0
EVT_0013851,0
EVT_0013852,0
EVT_0013853,0
EVT_0013854,0
EVT_0013855,0
EVT_0013856,0
EVT_0013857,0
EVT_0013858,0
EVT_0013859,0
EVT_0013860,0
EVT_0013861,0
EVT_0013862,0
EVT_0013863,0
EVT_0013864,0
EVT_0013865,0
EVT_0013866,0
EVT_0013867,0
EVT_0013868,0
EVT_0013869,0
EVT_0013870,0
EVT_0013871,0
EVT_0013872,0
EVT_0013873,0
EVT_0013874,0
EVT_0013875,0
EVT_0013876,0
EVT_0013877,0
EVT_0013878,0
EVT_0013879,0
EVT_0013880,0
EVT_0013881,0
EVT_0013882,0
EVT_0013883,0
EVT_0013884,0
EVT_0013885,0
EVT_0013886,0
EVT_0013887,0
EVT_0013888,0
EVT_0013889,0
EVT_0013890,0
EVT_0013891,0
EVT_0013892,0
EVT_0013893,0
EVT_0013894,0
EVT_0013895,0
EVT_0013896,0
EVT_0013897,0
EVT_0013898,0
EVT_0013899,0
EVT_0013900,0
EVT_0013901,0
EVT_0013902,0
EVT_0013903,0
EVT_0013904,0
EVT_0013905,0
EVT_0013906,0
EVT_0013907,0
EVT_0013908,0
EVT_0013909,0
EVT_0013910,0
EVT_0013911,0
EVT_0013912,0
EVT_0013913,0
EVT_0013914,0
EVT_0013915,0
EVT_0013916,0
EVT_0013917,0
EVT_0013918,0
EVT_0013919,0
EVT_0013920,0
EVT_0013921,0
EVT_0013922,0
EVT_0013923,0
EVT_0013924,0
EVT_0013925,0
EVT_0013926,0
EVT_0013927,0
EVT_0013928,0
EVT_0013929,0
EVT_0013930,0
EVT_0013931,0
EVT_0013932,0
EVT_0013933,0
EVT_0013934,0
EVT_0013935,0
EVT_0013936,0
EVT_0013937,0
EVT_0013938,0
EVT_0013939,0
EVT_0013940,0
EVT_0013941,0
EVT_0013942,0
EVT_0013943,0
EVT_0013944,0
EVT_0013945,0
EVT_0013946,0
EVT_0013947,0
EVT_0013948,0
EVT_0013949,0
EVT_0013950,0
EVT_0013951,0
EVT_0013952,0
EVT_0013953,0
EVT_0013954,0
EVT_0013955,0
EVT_0013956,0
EVT_0013957,0
EVT_0013958,0
EVT_0013959,0
EVT_0013960,0
EVT_0013961,0
EVT_0013962,0
EVT_0013963,0
EVT_0013964,0
EVT_0013965,0
EVT_0013966,0
EVT_0013967,0
EVT_0013968,0
EVT_0013969,0
EVT_0013970,0
EVT_0013971,0
EVT_0013972,0
EVT_0013973,0
EVT_0013974,0
EVT_0013975,0
EVT_0013976,0
EVT_0013977,0
EVT_0013978,0
EVT_0013979,0
EVT_0013980,0
EVT_0013981,0
EVT_0013982,0
EVT_0013983,0
EVT_0013984,0
EVT_0013985,0
EVT_0013986,0
EVT_0013987,0
EVT_0013988,0
EVT_0013989,0
EVT_0013990,0
EVT_0013991,0
EVT_0013992,0
EVT_0013993,0
EVT_0013994,0
EVT_0013995,0
EVT_0013996,0
EVT_0013997,0
EVT_0013998,0
EVT_0013999,0
EVT_0014000,0
EVT_0014001,0
EVT_0014002,0
EVT_0014003,0
EVT_0014004,0
EVT_0014005,0
EVT_0014006,0
EVT_0014007,0
EVT_0014008,0
EVT_0014009,0
EVT_0014010,0
EVT_0014011,0
EVT_0014012,0
EVT_0014013,0
EVT_0014014,0
EVT_0014015,0
EVT_0014016,0
EVT_0014017,0
EVT_0014018,0
EVT_0014019,0
EVT_0014020,0
EVT_0014021,0
EVT_0014022,0
EVT_0014023,0
EVT_0014024,0
EVT_0014025,0
EVT_0014026,0
EVT_0014027,0
EVT_0014028,0
EVT_0014029,0
EVT_0014030,0
EVT_0014031,0
EVT_0014032,0
EVT_0014033,0
EVT_0014034,0
EVT_0014035,0
EVT_0014036,0
EVT_0014037,0
EVT_0014038,0
EVT_0014039,0
EVT_0014040,0
EVT_0014041,0
EVT_0014042,0
EVT_0014043,0
EVT_0014044,0
EVT_0014045,0
EVT_0014046,0
EVT_0014047,0
EVT_0014048,0
EVT_0014049,0
EVT_0014050,0
EVT_0014051,0
EVT_0014052,0
EVT_0014053,0
EVT_0014054,0
EVT_0014055,0
EVT_0014056,0
EVT_0014057,0
EVT_0014058,0
EVT_0014059,0
EVT_0014060,0
EVT_0014061,0
EVT_0014062,0
EVT_0014063,0
EVT_0014064,0
EVT_0014065,0
EVT_0014066,0
EVT_0014067,0
EVT_0014068,0
EVT_0014069,0
EVT_0014070,0
EVT_0014071,0
EVT_0014072,0
EVT_0014073,0
EVT_0014074,0
EVT_0014075,0
EVT_0014076,0
EVT_0014077,0
EVT_0014078,0
EVT_0014079,0
EVT_0014080,0
EVT_0014081,0
EVT_0014082,0
EVT_0014083,0
EVT_0014084,0
EVT_0014085,0
EVT_0014086,0
EVT_0014087,0
EVT_0014088,0
EVT_0014089,0
EVT_0014090,0
EVT_0014091,0
EVT_0014092,0
EVT_0014093,0
EVT_0014094,0
EVT_0014095,0
EVT_0014096,0
EVT_0014097,0
EVT_0014098,0
EVT_0014099,0
EVT_0014100,0
EVT_0014101,0
EVT_0014102,0
EVT_0014103,0
EVT_0014104,0
EVT_0014105,0
EVT_0014106,0
EVT_0014107,0
EVT_0014108,0
EVT_0014109,0
EVT_0014110,0
EVT_0014111,0
EVT_0014112,0
EVT_0014113,0
EVT_0014114,0
EVT_0014115,0
EVT_0014116,0
EVT_0014117,0
EVT_0014118,0
EVT_0014119,0
EVT_0014120,0
EVT_0014121,0
EVT_0014122,0
EVT_0014123,0
EVT_0014124,0
EVT_0014125,0
EVT_0014126,0
EVT_0014127,0
EVT_0014128,0
EVT_0014129,0
EVT_0014130,0
EVT_0014131,0
EVT_0014132,0
EVT_0014133,0
EVT_0014134,0
EVT_0014135,0
EVT_0014136,0
EVT_0014137,0
EVT_0014138,0
EVT_0014139,0
EVT_0014140,0
EVT_0014141,0
EVT_0014142,0
EVT_0014143,0
EVT_0014144,0
EVT_0014145,0
EVT_0014146,0
EVT_0014147,0
EVT_0014148,0
EVT_0014149,0
EVT_0014150,0
EVT_0014151,0
EVT_0014152,0
EVT_0014153,0
EVT_0014154,0
EVT_0014155,0
EVT_0014156,0
EVT_0014157,0
EVT_0014158,0
EVT_0014159,0
EVT_0014160,0
EVT_0014161,0
EVT_0014162,0
EVT_0014163,0
EVT_0014164,0
EVT_0014165,0
EVT_0014166,0
EVT_0014167,0
EVT_0014168,0
EVT_0014169,0
EVT_0014170,0
EVT_0014171,0
EVT_0014172,0
EVT_0014173,0
EVT_0014174,0
EVT_0014175,0
EVT_0014176,0
EVT_0014177,0
EVT_0014178,0
EVT_0014179,0
EVT_0014180,0
EVT_0014181,0
EVT_0014182,0
EVT_0014183,0
EVT_0014184,0
EVT_0014185,0
EVT_0014186,0
EVT_0014187,0
EVT_0014188,0
EVT_0014189,0
EVT_0014190,0
EVT_0014191,0
EVT_0014192,0
EVT_0014193,0
EVT_0014194,0
EVT_0014195,0
EVT_0014196,0
EVT_0014197,0
EVT_0014198,0
EVT_0014199,0
EVT_0014200,0
EVT_0014201,0
EVT_0014202,0
EVT_0014203,0
EVT_0014204,0
EVT_0014205,0
EVT_0014206,0
EVT_0014207,0
EVT_0014208,0
EVT_0014209,0
EVT_0014210,0
EVT_0014211,0
EVT_0014212,0
EVT_0014213,0
EVT_0014214,0
EVT_0014215,0
EVT_0014216,0
EVT_0014217,0
EVT_0014218,0
EVT_0014219,0
EVT_0014220,0
EVT_0014221,0
EVT_0014222,0
EVT_0014223,0
EVT_0014224,0
EVT_0014225,0
EVT_0014226,0
EVT_0014227,0
EVT_0014228,0
EVT_0014229,0
EVT_0014230,0
EVT_0014231,0
EVT_0014232,0
EVT_0014233,0
EVT_0014234,0
EVT_0014235,0
EVT_0014236,0
EVT_0014237,0
EVT_0014238,0
EVT_0014239,0
EVT_0014240,0
EVT_0014241,0
EVT_0014242,0
EVT_0014243,0
EVT_0014244,0
EVT_0014245,0
EVT_0014246,0
EVT_0014247,0
EVT_0014248,0
EVT_0014249,0
EVT_0014250,0
EVT_0014251,0
EVT_0014252,0
EVT_0014253,0
EVT_0014254,0
EVT_0014255,0
EVT_0014256,0
EVT_0014257,0
EVT_0014258,0
EVT_0014259,0
EVT_0014260,0
EVT_0014261,0
EVT_0014262,0
EVT_0014263,0
EVT_0014264,0
EVT_0014265,0
EVT_0014266,0
EVT_0014267,0
EVT_0014268,0
EVT_0014269,0
EVT_0014270,0
EVT_0014271,0
EVT_0014272,0
EVT_0014273,0
EVT_0014274,0
EVT_0014275,0
EVT_0014276,0
EVT_0014277,0
EVT_0014278,0
EVT_0014279,0
EVT_0014280,0
EVT_0014281,0
EVT_0014282,0
EVT_0014283,0
EVT_0014284,0
EVT_0014285,0
EVT_0014286,0
EVT_0014287,0
EVT_0014288,0
EVT_0014289,0
EVT_0014290,0
EVT_0014291,0
EVT_0014292,0
EVT_0014293,0
EVT_0014294,0
EVT_0014295,0
EVT_0014296,0
EVT_0014297,0
EVT_0014298,0
EVT_0014299,0
EVT_0014300,0
EVT_0014301,0
EVT_0014302,0
EVT_0014303,0
EVT_0014304,0
EVT_0014305,0
EVT_0014306,0
EVT_0014307,0
EVT_0014308,0
EVT_0014309,0
EVT_0014310,0
EVT_0014311,0
EVT_0014312,0
EVT_0014313,0
EVT_0014314,0
EVT_0014315,0
EVT_0014316,0
EVT_0014317,0
EVT_0014318,0
EVT_0014319,0
EVT_0014320,0
EVT_0014321,0
EVT_0014322,0
EVT_0014323,0
EVT_0014324,0
EVT_0014325,0
EVT_0014326,0
EVT_0014327,0
EVT_0014328,0
EVT_0014329,0
EVT_0014330,0
EVT_0014331,0
EVT_0014332,0
EVT_0014333,0
EVT_0014334,0
EVT_0014335,0
EVT_0014336,0
EVT_0014337,0
EVT_0014338,0
EVT_0014339,0
EVT_0014340,0
EVT_0014341,0
EVT_0014342,0
EVT_0014343,0
EVT_0014344,0
EVT_0014345,0
EVT_0014346,0
EVT_0014347,0
EVT_0014348,0
EVT_0014349,0
EVT_0014350,0
EVT_0014351,0
EVT_0014352,0
EVT_0014353,0
EVT_0014354,0
EVT_0014355,0
EVT_0014356,0
EVT_0014357,0
EVT_0014358,0
EVT_0014359,0
EVT_0014360,0
EVT_0014361,0
EVT_0014362,0
EVT_0014363,0
EVT_0014364,0
EVT_0014365,0
EVT_0014366,0
EVT_0014367,0
EVT_0014368,0
EVT_0014369,0
EVT_0014370,0
EVT_0014371,0
EVT_0014372,0
EVT_0014373,0
EVT_0014374,0
EVT_0014375,0
EVT_0014376,0
EVT_0014377,0
EVT_0014378,0
EVT_0014379,0
EVT_0014380,0
EVT_0014381,0
EVT_0014382,0
EVT_0014383,0
EVT_0014384,0
EVT_0014385,0
EVT_0014386,0
EVT_0014387,0
EVT_0014388,0
EVT_0014389,0
EVT_0014390,0
EVT_0014391,0
EVT_0014392,0
EVT_0014393,0
EVT_0014394,0
EVT_0014395,0
EVT_0014396,0
EVT_0014397,0
EVT_0014398,0
EVT_0014399,0
EVT_0014400,0
EVT_0014401,0
EVT_0014402,0
EVT_0014403,0
EVT_0014404,0
EVT_0014405,0
EVT_0014406,0
EVT_0014407,0
EVT_0014408,0
EVT_0014409,0
EVT_0014410,0
EVT_0014411,0
EVT_0014412,0
EVT_0014413,0
EVT_0014414,0
EVT_0014415,0
EVT_0014416,0
EVT_0014417,0
EVT_0014418,0
EVT_0014419,0
EVT_0014420,0
EVT_0014421,0
EVT_0014422,0
EVT_0014423,0
EVT_0014424,0
EVT_0014425,0
EVT_0014426,0
EVT_0014427,0
EVT_0014428,0
EVT_0014429,0
EVT_0014430,0
EVT_0014431,0
EVT_0014432,0
EVT_0014433,0
EVT_0014434,0
EVT_0014435,0
EVT_0014436,0
EVT_0014437,0
EVT_0014438,0
EVT_0014439,0
EVT_0014440,0
EVT_0014441,0
EVT_0014442,0
EVT_0014443,1
EVT_0014444,1
EVT_0014445,1
EVT_0014446,1
EVT_0014447,1
EVT_0014448,1
EVT_0014449,1
EVT_0014450,1
EVT_0014451,1
EVT_0014452,1
EVT_0014453,1
EVT_0014454,1
EVT_0014455,1
EVT_0014456,1
EVT_0014457,1
EVT_0014458,1
EVT_0014459,1
EVT_0014460,1
EVT_0014461,1
EVT_0014462,1
EVT_0014463,1
EVT_0014464,1
EVT_0014465,1
EVT_0014466,1
EVT_0014467,1
EVT_0014468,1
EVT_0014469,1
EVT_0014470,1
EVT_0014471,1
EVT_0014472,1
EVT_0014473,1
EVT_0014474,0
EVT_0014475,0
EVT_0014476,0
EVT_0014477,0
EVT_0014478,0
EVT_0014479,0
EVT_0014480,0
EVT_0014481,0
EVT_0014482,0
EVT_0014483,0
EVT_0014484,0
EVT_0014485,0
EVT_0014486,0
EVT_0014487,0
EVT_0014488,0
EVT_0014489,0
EVT_0014490,0
EVT_0014491,0
EVT_0014492,0
EVT_0014493,0
EVT_0014494,0
EVT_0014495,0
EVT_0014496,0
EVT_0014497,0
EVT_0014498,0
EVT_0014499,0
EVT_0014500,0
EVT_0014501,0
EVT_0014502,0
EVT_0014503,0
EVT_0014504,0
EVT_0014505,0
EVT_0014506,0
EVT_0014507,0
EVT_0014508,0
EVT_0014509,0
EVT_0014510,0
EVT_0014511,0
EVT_0014512,0
EVT_0014513,0
EVT_0014514,0
EVT_0014515,0
EVT_0014516,0
EVT_0014517,0
EVT_0014518,0
EVT_0014519,0
EVT_0014520,0
EVT_0014521,0
EVT_0014522,0
EVT_0014523,0
EVT_0014524,0
EVT_0014525,0
EVT_0014526,0
EVT_0014527,0
EVT_0014528,0
EVT_0014529,0
EVT_0014530,0
EVT_0014531,0
EVT_0014532,0
EVT_0014533,0
EVT_0014534,0
EVT_0014535,0
EVT_0014536,0
EVT_0014537,0
EVT_0014538,0
EVT_0014539,0
EVT_0014540,0
EVT_0014541,0
EVT_0014542,0
EVT_0014543,0
EVT_0014544,0
EVT_0014545,0
EVT_0014546,0
EVT_0014547,0
EVT_0014548,0
EVT_0014549,0
EVT_0014550,0
EVT_0014551,0
EVT_0014552,0
EVT_0014553,0
EVT_0014554,0
EVT_0014555,0
EVT_0014556,0
EVT_0014557,0
EVT_0014558,0
EVT_0014559,0
EVT_0014560,0
EVT_0014561,0
EVT_0014562,0
EVT_0014563,0
EVT_0014564,0
EVT_0014565,0
EVT_0014566,0
EVT_0014567,0
EVT_0014568,0
EVT_0014569,0
EVT_0014570,0
EVT_0014571,0
EVT_0014572,0
EVT_0014573,0
EVT_0014574,0
EVT_0014575,0
EVT_0014576,0
EVT_0014577,0
EVT_0014578,0
EVT_0014579,0
EVT_0014580,0
EVT_0014581,0
EVT_0014582,0
EVT_0014583,0
EVT_0014584,0
EVT_0014585,0
EVT_0014586,0
EVT_0014587,0
EVT_0014588,0
EVT_0014589,0
EVT_0014590,0
EVT_0014591,0
EVT_0014592,0
EVT_0014593,0
EVT_0014594,0
EVT_0014595,0
EVT_0014596,0
EVT_0014597,0
EVT_0014598,0
EVT_0014599,0
EVT_0014600,0
EVT_0014601,0
EVT_0014602,0
EVT_0014603,0
EVT_0014604,0
EVT_0014605,0
EVT_0014606,0
EVT_0014607,0
EVT_0014608,0
EVT_0014609,0
EVT_0014610,0
EVT_0014611,0
EVT_0014612,0
EVT_0014613,0
EVT_0014614,0
EVT_0014615,0
EVT_0014616,0
EVT_0014617,0
EVT_0014618,0
EVT_0014619,0
EVT_0014620,0
EVT_0014621,0
EVT_0014622,0
EVT_0014623,0
EVT_0014624,0
EVT_0014625,0
EVT_0014626,0
EVT_0014627,0
EVT_0014628,0
EVT_0014629,0
EVT_0014630,0
EVT_0014631,0
EVT_0014632,0
EVT_0014633,0
EVT_0014634,0
EVT_0014635,0
EVT_0014636,0
EVT_0014637,0
EVT_0014638,0
EVT_0014639,0
EVT_0014640,0
EVT_0014641,0
EVT_0014642,0
EVT_0014643,0
EVT_0014644,0
EVT_0014645,0
EVT_0014646,0
EVT_0014647,0
EVT_0014648,0
EVT_0014649,0
EVT_0014650,0
EVT_0014651,0
EVT_0014652,0
EVT_0014653,0
EVT_0014654,0
EVT_0014655,0
EVT_0014656,0
EVT_0014657,0
EVT_0014658,0
EVT_0014659,0
EVT_0014660,0
EVT_0014661,0
EVT_0014662,0
EVT_0014663,0
EVT_0014664,0
EVT_0014665,0
EVT_0014666,0
EVT_0014667,0
EVT_0014668,0
EVT_0014669,0
EVT_0014670,0
EVT_0014671,0
EVT_0014672,0
EVT_0014673,0
EVT_0014674,0
EVT_0014675,0
EVT_0014676,0
EVT_0014677,0
EVT_0014678,0
EVT_0014679,0
EVT_0014680,0
EVT_0014681,0
EVT_0014682,0
EVT_0014683,0
EVT_0014684,0
EVT_0014685,0
EVT_0014686,0
EVT_0014687,0
EVT_0014688,0
EVT_0014689,0
EVT_0014690,0
EVT_0014691,0
EVT_0014692,0
EVT_0014693,0
EVT_0014694,0
EVT_0014695,0
EVT_0014696,0
EVT_0014697,0
EVT_0014698,0
EVT_0014699,0
EVT_0014700,0
EVT_0014701,0
EVT_0014702,0
EVT_0014703,0
EVT_0014704,0
EVT_0014705,0
EVT_0014706,0
EVT_0014707,0
EVT_0014708,0
EVT_0014709,0
EVT_0014710,0
EVT_0014711,0
EVT_0014712,0
EVT_0014713,0
EVT_0014714,0
EVT_0014715,0
EVT_0014716,0
EVT_0014717,0
EVT_0014718,0
EVT_0014719,0
EVT_0014720,0
EVT_0014721,0
EVT_0014722,0
EVT_0014723,0
EVT_0014724,0
EVT_0014725,0
EVT_0014726,0
EVT_0014727,0
EVT_0014728,0
EVT_0014729,0
EVT_0014730,0
EVT_0014731,0
EVT_0014732,0
EVT_0014733,0
EVT_0014734,0
EVT_0014735,0
EVT_0014736,0
EVT_0014737,0
EVT_0014738,0
EVT_0014739,0
EVT_0014740,0
EVT_0014741,0
EVT_0014742,0
EVT_0014743,0
EVT_0014744,0
EVT_0014745,0
EVT_0014746,0
EVT_0014747,0
EVT_0014748,0
EVT_0014749,0
EVT_0014750,0
EVT_0014751,0
EVT_0014752,0
EVT_0014753,0
EVT_0014754,0
EVT_0014755,0
EVT_0014756,0
EVT_0014757,0
EVT_0014758,0
EVT_0014759,0
EVT_0014760,0
EVT_0014761,0
EVT_0014762,0
EVT_0014763,0
EVT_0014764,0
EVT_0014765,0
EVT_0014766,0
EVT_0014767,0
EVT_0014768,0
EVT_0014769,0
EVT_0014770,0
EVT_0014771,0
EVT_0014772,0
EVT_0014773,0
EVT_0014774,0
EVT_0014775,0
EVT_0014776,0
EVT_0014777,0
EVT_0014778,0
EVT_0014779,0
EVT_0014780,0
EVT_0014781,0
EVT_0014782,0
EVT_0014783,0
EVT_0014784,0
EVT_0014785,0
EVT_0014786,0
EVT_0014787,0
EVT_0014788,0
EVT_0014789,0
EVT_0014790,0
EVT_0014791,0
EVT_0014792,0
EVT_0014793,0
EVT_0014794,0
EVT_0014795,0
EVT_0014796,0
EVT_0014797,0
EVT_0014798,0
EVT_0014799,0
EVT_0014800,0
EVT_0014801,0
EVT_0014802,0
EVT_0014803,0
EVT_0014804,0
EVT_0014805,0
EVT_0014806,0
EVT_0014807,0
EVT_0014808,0
EVT_0014809,0
EVT_0014810,0
EVT_0014811,0
EVT_0014812,0
EVT_0014813,0
EVT_0014814,0
EVT_0014815,0
EVT_0014816,0
EVT_0014817,0
EVT_0014818,0
EVT_0014819,0
EVT_0014820,0
EVT_0014821,0
EVT_0014822,0
EVT_0014823,0
EVT_0014824,0
EVT_0014825,0
EVT_0014826,0
EVT_0014827,0
EVT_0014828,0
EVT_0014829,0
EVT_0014830,0
EVT_0014831,0
EVT_0014832,0
EVT_0014833,0
EVT_0014834,0
EVT_0014835,0
EVT_0014836,0
EVT_0014837,0
EVT_0014838,0
EVT_0014839,0
EVT_0014840,0
EVT_0014841,0
EVT_0014842,0
EVT_0014843,0
EVT_0014844,0
EVT_0014845,0
EVT_0014846,0
EVT_0014847,0
EVT_0014848,0
EVT_0014849,0
EVT_0014850,0
EVT_0014851,0
EVT_0014852,0
EVT_0014853,0
EVT_0014854,0
EVT_0014855,0
EVT_0014856,0
EVT_0014857,0
EVT_0014858,0
EVT_0014859,0
EVT_0014860,0
EVT_0014861,0
EVT_0014862,0
EVT_0014863,0
EVT_0014864,0
EVT_0014865,0
EVT_0014866,0
EVT_0014867,0
EVT_0014868,0
EVT_0014869,0
EVT_0014870,0
EVT_0014871,0
EVT_0014872,0
EVT_0014873,0
EVT_0014874,0
EVT_0014875,0
EVT_0014876,0
EVT_0014877,0
EVT_0014878,0
EVT_0014879,0
EVT_0014880,0
EVT_0014881,0
EVT_0014882,0
EVT_0014883,0
EVT_0014884,0
EVT_0014885,0
EVT_0014886,0
EVT_0014887,0
EVT_0014888,0
EVT_0014889,0
EVT_0014890,0
EVT_0014891,0
EVT_0014892,0
EVT_0014893,0
EVT_0014894,0
EVT_0014895,0
EVT_0014896,0
EVT_0014897,0
EVT_0014898,0
EVT_0014899,0
EVT_0014900,0
EVT_0014901,0
EVT_0014902,0
EVT_0014903,0
EVT_0014904,0
EVT_0014905,0
EVT_0014906,0
EVT_0014907,0
EVT_0014908,0
EVT_0014909,0
EVT_0014910,0
EVT_0014911,0
EVT_0014912,0
EVT_0014913,0
EVT_0014914,0
EVT_0014915,0
EVT_0014916,0
EVT_0014917,0
EVT_0014918,0
EVT_0014919,0
EVT_0014920,0
EVT_0014921,0
EVT_0014922,0
EVT_0014923,0
EVT_0014924,0
EVT_0014925,0
EVT_0014926,0
EVT_0014927,0
EVT_0014928,0
EVT_0014929,0
EVT_0014930,0
EVT_0014931,0
EVT_0014932,0
EVT_0014933,0
EVT_0014934,0
EVT_0014935,0
EVT_0014936,0
EVT_0014937,0
EVT_0014938,0
EVT_0014939,0
EVT_0014940,0
EVT_0014941,0
EVT_0014942,0
EVT_0014943,0
EVT_0014944,0
EVT_0014945,0
EVT_0014946,0
EVT_0014947,0
EVT_0014948,0
EVT_0014949,0
EVT_0014950,0
EVT_0014951,0
EVT_0014952,0
EVT_0014953,0
EVT_0014954,0
EVT_0014955,0
EVT_0014956,0
EVT_0014957,0
EVT_0014958,0
EVT_0014959,0
EVT_0014960,0
EVT_0014961,0
EVT_0014962,0
EVT_0014963,0
EVT_0014964,0
EVT_0014965,0
EVT_0014966,0
EVT_0014967,0
EVT_0014968,0
EVT_0014969,0
EVT_0014970,0
EVT_0014971,0
EVT_0014972,0
EVT_0014973,0
EVT_0014974,0
EVT_0014975,0
EVT_0014976,0
EVT_0014977,0
EVT_0014978,0
EVT_0014979,0
EVT_0014980,0
EVT_0014981,0
EVT_0014982,0
EVT_0014983,0
EVT_0014984,0
EVT_0014985,0
EVT_0014986,0
EVT_0014987,0
EVT_0014988,0
EVT_0014989,0
EVT_0014990,0
EVT_0014991,0
EVT_0014992,0
EVT_0014993,0
EVT_0014994,0
EVT_0014995,0
EVT_0014996,0
EVT_0014997,0
EVT_0014998,0
EVT_0014999,0
EVT_0015000,0
EVT_0015001,0
EVT_0015002,0
EVT_0015003,0
EVT_0015004,0
EVT_0015005,0
EVT_0015006,0
EVT_0015007,0
EVT_0015008,0
EVT_0015009,0
EVT_0015010,0
EVT_0015011,0
EVT_0015012,0
EVT_0015013,0
EVT_0015014,0
EVT_0015015,0
EVT_0015016,0
EVT_0015017,0
EVT_0015018,0
EVT_0015019,0
EVT_0015020,0
EVT_0015021,0
EVT_0015022,0
EVT_0015023,0
EVT_0015024,0
EVT_0015025,0
EVT_0015026,0
EVT_0015027,0
EVT_0015028,0
EVT_0015029,0
EVT_0015030,0
EVT_0015031,0
EVT_0015032,0
EVT_0015033,0
EVT_0015034,0
EVT_0015035,0
EVT_0015036,0
EVT_0015037,0
EVT_0015038,0
EVT_0015039,0
EVT_0015040,0
EVT_0015041,0
EVT_0015042,0
EVT_0015043,0
EVT_0015044,0
EVT_0015045,0
EVT_0015046,0
EVT_0015047,0
EVT_0015048,0
EVT_0015049,0
EVT_0015050,0
EVT_0015051,0
EVT_0015052,0
EVT_0015053,0
EVT_0015054,0
EVT_0015055,0
EVT_0015056,0
EVT_0015057,0
EVT_0015058,0
EVT_0015059,0
EVT_0015060,0
EVT_0015061,0
EVT_0015062,0
EVT_0015063,0
EVT_0015064,0
EVT_0015065,0
EVT_0015066,0
EVT_0015067,0
EVT_0015068,0
EVT_0015069,0
EVT_0015070,0
EVT_0015071,0
EVT_0015072,0
EVT_0015073,0
EVT_0015074,0
EVT_0015075,0
EVT_0015076,0
EVT_0015077,0
EVT_0015078,0
EVT_0015079,0
EVT_0015080,0
EVT_0015081,0
EVT_0015082,0
EVT_0015083,0
EVT_0015084,0
EVT_0015085,0
EVT_0015086,0
EVT_0015087,0
EVT_0015088,0
EVT_0015089,0
EVT_0015090,0
EVT_0015091,0
EVT_0015092,0
EVT_0015093,0
EVT_0015094,0
EVT_0015095,0
EVT_0015096,0
EVT_0015097,0
EVT_0015098,0
EVT_0015099,0
EVT_0015100,0
EVT_0015101,0
EVT_0015102,0
EVT_0015103,0
EVT_0015104,0
EVT_0015105,0
EVT_0015106,0
EVT_0015107,0
EVT_0015108,0
EVT_0015109,0
EVT_0015110,0
EVT_0015111,0
EVT_0015112,0
EVT_0015113,0
EVT_0015114,0
EVT_0015115,0
EVT_0015116,0
EVT_0015117,0
EVT_0015118,0
EVT_0015119,0
EVT_0015120,0
EVT_0015121,0
EVT_0015122,0
EVT_0015123,0
EVT_0015124,0
EVT_0015125,0
EVT_0015126,0
EVT_0015127,0
EVT_0015128,0
EVT_0015129,0
EVT_0015130,0
EVT_0015131,0
EVT_0015132,0
EVT_0015133,0
EVT_0015134,0
EVT_0015135,0
EVT_0015136,0
EVT_0015137,0
EVT_0015138,0
EVT_0015139,0
EVT_0015140,0
EVT_0015141,0
EVT_0015142,0
EVT_0015143,0
EVT_0015144,0
EVT_0015145,0
EVT_0015146,0
EVT_0015147,0
EVT_0015148,0
EVT_0015149,0
EVT_0015150,0
EVT_0015151,0
EVT_0015152,0
EVT_0015153,0
EVT_0015154,0
EVT_0015155,0
EVT_0015156,0
EVT_0015157,0
EVT_0015158,0
EVT_0015159,0
EVT_0015160,0
EVT_0015161,0
EVT_0015162,0
EVT_0015163,0
EVT_0015164,0
EVT_0015165,0
EVT_0015166,0
EVT_0015167,0
EVT_0015168,0
EVT_0015169,0
EVT_0015170,0
EVT_0015171,0
EVT_0015172,0
EVT_0015173,0
EVT_0015174,0
EVT_0015175,0
EVT_0015176,0
EVT_0015177,0
EVT_0015178,0
EVT_0015179,0
EVT_0015180,0
EVT_0015181,0
EVT_0015182,0
EVT_0015183,0
EVT_0015184,0
EVT_0015185,0
EVT_0015186,0
EVT_0015187,0
EVT_0015188,0
EVT_0015189,0
EVT_0015190,0
EVT_0015191,0
EVT_0015192,0
EVT_0015193,0
EVT_0015194,0
EVT_0015195,0
EVT_0015196,0
EVT_0015197,0
EVT_0015198,0
EVT_0015199,0
EVT_0015200,0
EVT_0015201,0
EVT_0015202,0
EVT_0015203,0
EVT_0015204,0
EVT_0015205,0
EVT_0015206,0
EVT_0015207,0
EVT_0015208,0
EVT_0015209,0
EVT_0015210,0
EVT_0015211,0
EVT_0015212,0
EVT_0015213,0
EVT_0015214,0
EVT_0015215,0
EVT_0015216,0
EVT_0015217,0
EVT_0015218,0
EVT_0015219,0
EVT_0015220,0
EVT_0015221,0
EVT_0015222,0
EVT_0015223,0
EVT_0015224,0
EVT_0015225,0
EVT_0015226,0
EVT_0015227,0
EVT_0015228,0
EVT_0015229,0
EVT_0015230,0
EVT_0015231,0
EVT_0015232,0
EVT_0015233,0
EVT_0015234,0
EVT_0015235,0
EVT_0015236,0
EVT_0015237,0
EVT_0015238,0
EVT_0015239,0
EVT_0015240,0
EVT_0015241,0
EVT_0015242,0
EVT_0015243,0
EVT_0015244,0
EVT_0015245,0
EVT_0015246,0
EVT_0015247,0
EVT_0015248,0
EVT_0015249,0
EVT_0015250,0
EVT_0015251,0
EVT_0015252,0
EVT_0015253,0
EVT_0015254,0
EVT_0015255,0
EVT_0015256,0
EVT_0015257,0
EVT_0015258,0
EVT_0015259,0
EVT_0015260,0
EVT_0015261,0
EVT_0015262,0
EVT_0015263,0
EVT_0015264,0
EVT_0015265,0
EVT_0015266,0
EVT_0015267,0
EVT_0015268,0
EVT_0015269,0
EVT_0015270,0
EVT_0015271,0
EVT_0015272,0
EVT_0015273,0
EVT_0015274,0
EVT_0015275,0
EVT_0015276,0
EVT_0015277,0
EVT_0015278,0
EVT_0015279,0
EVT_0015280,0
EVT_0015281,0
EVT_0015282,0
EVT_0015283,0
EVT_0015284,0
EVT_0015285,0
EVT_0015286,0
EVT_0015287,0
EVT_0015288,0
EVT_0015289,0
EVT_0015290,0
EVT_0015291,0
EVT_0015292,0
EVT_0015293,0
EVT_0015294,0
EVT_0015295,0
EVT_0015296,0
EVT_0015297,0
EVT_0015298,0
EVT_0015299,0
EVT_0015300,0
EVT_0015301,0
EVT_0015302,0
EVT_0015303,0
EVT_0015304,0
EVT_0015305,0
EVT_0015306,0
EVT_0015307,0
EVT_0015308,0
EVT_0015309,0
EVT_0015310,0
EVT_0015311,0
EVT_0015312,0
EVT_0015313,0
EVT_0015314,0
EVT_0015315,0
EVT_0015316,0
EVT_0015317,0
EVT_0015318,0
EVT_0015319,0
EVT_0015320,0
EVT_0015321,0
EVT_0015322,0
EVT_0015323,0
EVT_0015324,0
EVT_0015325,0
EVT_0015326,0
EVT_0015327,0
EVT_0015328,0
EVT_0015329,0
EVT_0015330,0
EVT_0015331,0
EVT_0015332,0
EVT_0015333,0
EVT_0015334,0
EVT_0015335,0
EVT_0015336,0
EVT_0015337,0
EVT_0015338,0
EVT_0015339,0
EVT_0015340,0
EVT_0015341,0
EVT_0015342,0
EVT_0015343,0
EVT_0015344,0
EVT_0015345,0
EVT_0015346,0
EVT_0015347,0
EVT_0015348,0
EVT_0015349,0
EVT_0015350,0
EVT_0015351,0
EVT_0015352,0
EVT_0015353,0
EVT_0015354,0
EVT_0015355,0
EVT_0015356,0
EVT_0015357,0
EVT_0015358,0
EVT_0015359,0
EVT_0015360,0
EVT_0015361,0
EVT_0015362,0
EVT_0015363,0
EVT_0015364,0
EVT_0015365,0
EVT_0015366,0
EVT_0015367,0
EVT_0015368,0
EVT_0015369,0
EVT_0015370,0
EVT_0015371,0
EVT_0015372,0
EVT_0015373,0
EVT_0015374,0
EVT_0015375,0
EVT_0015376,0
EVT_0015377,0
EVT_0015378,0
EVT_0015379,0
EVT_0015380,0
EVT_0015381,0
EVT_0015382,0
EVT_0015383,0
EVT_0015384,0
EVT_0015385,0
EVT_0015386,0
EVT_0015387,0
EVT_0015388,0
EVT_0015389,0
EVT_0015390,0
EVT_0015391,0
EVT_0015392,0
EVT_0015393,0
EVT_0015394,0
EVT_0015395,0
EVT_0015396,0
EVT_0015397,0
EVT_0015398,0
EVT_0015399,0
EVT_0015400,0
EVT_0015401,0
EVT_0015402,0
EVT_0015403,0
EVT_0015404,0
EVT_0015405,0
EVT_0015406,0
EVT_0015407,0
EVT_0015408,0
EVT_0015409,0
EVT_0015410,0
EVT_0015411,0
EVT_0015412,0
EVT_0015413,0
EVT_0015414,0
EVT_0015415,0
EVT_0015416,0
EVT_0015417,0
EVT_0015418,0
EVT_0015419,0
EVT_0015420,0
EVT_0015421,0
EVT_0015422,0
EVT_0015423,0
EVT_0015424,0
EVT_0015425,0
EVT_0015426,0
EVT_0015427,0
EVT_0015428,0
EVT_0015429,0
EVT_0015430,0
EVT_0015431,0
EVT_0015432,0
EVT_0015433,0
EVT_0015434,0
EVT_0015435,0
EVT_0015436,0
EVT_0015437,0
EVT_0015438,0
EVT_0015439,0
EVT_0015440,0
EVT_0015441,0
EVT_0015442,0
EVT_0015443,0
EVT_0015444,0
EVT_0015445,0
EVT_0015446,0
EVT_0015447,0
EVT_0015448,0
EVT_0015449,0
EVT_0015450,0
EVT_0015451,0
EVT_0015452,0
EVT_0015453,0
EVT_0015454,0
EVT_0015455,0
EVT_0015456,0
EVT_0015457,0
EVT_0015458,0
EVT_0015459,0
EVT_0015460,0
EVT_0015461,0
EVT_0015462,0
EVT_0015463,0
EVT_0015464,0
EVT_0015465,0
EVT_0015466,0
EVT_0015467,0
EVT_0015468,0
EVT_0015469,0
EVT_0015470,0
EVT_0015471,0
EVT_0015472,0
EVT_0015473,0
EVT_0015474,0
EVT_0015475,0
EVT_0015476,0
EVT_0015477,0
EVT_0015478,0
EVT_0015479,0
EVT_0015480,0
EVT_0015481,0
EVT_0015482,0
EVT_0015483,0
EVT_0015484,0
EVT_0015485,0
EVT_0015486,0
EVT_0015487,0
EVT_0015488,0
EVT_0015489,0
EVT_0015490,0
EVT_0015491,0
EVT_0015492,0
EVT_0015493,0
EVT_0015494,0
EVT_0015495,0
EVT_0015496,0
EVT_0015497,0
EVT_0015498,0
EVT_0015499,0
EVT_0015500,0
EVT_0015501,0
EVT_0015502,0
EVT_0015503,0
EVT_0015504,0
EVT_0015505,0
EVT_0015506,0
EVT_0015507,0
EVT_0015508,0
EVT_0015509,0
EVT_0015510,0
EVT_0015511,0
EVT_0015512,0
EVT_0015513,0
EVT_0015514,0
EVT_0015515,0
EVT_0015516,0
EVT_0015517,0
EVT_0015518,0
EVT_0015519,0
EVT_0015520,0
EVT_0015521,0
EVT_0015522,0
EVT_0015523,0
EVT_0015524,0
EVT_0015525,0
EVT_0015526,0
EVT_0015527,0
EVT_0015528,0
EVT_0015529,0
EVT_0015530,0
EVT_0015531,0
EVT_0015532,0
EVT_0015533,0
EVT_0015534,0
EVT_0015535,0
EVT_0015536,0
EVT_0015537,0
EVT_0015538,0
EVT_0015539,0
EVT_0015540,0
EVT_0015541,0
EVT_0015542,0
EVT_0015543,0
EVT_0015544,0
EVT_0015545,0
EVT_0015546,0
EVT_0015547,0
EVT_0015548,0
EVT_0015549,0
EVT_0015550,0
EVT_0015551,0
EVT_0015552,0
EVT_0015553,0
EVT_0015554,0
EVT_0015555,0
EVT_0015556,0
EVT_0015557,0
EVT_0015558,0
EVT_0015559,0
EVT_0015560,0
EVT_0015561,0
EVT_0015562,0
EVT_0015563,0
EVT_0015564,0
EVT_0015565,0
EVT_0015566,0
EVT_0015567,0
EVT_0015568,0
EVT_0015569,0
EVT_0015570,0
EVT_0015571,0
EVT_0015572,0
EVT_0015573,0
EVT_0015574,0
EVT_0015575,0
EVT_0015576,0
EVT_0015577,0
EVT_0015578,0
EVT_0015579,0
EVT_0015580,0
EVT_0015581,0
EVT_0015582,0
EVT_0015583,0
EVT_0015584,0
EVT_0015585,0
EVT_0015586,0
EVT_0015587,0
EVT_0015588,0
EVT_0015589,0
EVT_0015590,0
EVT_0015591,0
EVT_0015592,0
EVT_0015593,0
EVT_0015594,0
EVT_0015595,0
EVT_0015596,0
EVT_0015597,0
EVT_0015598,0
EVT_0015599,0
EVT_0015600,0
EVT_0015601,0
EVT_0015602,0
EVT_0015603,0
EVT_0015604,0
EVT_0015605,0
EVT_0015606,0
EVT_0015607,0
EVT_0015608,0
EVT_0015609,0
EVT_0015610,0
EVT_0015611,0
EVT_0015612,0
EVT_0015613,0
EVT_0015614,0
EVT_0015615,0
EVT_0015616,0
EVT_0015617,0
EVT_0015618,0
EVT_0015619,0
EVT_0015620,0
EVT_0015621,0
EVT_0015622,0
EVT_0015623,0
EVT_0015624,0
EVT_0015625,0
EVT_0015626,0
EVT_0015627,0
EVT_0015628,0
EVT_0015629,0
EVT_0015630,0
EVT_0015631,0
EVT_0015632,0
EVT_0015633,0
EVT_0015634,0
EVT_0015635,0
EVT_0015636,0
EVT_0015637,0
EVT_0015638,0
EVT_0015639,0
EVT_0015640,0
EVT_0015641,0
EVT_0015642,0
EVT_0015643,0
EVT_0015644,0
EVT_0015645,0
EVT_0015646,0
EVT_0015647,0
EVT_0015648,0
EVT_0015649,0
EVT_0015650,0
EVT_0015651,0
EVT_0015652,0
EVT_0015653,0
EVT_0015654,0
EVT_0015655,0
EVT_0015656,0
EVT_0015657,0
EVT_0015658,0
EVT_0015659,0
EVT_0015660,0
EVT_0015661,0
EVT_0015662,0
EVT_0015663,0
EVT_0015664,0
EVT_0015665,0
EVT_0015666,0
EVT_0015667,0
EVT_0015668,0
EVT_0015669,0
EVT_0015670,0
EVT_0015671,0
EVT_0015672,0
EVT_0015673,0
EVT_0015674,0
EVT_0015675,0
EVT_0015676,0
EVT_0015677,0
EVT_0015678,0
EVT_0015679,0
EVT_0015680,0
EVT_0015681,0
EVT_0015682,0
EVT_0015683,0
EVT_0015684,0
EVT_0015685,0
EVT_0015686,0
EVT_0015687,0
EVT_0015688,0
EVT_0015689,0
EVT_0015690,0
EVT_0015691,0
EVT_0015692,0
EVT_0015693,0
EVT_0015694,0
EVT_0015695,0
EVT_0015696,0
EVT_0015697,0
EVT_0015698,0
EVT_0015699,0
EVT_0015700,0
EVT_0015701,0
EVT_0015702,0
EVT_0015703,0
EVT_0015704,0
EVT_0015705,0
EVT_0015706,0
EVT_0015707,0
EVT_0015708,0
EVT_0015709,0
EVT_0015710,0
EVT_0015711,0
EVT_0015712,0
EVT_0015713,0
EVT_0015714,0
EVT_0015715,0
EVT_0015716,0
EVT_0015717,0
EVT_0015718,0
EVT_0015719,0
EVT_0015720,0
EVT_0015721,0
EVT_0015722,0
EVT_0015723,0
EVT_0015724,0
EVT_0015725,0
EVT_0015726,0
EVT_0015727,0
EVT_0015728,0
EVT_0015729,0
EVT_0015730,0
EVT_0015731,0
EVT_0015732,0
EVT_0015733,0
EVT_0015734,0
EVT_0015735,0
EVT_0015736,0
EVT_0015737,0
EVT_0015738,0
EVT_0015739,0
EVT_0015740,0
EVT_0015741,0
EVT_0015742,0
EVT_0015743,0
EVT_0015744,0
EVT_0015745,0
EVT_0015746,0
EVT_0015747,0
EVT_0015748,0
EVT_0015749,0
EVT_0015750,0
EVT_0015751,0
EVT_0015752,0
EVT_0015753,0
EVT_0015754,0
EVT_0015755,0
EVT_0015756,0
EVT_0015757,0
EVT_0015758,0
EVT_0015759,0
EVT_0015760,0
EVT_0015761,0
EVT_0015762,0
EVT_0015763,0
EVT_0015764,0
EVT_0015765,0
EVT_0015766,0
EVT_0015767,0
EVT_0015768,0
EVT_0015769,0
EVT_0015770,0
EVT_0015771,0
EVT_0015772,0
EVT_0015773,0
EVT_0015774,0
EVT_0015775,0
EVT_0015776,0
EVT_0015777,0
EVT_0015778,0
EVT_0015779,0
EVT_0015780,0
EVT_0015781,0
EVT_0015782,0
EVT_0015783,0
EVT_0015784,0
EVT_0015785,0
EVT_0015786,0
EVT_0015787,0
EVT_0015788,0
EVT_0015789,0
EVT_0015790,0
EVT_0015791,0
EVT_0015792,0
EVT_0015793,0
EVT_0015794,0
EVT_0015795,0
EVT_0015796,0
EVT_0015797,0
EVT_0015798,0
EVT_0015799,0
EVT_0015800,0
EVT_0015801,0
EVT_0015802,0
EVT_0015803,0
EVT_0015804,0
EVT_0015805,0
EVT_0015806,0
EVT_0015807,0
EVT_0015808,0
EVT_0015809,0
EVT_0015810,0
EVT_0015811,0
EVT_0015812,0
EVT_0015813,0
EVT_0015814,0
EVT_0015815,0
EVT_0015816,0
EVT_0015817,0
EVT_0015818,0
EVT_0015819,0
EVT_0015820,0
EVT_0015821,0
EVT_0015822,0
EVT_0015823,0
EVT_0015824,0
EVT_0015825,0
EVT_0015826,0
EVT_0015827,0
EVT_0015828,0
EVT_0015829,0
EVT_0015830,0
EVT_0015831,0
EVT_0015832,0
EVT_0015833,0
EVT_0015834,0
EVT_0015835,0
EVT_0015836,0
EVT_0015837,0
EVT_0015838,0
EVT_0015839,0
EVT_0015840,0
EVT_0015841,0
EVT_0015842,0
EVT_0015843,0
EVT_0015844,0
EVT_0015845,0
EVT_0015846,0
EVT_0015847,0
EVT_0015848,0
EVT_0015849,0
EVT_0015850,0
EVT_0015851,0
EVT_0015852,0
EVT_0015853,0
EVT_0015854,0
EVT_0015855,0
EVT_0015856,0
EVT_0015857,0
EVT_0015858,0
EVT_0015859,0
EVT_0015860,0
EVT_0015861,0
EVT_0015862,0
EVT_0015863,0
EVT_0015864,0
EVT_0015865,0
EVT_0015866,0
EVT_0015867,0
EVT_0015868,0
EVT_0015869,0
EVT_0015870,0
EVT_0015871,0
EVT_0015872,0
EVT_0015873,0
EVT_0015874,0
EVT_0015875,0
EVT_0015876,0
EVT_0015877,0
EVT_0015878,0
EVT_0015879,0
EVT_0015880,0
EVT_0015881,0
EVT_0015882,0
EVT_0015883,0
EVT_0015884,0
EVT_0015885,0
EVT_0015886,0
EVT_0015887,0
EVT_0015888,0
EVT_0015889,0
EVT_0015890,0
EVT_0015891,0
EVT_0015892,0
EVT_0015893,0
EVT_0015894,0
EVT_0015895,0
EVT_0015896,0
EVT_0015897,0
EVT_0015898,0
EVT_0015899,0
EVT_0015900,0
EVT_0015901,0
EVT_0015902,0
EVT_0015903,0
EVT_0015904,0
EVT_0015905,0
EVT_0015906,0
EVT_0015907,0
EVT_0015908,0
EVT_0015909,0
EVT_0015910,0
EVT_0015911,0
EVT_0015912,0
EVT_0015913,0
EVT_0015914,0
EVT_0015915,0
EVT_0015916,0
EVT_0015917,0
EVT_0015918,0
EVT_0015919,0
EVT_0015920,0
EVT_0015921,0
EVT_0015922,0
EVT_0015923,0
EVT_0015924,0
EVT_0015925,0
EVT_0015926,0
EVT_0015927,0
EVT_0015928,0
EVT_0015929,0
EVT_0015930,0
EVT_0015931,0
EVT_0015932,0
EVT_0015933,0
EVT_0015934,0
EVT_0015935,0
EVT_0015936,0
EVT_0015937,0
EVT_0015938,0
EVT_0015939,0
EVT_0015940,0
EVT_0015941,0
EVT_0015942,0
EVT_0015943,0
EVT_0015944,0
EVT_0015945,0
EVT_0015946,0
EVT_0015947,0
EVT_0015948,0
EVT_0015949,0
EVT_0015950,0
EVT_0015951,0
EVT_0015952,0
EVT_0015953,0
EVT_0015954,0
EVT_0015955,0
EVT_0015956,0
EVT_0015957,0
EVT_0015958,0
EVT_0015959,0
EVT_0015960,0
EVT_0015961,0
EVT_0015962,0
EVT_0015963,0
EVT_0015964,0
EVT_0015965,0
EVT_0015966,0
EVT_0015967,0
EVT_0015968,0
EVT_0015969,0
EVT_0015970,0
EVT_0015971,0
EVT_0015972,0
EVT_0015973,0
EVT_0015974,0
EVT_0015975,0
EVT_0015976,0
EVT_0015977,0
EVT_0015978,0
EVT_0015979,0
EVT_0015980,0
EVT_0015981,0
EVT_0015982,0
EVT_0015983,0
EVT_0015984,0
EVT_0015985,0
EVT_0015986,0
EVT_0015987,0
EVT_0015988,0
EVT_0015989,0
EVT_0015990,0
EVT_0015991,0
EVT_0015992,0
EVT_0015993,0
EVT_0015994,0
EVT_0015995,0
EVT_0015996,0
EVT_0015997,0
EVT_0015998,0
EVT_0015999,0
EVT_0016000,0
EVT_0016001,0
EVT_0016002,0
EVT_0016003,0
EVT_0016004,0
EVT_0016005,0
EVT_0016006,0
EVT_0016007,0
EVT_0016008,0
EVT_0016009,0
EVT_0016010,0
EVT_0016011,0
EVT_0016012,0
EVT_0016013,0
EVT_0016014,0
EVT_0016015,0
EVT_0016016,0
EVT_0016017,0
EVT_0016018,0
EVT_0016019,0
EVT_0016020,0
EVT_0016021,0
EVT_0016022,0
EVT_0016023,0
EVT_0016024,0
EVT_0016025,0
EVT_0016026,0
EVT_0016027,0
EVT_0016028,0
EVT_0016029,0
EVT_0016030,0
EVT_0016031,0
EVT_0016032,0
EVT_0016033,0
EVT_0016034,0
EVT_0016035,0
EVT_0016036,0
EVT_0016037,0
EVT_0016038,0
EVT_0016039,0
EVT_0016040,0
EVT_0016041,0
EVT_0016042,0
EVT_0016043,0
EVT_0016044,0
EVT_0016045,0
EVT_0016046,0
EVT_0016047,0
EVT_0016048,0
EVT_0016049,0
EVT_0016050,0
EVT_0016051,0
EVT_0016052,0
EVT_0016053,0
EVT_0016054,0
EVT_0016055,0
EVT_0016056,0
EVT_0016057,0
EVT_0016058,0
EVT_0016059,0
EVT_0016060,0
EVT_0016061,0
EVT_0016062,0
EVT_0016063,0
EVT_0016064,0
EVT_0016065,0
EVT_0016066,0
EVT_0016067,0
EVT_0016068,0
EVT_0016069,0
EVT_0016070,0
EVT_0016071,0
EVT_0016072,0
EVT_0016073,0
EVT_0016074,0
EVT_0016075,0
EVT_0016076,0
EVT_0016077,0
EVT_0016078,0
EVT_0016079,0
EVT_0016080,0
EVT_0016081,0
EVT_0016082,0
EVT_0016083,0
EVT_0016084,0
EVT_0016085,0
EVT_0016086,0
EVT_0016087,0
EVT_0016088,0
EVT_0016089,0
EVT_0016090,0
EVT_0016091,0
EVT_0016092,0
EVT_0016093,0
EVT_0016094,0
EVT_0016095,0
EVT_0016096,0
EVT_0016097,0
EVT_0016098,0
EVT_0016099,0
EVT_0016100,0
EVT_0016101,0
EVT_0016102,0
EVT_0016103,0
EVT_0016104,0
EVT_0016105,0
EVT_0016106,0
EVT_0016107,0
EVT_0016108,0
EVT_0016109,0
EVT_0016110,0
EVT_0016111,0
EVT_0016112,0
EVT_0016113,0
EVT_0016114,0
EVT_0016115,0
EVT_0016116,0
EVT_0016117,0
EVT_0016118,0
EVT_0016119,0
EVT_0016120,0
EVT_0016121,0
EVT_0016122,0
EVT_0016123,0
EVT_0016124,0
EVT_0016125,0
EVT_0016126,0
EVT_0016127,0
EVT_0016128,0
EVT_0016129,0
EVT_0016130,0
EVT_0016131,0
EVT_0016132,0
EVT_0016133,0
EVT_0016134,0
EVT_0016135,0
EVT_0016136,0
EVT_0016137,0
EVT_0016138,0
EVT_0016139,0
EVT_0016140,0
EVT_0016141,0
EVT_0016142,0
EVT_0016143,0
EVT_0016144,0
EVT_0016145,0
EVT_0016146,0
EVT_0016147,0
EVT_0016148,0
EVT_0016149,0
EVT_0016150,0
EVT_0016151,0
EVT_0016152,0
EVT_0016153,0
EVT_0016154,0
EVT_0016155,0
EVT_0016156,0
EVT_0016157,0
EVT_0016158,0
EVT_0016159,0
EVT_0016160,0
EVT_0016161,0
EVT_0016162,0
EVT_0016163,0
EVT_0016164,0
EVT_0016165,0
EVT_0016166,0
EVT_0016167,0
EVT_0016168,0
EVT_0016169,0
EVT_0016170,0
EVT_0016171,0
EVT_0016172,0
EVT_0016173,0
EVT_0016174,0
EVT_0016175,0
EVT_0016176,0
EVT_0016177,0
EVT_0016178,0
EVT_0016179,0
EVT_0016180,0
EVT_0016181,0
EVT_0016182,0
EVT_0016183,0
EVT_0016184,0
EVT_0016185,0
EVT_0016186,0
EVT_0016187,0
EVT_0016188,0
EVT_0016189,0
EVT_0016190,0
EVT_0016191,0
EVT_0016192,0
EVT_0016193,0
EVT_0016194,0
EVT_0016195,0
EVT_0016196,0
EVT_0016197,0
EVT_0016198,0
EVT_0016199,0
EVT_0016200,0
EVT_0016201,0
EVT_0016202,0
EVT_0016203,0
EVT_0016204,0
EVT_0016205,0
EVT_0016206,0
EVT_0016207,0
EVT_0016208,0
EVT_0016209,0
EVT_0016210,0
EVT_0016211,1
EVT_0016212,1
EVT_0016213,1
EVT_0016214,1
EVT_0016215,1
EVT_0016216,1
EVT_0016217,1
EVT_0016218,1
EVT_0016219,1
EVT_0016220,1
EVT_0016221,1
EVT_0016222,1
EVT_0016223,1
EVT_0016224,1
EVT_0016225,1
EVT_0016226,1
EVT_0016227,1
EVT_0016228,1
EVT_0016229,1
EVT_0016230,1
EVT_0016231,1
EVT_0016232,1
EVT_0016233,1
EVT_0016234,1
EVT_0016235,1
EVT_0016236,1
EVT_0016237,1
EVT_0016238,1
EVT_0016239,1
EVT_0016240,1
EVT_0016241,1
EVT_0016242,1
EVT_0016243,1
EVT_0016244,1
EVT_0016245,1
EVT_0016246,1
EVT_0016247,1
EVT_0016248,1
EVT_0016249,1
EVT_0016250,1
EVT_0016251,1
EVT_0016252,1
EVT_0016253,1
EVT_0016254,1
EVT_0016255,1
EVT_0016256,1
EVT_0016257,1
EVT_0016258,1
EVT_0016259,1
EVT_0016260,1
EVT_0016261,1
EVT_0016262,1
EVT_0016263,1
EVT_0016264,1
EVT_0016265,1
EVT_0016266,1
EVT_0016267,1
EVT_0016268,1
EVT_0016269,1
EVT_0016270,1
EVT_0016271,1
EVT_0016272,1
EVT_0016273,1
EVT_0016274,1
EVT_0016275,1
EVT_0016276,1
EVT_0016277,1
EVT_0016278,1
EVT_0016279,1
EVT_0016280,1
EVT_0016281,1
EVT_0016282,1
EVT_0016283,1
EVT_0016284,1
EVT_0016285,1
EVT_0016286,1
EVT_0016287,1
EVT_0016288,1
EVT_0016289,1
EVT_0016290,1
EVT_0016291,1
EVT_0016292,1
EVT_0016293,1
EVT_0016294,1
EVT_0016295,1
EVT_0016296,1
EVT_0016297,1
EVT_0016298,1
EVT_0016299,1
EVT_0016300,1
EVT_0016301,1
EVT_0016302,1
EVT_0016303,1
EVT_0016304,1
EVT_0016305,1
EVT_0016306,1
EVT_0016307,1
EVT_0016308,1
EVT_0016309,1
EVT_0016310,1
EVT_0016311,1
EVT_0016312,1
EVT_0016313,1
EVT_0016314,1
EVT_0016315,1
EVT_0016316,1
EVT_0016317,1
EVT_0016318,1
EVT_0016319,1
EVT_0016320,1
EVT_0016321,1
EVT_0016322,1
EVT_0016323,1
EVT_0016324,1
EVT_0016325,1
EVT_0016326,1
EVT_0016327,1
EVT_0016328,1
EVT_0016329,1
EVT_0016330,1
EVT_0016331,1
EVT_0016332,1
EVT_0016333,1
EVT_0016334,1
EVT_0016335,1
EVT_0016336,1
EVT_0016337,1
EVT_0016338,1
EVT_0016339,1
EVT_0016340,1
EVT_0016341,1
EVT_0016342,1
EVT_0016343,1
EVT_0016344,1
EVT_0016345,1
EVT_0016346,1
EVT_0016347,1
EVT_0016348,1
EVT_0016349,1
EVT_0016350,1
EVT_0016351,1
EVT_0016352,1
EVT_0016353,1
EVT_0016354,1
EVT_0016355,1
EVT_0016356,1
EVT_0016357,1
EVT_0016358,1
EVT_0016359,1
EVT_0016360,1
EVT_0016361,1
EVT_0016362,1
EVT_0016363,1
EVT_0016364,1
EVT_0016365,0
EVT_0016366,0
EVT_0016367,0
EVT_0016368,0
EVT_0016369,0
EVT_0016370,0
EVT_0016371,0
EVT_0016372,0
EVT_0016373,0
EVT_0016374,0
EVT_0016375,0
EVT_0016376,0
EVT_0016377,0
EVT_0016378,0
EVT_0016379,0
EVT_0016380,0
EVT_0016381,0
EVT_0016382,0
EVT_0016383,0
EVT_0016384,0
EVT_0016385,0
EVT_0016386,0
EVT_0016387,0
EVT_0016388,0
EVT_0016389,0
EVT_0016390,0
EVT_0016391,0
EVT_0016392,0
EVT_0016393,0
EVT_0016394,0
EVT_0016395,0
EVT_0016396,0
EVT_0016397,0
EVT_0016398,0
EVT_0016399,0
EVT_0016400,0
EVT_0016401,0
EVT_0016402,0
EVT_0016403,0
EVT_0016404,0
EVT_0016405,0
EVT_0016406,0
EVT_0016407,0
EVT_0016408,0
EVT_0016409,0
EVT_0016410,0
EVT_0016411,0
EVT_0016412,0
EVT_0016413,0
EVT_0016414,0
EVT_0016415,0
EVT_0016416,0
EVT_0016417,0
EVT_0016418,0
EVT_0016419,0
EVT_0016420,0
EVT_0016421,0
EVT_0016422,0
EVT_0016423,0
EVT_0016424,0
EVT_0016425,0
EVT_0016426,0
EVT_0016427,0
EVT_0016428,0
EVT_0016429,0
EVT_0016430,0
EVT_0016431,0
EVT_0016432,0
EVT_0016433,0
EVT_0016434,0
EVT_0016435,0
EVT_0016436,0
EVT_0016437,0
EVT_0016438,0
EVT_0016439,0
EVT_0016440,0
EVT_0016441,0
EVT_0016442,0
EVT_0016443,0
EVT_0016444,0
EVT_0016445,0
EVT_0016446,0
EVT_0016447,0
EVT_0016448,0
EVT_0016449,0
EVT_0016450,0
EVT_0016451,0
EVT_0016452,0
EVT_0016453,0
EVT_0016454,0
EVT_0016455,0
EVT_0016456,0
EVT_0016457,0
EVT_0016458,0
EVT_0016459,0
EVT_0016460,0
EVT_0016461,0
EVT_0016462,0
EVT_0016463,0
EVT_0016464,0
EVT_0016465,0
EVT_0016466,0
EVT_0016467,0
EVT_0016468,0
EVT_0016469,0
EVT_0016470,0
EVT_0016471,0
EVT_0016472,0
EVT_0016473,0
EVT_0016474,0
EVT_0016475,0
EVT_0016476,0
EVT_0016477,0
EVT_0016478,0
EVT_0016479,0
EVT_0016480,0
EVT_0016481,0
EVT_0016482,0
EVT_0016483,0
EVT_0016484,0
EVT_0016485,0
EVT_0016486,0
EVT_0016487,0
EVT_0016488,0
EVT_0016489,0
EVT_0016490,0
EVT_0016491,0
EVT_0016492,0
EVT_0016493,0
EVT_0016494,0
EVT_0016495,0
EVT_0016496,0
EVT_0016497,0
EVT_0016498,0
EVT_0016499,0
EVT_0016500,0
EVT_0016501,0
EVT_0016502,0
EVT_0016503,0
EVT_0016504,0
EVT_0016505,0
EVT_0016506,0
EVT_0016507,0
EVT_0016508,0
EVT_0016509,0
EVT_0016510,0
EVT_0016511,0
EVT_0016512,0
EVT_0016513,0
EVT_0016514,0
EVT_0016515,0
EVT_0016516,0
EVT_0016517,0
EVT_0016518,0
EVT_0016519,0
EVT_0016520,0
EVT_0016521,0
EVT_0016522,0
EVT_0016523,0
EVT_0016524,0
EVT_0016525,0
EVT_0016526,0
EVT_0016527,0
EVT_0016528,0
EVT_0016529,0
EVT_0016530,0
EVT_0016531,0
EVT_0016532,0
EVT_0016533,0
EVT_0016534,0
EVT_0016535,0
EVT_0016536,0
EVT_0016537,0
EVT_0016538,0
EVT_0016539,0
EVT_0016540,0
EVT_0016541,0
EVT_0016542,0
EVT_0016543,0
EVT_0016544,0
EVT_0016545,0
EVT_0016546,0
EVT_0016547,0
EVT_0016548,0
EVT_0016549,0
EVT_0016550,0
EVT_0016551,0
EVT_0016552,0
EVT_0016553,0
EVT_0016554,0
EVT_0016555,0
EVT_0016556,0
EVT_0016557,1
EVT_0016558,1
EVT_0016559,1
EVT_0016560,1
EVT_0016561,1
EVT_0016562,1
EVT_0016563,1
EVT_0016564,1
EVT_0016565,1
EVT_0016566,1
EVT_0016567,1
EVT_0016568,1
EVT_0016569,1
EVT_0016570,1
EVT_0016571,0
EVT_0016572,0
EVT_0016573,0
EVT_0016574,0
EVT_0016575,0
EVT_0016576,0
EVT_0016577,0
EVT_0016578,0
EVT_0016579,0
EVT_0016580,0
EVT_0016581,0
EVT_0016582,0
EVT_0016583,0
EVT_0016584,0
EVT_0016585,0
EVT_0016586,0
EVT_0016587,0
EVT_0016588,0
EVT_0016589,0
EVT_0016590,0
EVT_0016591,0
EVT_0016592,0
EVT_0016593,0
EVT_0016594,0
EVT_0016595,0
EVT_0016596,0
EVT_0016597,0
EVT_0016598,0
EVT_0016599,0
EVT_0016600,0
EVT_0016601,0
EVT_0016602,0
EVT_0016603,0
EVT_0016604,0
EVT_0016605,0
EVT_0016606,0
EVT_0016607,0
EVT_0016608,0
EVT_0016609,0
EVT_0016610,0
EVT_0016611,0
EVT_0016612,0
EVT_0016613,0
EVT_0016614,0
EVT_0016615,0
EVT_0016616,0
EVT_0016617,0
EVT_0016618,0
EVT_0016619,0
EVT_0016620,0
EVT_0016621,0
EVT_0016622,0
EVT_0016623,0
EVT_0016624,0
EVT_0016625,0
EVT_0016626,0
EVT_0016627,0
EVT_0016628,0
EVT_0016629,0
EVT_0016630,0
EVT_0016631,0
EVT_0016632,0
EVT_0016633,0
EVT_0016634,0
EVT_0016635,0
EVT_0016636,0
EVT_0016637,0
EVT_0016638,0
EVT_0016639,0
EVT_0016640,0
EVT_0016641,0
EVT_0016642,0
EVT_0016643,0
EVT_0016644,0
EVT_0016645,0
EVT_0016646,0
EVT_0016647,0
EVT_0016648,0
EVT_0016649,0
EVT_0016650,0
EVT_0016651,0
EVT_0016652,0
EVT_0016653,0
EVT_0016654,0
EVT_0016655,0
EVT_0016656,0
EVT_0016657,0
EVT_0016658,0
EVT_0016659,0
EVT_0016660,0
EVT_0016661,0
EVT_0016662,0
EVT_0016663,0
EVT_0016664,0
EVT_0016665,0
EVT_0016666,0
EVT_0016667,0
EVT_0016668,0
EVT_0016669,0
EVT_0016670,0
EVT_0016671,0
EVT_0016672,0
EVT_0016673,0
EVT_0016674,0
EVT_0016675,0
EVT_0016676,0
EVT_0016677,0
EVT_0016678,0
EVT_0016679,0
EVT_0016680,0
EVT_0016681,0
EVT_0016682,0
EVT_0016683,0
EVT_0016684,0
EVT_0016685,0
EVT_0016686,0
EVT_0016687,0
EVT_0016688,0
EVT_0016689,0
EVT_0016690,0
EVT_0016691,0
EVT_0016692,0
EVT_0016693,0
EVT_0016694,0
EVT_0016695,0
EVT_0016696,0
EVT_0016697,0
EVT_0016698,0
EVT_0016699,0
EVT_0016700,0
EVT_0016701,0
EVT_0016702,0
EVT_0016703,0
EVT_0016704,0
EVT_0016705,0
EVT_0016706,0
EVT_0016707,0
EVT_0016708,0
EVT_0016709,0
EVT_0016710,0
EVT_0016711,0
EVT_0016712,0
EVT_0016713,0
EVT_0016714,0
EVT_0016715,0
EVT_0016716,0
EVT_0016717,0
EVT_0016718,0
EVT_0016719,0
EVT_0016720,0
EVT_0016721,0
EVT_0016722,0
EVT_0016723,0
EVT_0016724,0
EVT_0016725,0
EVT_0016726,0
EVT_0016727,0
EVT_0016728,0
EVT_0016729,0
EVT_0016730,0
EVT_0016731,0
EVT_0016732,0
EVT_0016733,0
EVT_0016734,0
EVT_0016735,0
EVT_0016736,0
EVT_0016737,0
EVT_0016738,0
EVT_0016739,0
EVT_0016740,0
EVT_0016741,0
EVT_0016742,0
EVT_0016743,0
EVT_0016744,0
EVT_0016745,0
EVT_0016746,0
EVT_0016747,0
EVT_0016748,0
EVT_0016749,0
EVT_0016750,0
EVT_0016751,0
EVT_0016752,0
EVT_0016753,0
EVT_0016754,0
EVT_0016755,0
EVT_0016756,0
EVT_0016757,0
EVT_0016758,0
EVT_0016759,0
EVT_0016760,0
EVT_0016761,0
EVT_0016762,0
EVT_0016763,0
EVT_0016764,0
EVT_0016765,0
EVT_0016766,0
EVT_0016767,0
EVT_0016768,0
EVT_0016769,0
EVT_0016770,0
EVT_0016771,0
EVT_0016772,0
EVT_0016773,0
EVT_0016774,0
EVT_0016775,0
EVT_0016776,0
EVT_0016777,0
EVT_0016778,0
EVT_0016779,0
EVT_0016780,0
EVT_0016781,0
EVT_0016782,0
EVT_0016783,0
EVT_0016784,0
EVT_0016785,0
EVT_0016786,0
EVT_0016787,0
EVT_0016788,0
EVT_0016789,0
EVT_0016790,0
EVT_0016791,0
EVT_0016792,0
EVT_0016793,0
EVT_0016794,0
EVT_0016795,0
EVT_0016796,0
EVT_0016797,0
EVT_0016798,0
EVT_0016799,0
EVT_0016800,0
EVT_0016801,0
EVT_0016802,0
EVT_0016803,0
EVT_0016804,0
EVT_0016805,0
EVT_0016806,0
EVT_0016807,0
EVT_0016808,0
EVT_0016809,0
EVT_0016810,0
EVT_0016811,0
EVT_0016812,0
EVT_0016813,0
EVT_0016814,0
EVT_0016815,0
EVT_0016816,0
EVT_0016817,0
EVT_0016818,0
EVT_0016819,0
EVT_0016820,0
EVT_0016821,0
EVT_0016822,0
EVT_0016823,0
EVT_0016824,0
EVT_0016825,0
EVT_0016826,0
EVT_0016827,0
EVT_0016828,0
EVT_0016829,0
EVT_0016830,0
EVT_0016831,0
EVT_0016832,0
EVT_0016833,0
EVT_0016834,0
EVT_0016835,0
EVT_0016836,0
EVT_0016837,0
EVT_0016838,0
EVT_0016839,0
EVT_0016840,0
EVT_0016841,0
EVT_0016842,0
EVT_0016843,0
EVT_0016844,0
EVT_0016845,0
EVT_0016846,0
EVT_0016847,0
EVT_0016848,0
EVT_0016849,0
EVT_0016850,0
EVT_0016851,0
EVT_0016852,0
EVT_0016853,0
EVT_0016854,0
EVT_0016855,0
EVT_0016856,0
EVT_0016857,0
EVT_0016858,0
EVT_0016859,0
EVT_0016860,0
EVT_0016861,0
EVT_0016862,0
EVT_0016863,0
EVT_0016864,0
EVT_0016865,0
EVT_0016866,0
EVT_0016867,0
EVT_0016868,0
EVT_0016869,0
EVT_0016870,0
EVT_0016871,0
EVT_0016872,0
EVT_0016873,0
EVT_0016874,0
EVT_0016875,0
EVT_0016876,0
EVT_0016877,0
EVT_0016878,0
EVT_0016879,0
EVT_0016880,0
EVT_0016881,0
EVT_0016882,0
EVT_0016883,0
EVT_0016884,0
EVT_0016885,0
EVT_0016886,0
EVT_0016887,0
EVT_0016888,0
EVT_0016889,0
EVT_0016890,0
EVT_0016891,0
EVT_0016892,0
EVT_0016893,0
EVT_0016894,0
EVT_0016895,0
EVT_0016896,0
EVT_0016897,0
EVT_0016898,0
EVT_0016899,0
EVT_0016900,0
EVT_0016901,0
EVT_0016902,0
EVT_0016903,0
EVT_0016904,0
EVT_0016905,0
EVT_0016906,0
EVT_0016907,0
EVT_0016908,0
EVT_0016909,0
EVT_0016910,0
EVT_0016911,0
EVT_0016912,0
EVT_0016913,0
EVT_0016914,0
EVT_0016915,0
EVT_0016916,0
EVT_0016917,0
EVT_0016918,0
EVT_0016919,0
EVT_0016920,0
EVT_0016921,0
EVT_0016922,0
EVT_0016923,0
EVT_0016924,0
EVT_0016925,0
EVT_0016926,0
EVT_0016927,0
EVT_0016928,0
EVT_0016929,0
EVT_0016930,0
EVT_0016931,0
EVT_0016932,0
EVT_0016933,0
EVT_0016934,0
EVT_0016935,0
EVT_0016936,0
EVT_0016937,0
EVT_0016938,0
EVT_0016939,0
EVT_0016940,0
EVT_0016941,0
EVT_0016942,0
EVT_0016943,0
EVT_0016944,0
EVT_0016945,0
EVT_0016946,0
EVT_0016947,0
EVT_0016948,0
EVT_0016949,0
EVT_0016950,0
EVT_0016951,0
EVT_0016952,0
EVT_0016953,0
EVT_0016954,0
EVT_0016955,0
EVT_0016956,0
EVT_0016957,0
EVT_0016958,0
EVT_0016959,0
EVT_0016960,0
EVT_0016961,0
EVT_0016962,0
EVT_0016963,0
EVT_0016964,0
EVT_0016965,0
EVT_0016966,0
EVT_0016967,1
EVT_0016968,1
EVT_0016969,1
EVT_0016970,1
EVT_0016971,1
EVT_0016972,1
EVT_0016973,1
EVT_0016974,1
EVT_0016975,1
EVT_0016976,1
EVT_0016977,1
EVT_0016978,1
EVT_0016979,1
EVT_0016980,1
EVT_0016981,1
EVT_0016982,1
EVT_0016983,1
EVT_0016984,1
EVT_0016985,1
EVT_0016986,1
EVT_0016987,1
EVT_0016988,1
EVT_0016989,1
EVT_0016990,1
EVT_0016991,1
EVT_0016992,1
EVT_0016993,1
EVT_0016994,1
EVT_0016995,1
EVT_0016996,1
EVT_0016997,1
EVT_0016998,1
EVT_0016999,1
EVT_0017000,1
EVT_0017001,1
EVT_0017002,1
EVT_0017003,1
EVT_0017004,1
EVT_0017005,1
EVT_0017006,1
EVT_0017007,1
EVT_0017008,1
EVT_0017009,1
EVT_0017010,1
EVT_0017011,1
EVT_0017012,1
EVT_0017013,1
EVT_0017014,1
EVT_0017015,1
EVT_0017016,1
EVT_0017017,1
EVT_0017018,1
EVT_0017019,1
EVT_0017020,1
EVT_0017021,1
EVT_0017022,1
EVT_0017023,1
EVT_0017024,1
EVT_0017025,1
EVT_0017026,1
EVT_0017027,1
EVT_0017028,1
EVT_0017029,1
EVT_0017030,1
EVT_0017031,1
EVT_0017032,1
EVT_0017033,1
EVT_0017034,1
EVT_0017035,1
EVT_0017036,1
EVT_0017037,1
EVT_0017038,1
EVT_0017039,1
EVT_0017040,1
EVT_0017041,1
EVT_0017042,1
EVT_0017043,1
EVT_0017044,1
EVT_0017045,1
EVT_0017046,1
EVT_0017047,1
EVT_0017048,1
EVT_0017049,1
EVT_0017050,1
EVT_0017051,1
EVT_0017052,1
EVT_0017053,1
EVT_0017054,1
EVT_0017055,1
EVT_0017056,1
EVT_0017057,1
EVT_0017058,1
EVT_0017059,1
EVT_0017060,1
EVT_0017061,1
EVT_0017062,0
EVT_0017063,0
EVT_0017064,0
EVT_0017065,0
EVT_0017066,0
EVT_0017067,0
EVT_0017068,0
EVT_0017069,0
EVT_0017070,0
EVT_0017071,0
EVT_0017072,0
EVT_0017073,0
EVT_0017074,0
EVT_0017075,0
EVT_0017076,0
EVT_0017077,0
EVT_0017078,0
EVT_0017079,0
EVT_0017080,0
EVT_0017081,0
EVT_0017082,0
EVT_0017083,0
EVT_0017084,0
EVT_0017085,0
EVT_0017086,0
EVT_0017087,0
EVT_0017088,0
EVT_0017089,0
EVT_0017090,0
EVT_0017091,0
EVT_0017092,0
EVT_0017093,0
EVT_0017094,0
EVT_0017095,0
EVT_0017096,0
EVT_0017097,0
EVT_0017098,0
EVT_0017099,0
EVT_0017100,0
EVT_0017101,0
EVT_0017102,0
EVT_0017103,0
EVT_0017104,0
EVT_0017105,0
EVT_0017106,0
EVT_0017107,0
EVT_0017108,0
EVT_0017109,0
EVT_0017110,0
EVT_0017111,0
EVT_0017112,0
EVT_0017113,0
EVT_0017114,0
EVT_0017115,0
EVT_0017116,0
EVT_0017117,0
EVT_0017118,0
EVT_0017119,0
EVT_0017120,0
EVT_0017121,0
EVT_0017122,0
EVT_0017123,0
EVT_0017124,0
EVT_0017125,0
EVT_0017126,0
EVT_0017127,0
EVT_0017128,0
EVT_0017129,0
EVT_0017130,0
EVT_0017131,0
EVT_0017132,0
EVT_0017133,0
EVT_0017134,0
EVT_0017135,0
EVT_0017136,0
EVT_0017137,0
EVT_0017138,0
EVT_0017139,0
EVT_0017140,0
EVT_0017141,0
EVT_0017142,0
EVT_0017143,0
EVT_0017144,0
EVT_0017145,0
EVT_0017146,0
EVT_0017147,0
EVT_0017148,0
EVT_0017149,0
EVT_0017150,0
EVT_0017151,0
EVT_0017152,0
EVT_0017153,0
EVT_0017154,0
EVT_0017155,0
EVT_0017156,0
EVT_0017157,0
EVT_0017158,0
EVT_0017159,0
EVT_0017160,0
EVT_0017161,0
EVT_0017162,0
EVT_0017163,0
EVT_0017164,0
EVT_0017165,0
EVT_0017166,0
EVT_0017167,0
EVT_0017168,0
EVT_0017169,0
EVT_0017170,0
EVT_0017171,0
EVT_0017172,0
EVT_0017173,0
EVT_0017174,0
EVT_0017175,0
EVT_0017176,0
EVT_0017177,0
EVT_0017178,0
EVT_0017179,0
EVT_0017180,0
EVT_0017181,0
EVT_0017182,0
EVT_0017183,0
EVT_0017184,0
EVT_0017185,0
EVT_0017186,0
EVT_0017187,0
EVT_0017188,0
EVT_0017189,0
EVT_0017190,0
EVT_0017191,0
EVT_0017192,0
EVT_0017193,0
EVT_0017194,0
EVT_0017195,0
EVT_0017196,0
EVT_0017197,0
EVT_0017198,0
EVT_0017199,0
EVT_0017200,0
EVT_0017201,0
EVT_0017202,0
EVT_0017203,0
EVT_0017204,0
EVT_0017205,0
EVT_0017206,0
EVT_0017207,0
EVT_0017208,0
EVT_0017209,0
EVT_0017210,0
EVT_0017211,0
EVT_0017212,0
EVT_0017213,0
EVT_0017214,0
EVT_0017215,0
EVT_0017216,0
EVT_0017217,0
EVT_0017218,0
EVT_0017219,0
EVT_0017220,0
EVT_0017221,0
EVT_0017222,0
EVT_0017223,0
EVT_0017224,0
EVT_0017225,0
EVT_0017226,0
EVT_0017227,0
EVT_0017228,0
EVT_0017229,0
EVT_0017230,0
EVT_0017231,0
EVT_0017232,0
EVT_0017233,0
EVT_0017234,0
EVT_0017235,0
EVT_0017236,0
EVT_0017237,0
EVT_0017238,0
EVT_0017239,0
EVT_0017240,0
EVT_0017241,0
EVT_0017242,0
EVT_0017243,0
EVT_0017244,0
EVT_0017245,0
EVT_0017246,0
EVT_0017247,0
EVT_0017248,0
EVT_0017249,0
EVT_0017250,0
EVT_0017251,0
EVT_0017252,0
EVT_0017253,0
EVT_0017254,0
EVT_0017255,0
EVT_0017256,0
EVT_0017257,0
EVT_0017258,0
EVT_0017259,0
EVT_0017260,0
EVT_0017261,0
EVT_0017262,0
EVT_0017263,0
EVT_0017264,0
EVT_0017265,0
EVT_0017266,0
EVT_0017267,0
EVT_0017268,0
EVT_0017269,0
EVT_0017270,0
EVT_0017271,0
EVT_0017272,0
EVT_0017273,0
EVT_0017274,0
EVT_0017275,0
EVT_0017276,0
EVT_0017277,0
EVT_0017278,0
EVT_0017279,0
EVT_0017280,0
EVT_0017281,0
EVT_0017282,0
EVT_0017283,0
EVT_0017284,0
EVT_0017285,0
EVT_0017286,0
EVT_0017287,0
EVT_0017288,0
EVT_0017289,0
EVT_0017290,0
EVT_0017291,0
EVT_0017292,0
EVT_0017293,0
EVT_0017294,0
EVT_0017295,0
EVT_0017296,0
EVT_0017297,0
EVT_0017298,0
EVT_0017299,0
EVT_0017300,0
EVT_0017301,0
EVT_0017302,0
EVT_0017303,0
EVT_0017304,0
EVT_0017305,0
EVT_0017306,0
EVT_0017307,0
EVT_0017308,0
EVT_0017309,0
EVT_0017310,0
EVT_0017311,0
EVT_0017312,0
EVT_0017313,0
EVT_0017314,0
EVT_0017315,0
EVT_0017316,0
EVT_0017317,0
EVT_0017318,0
EVT_0017319,0
EVT_0017320,0
EVT_0017321,0
EVT_0017322,0
EVT_0017323,0
EVT_0017324,0
EVT_0017325,0
EVT_0017326,0
EVT_0017327,0
EVT_0017328,0
EVT_0017329,0
EVT_0017330,0
EVT_0017331,0
EVT_0017332,0
EVT_0017333,0
EVT_0017334,0
EVT_0017335,0
EVT_0017336,0
EVT_0017337,0
EVT_0017338,0
EVT_0017339,0
EVT_0017340,0
EVT_0017341,0
EVT_0017342,0
EVT_0017343,0
EVT_0017344,0
EVT_0017345,0
EVT_0017346,0
EVT_0017347,0
EVT_0017348,0
EVT_0017349,0
EVT_0017350,0
EVT_0017351,0
EVT_0017352,0
EVT_0017353,0
EVT_0017354,0
EVT_0017355,0
EVT_0017356,0
EVT_0017357,0
EVT_0017358,0
EVT_0017359,0
EVT_0017360,0
EVT_0017361,1
EVT_0017362,1
EVT_0017363,1
EVT_0017364,1
EVT_0017365,1
EVT_0017366,1
EVT_0017367,1
EVT_0017368,1
EVT_0017369,1
EVT_0017370,1
EVT_0017371,1
EVT_0017372,1
EVT_0017373,1
EVT_0017374,1
EVT_0017375,1
EVT_0017376,1
EVT_0017377,1
EVT_0017378,1
EVT_0017379,1
EVT_0017380,1
EVT_0017381,1
EVT_0017382,1
EVT_0017383,1
EVT_0017384,1
EVT_0017385,1
EVT_0017386,1
EVT_0017387,1
EVT_0017388,1
EVT_0017389,1
EVT_0017390,1
EVT_0017391,1
EVT_0017392,1
EVT_0017393,1
EVT_0017394,1
EVT_0017395,1
EVT_0017396,1
EVT_0017397,1
EVT_0017398,1
EVT_0017399,1
EVT_0017400,1
EVT_0017401,1
EVT_0017402,1
EVT_0017403,1
EVT_0017404,1
EVT_0017405,1
EVT_0017406,1
EVT_0017407,1
EVT_0017408,1
EVT_0017409,1
EVT_0017410,1
EVT_0017411,1
EVT_0017412,1
EVT_0017413,1
EVT_0017414,1
EVT_0017415,1
EVT_0017416,1
EVT_0017417,1
EVT_0017418,1
EVT_0017419,1
EVT_0017420,1
EVT_0017421,1
EVT_0017422,1
EVT_0017423,1
EVT_0017424,1
EVT_0017425,1
EVT_0017426,1
EVT_0017427,1
EVT_0017428,1
EVT_0017429,1
EVT_0017430,1
EVT_0017431,1
EVT_0017432,1
EVT_0017433,1
EVT_0017434,1
EVT_0017435,1
EVT_0017436,1
EVT_0017437,1
EVT_0017438,1
EVT_0017439,1
EVT_0017440,1
EVT_0017441,1
EVT_0017442,0
EVT_0017443,0
EVT_0017444,0
EVT_0017445,0
EVT_0017446,0
EVT_0017447,0
EVT_0017448,0
EVT_0017449,0
EVT_0017450,0
EVT_0017451,0
EVT_0017452,0
EVT_0017453,0
EVT_0017454,0
EVT_0017455,0
EVT_0017456,0
EVT_0017457,0
EVT_0017458,0
EVT_0017459,0
EVT_0017460,0
EVT_0017461,0
EVT_0017462,0
EVT_0017463,0
EVT_0017464,0
EVT_0017465,0
EVT_0017466,0
EVT_0017467,0
EVT_0017468,0
EVT_0017469,0
EVT_0017470,0
EVT_0017471,0
EVT_0017472,0
EVT_0017473,0
EVT_0017474,0
EVT_0017475,0
EVT_0017476,0
EVT_0017477,0
EVT_0017478,0
EVT_0017479,0
EVT_0017480,0
EVT_0017481,0
EVT_0017482,0
EVT_0017483,0
EVT_0017484,0
EVT_0017485,0
EVT_0017486,0
EVT_0017487,0
EVT_0017488,0
EVT_0017489,0
EVT_0017490,0
EVT_0017491,0
EVT_0017492,0
EVT_0017493,0
EVT_0017494,0
EVT_0017495,0
EVT_0017496,0
EVT_0017497,0
EVT_0017498,0
EVT_0017499,0
EVT_0017500,0
EVT_0017501,0
EVT_0017502,0
EVT_0017503,0
EVT_0017504,0
EVT_0017505,0
EVT_0017506,0
EVT_0017507,0
EVT_0017508,0
EVT_0017509,0
EVT_0017510,0
EVT_0017511,0
EVT_0017512,0
EVT_0017513,0
EVT_0017514,0
EVT_0017515,0
EVT_0017516,0
EVT_0017517,0
EVT_0017518,0
EVT_0017519,0
EVT_0017520,0
EVT_0017521,0
EVT_0017522,0
EVT_0017523,0
EVT_0017524,0
EVT_0017525,0
EVT_0017526,0
EVT_0017527,0
EVT_0017528,0
EVT_0017529,0
EVT_0017530,0
EVT_0017531,0
EVT_0017532,0
EVT_0017533,0
EVT_0017534,0
EVT_0017535,0
EVT_0017536,0
EVT_0017537,0
EVT_0017538,0
EVT_0017539,0
EVT_0017540,0
EVT_0017541,0
EVT_0017542,0
EVT_0017543,0
EVT_0017544,0
EVT_0017545,0
EVT_0017546,0
EVT_0017547,0
EVT_0017548,0
EVT_0017549,0
EVT_0017550,0
EVT_0017551,0
EVT_0017552,0
EVT_0017553,0
EVT_0017554,0
EVT_0017555,0
EVT_0017556,0
EVT_0017557,0
EVT_0017558,0
EVT_0017559,0
EVT_0017560,0
EVT_0017561,0
EVT_0017562,0
EVT_0017563,0
EVT_0017564,0
EVT_0017565,0
EVT_0017566,0
EVT_0017567,0
EVT_0017568,0
EVT_0017569,0
EVT_0017570,0
EVT_0017571,0
EVT_0017572,0
EVT_0017573,0
EVT_0017574,0
EVT_0017575,0
EVT_0017576,0
EVT_0017577,0
EVT_0017578,0
EVT_0017579,0
EVT_0017580,0
EVT_0017581,0
EVT_0017582,0
EVT_0017583,0
EVT_0017584,0
EVT_0017585,0
EVT_0017586,0
EVT_0017587,0
EVT_0017588,0
EVT_0017589,0
EVT_0017590,0
EVT_0017591,0
EVT_0017592,0
EVT_0017593,0
EVT_0017594,0
EVT_0017595,0
EVT_0017596,0
EVT_0017597,0
EVT_0017598,0
EVT_0017599,0
EVT_0017600,0
EVT_0017601,0
EVT_0017602,0
EVT_0017603,0
EVT_0017604,0
EVT_0017605,0
EVT_0017606,0
EVT_0017607,0
EVT_0017608,0
EVT_0017609,0
EVT_0017610,0
EVT_0017611,0
EVT_0017612,0
EVT_0017613,0
EVT_0017614,0
EVT_0017615,0
EVT_0017616,0
EVT_0017617,0
EVT_0017618,0
EVT_0017619,0
EVT_0017620,0
EVT_0017621,0
EVT_0017622,0
EVT_0017623,0
EVT_0017624,0
EVT_0017625,0
EVT_0017626,0
EVT_0017627,0
EVT_0017628,0
EVT_0017629,0
EVT_0017630,0
EVT_0017631,0
EVT_0017632,0
EVT_0017633,0
EVT_0017634,0
EVT_0017635,0
EVT_0017636,0
EVT_0017637,0
EVT_0017638,0
EVT_0017639,0
EVT_0017640,0
EVT_0017641,0
EVT_0017642,0
EVT_0017643,0
EVT_0017644,0
EVT_0017645,0
EVT_0017646,0
EVT_0017647,0
EVT_0017648,0
EVT_0017649,0
EVT_0017650,0
EVT_0017651,0
EVT_0017652,0
EVT_0017653,0
EVT_0017654,0
EVT_0017655,0
EVT_0017656,0
EVT_0017657,0
EVT_0017658,0
EVT_0017659,0
EVT_0017660,0
EVT_0017661,0
EVT_0017662,0
EVT_0017663,0
EVT_0017664,0
EVT_0017665,0
EVT_0017666,0
EVT_0017667,0
EVT_0017668,0
EVT_0017669,0
EVT_0017670,0
EVT_0017671,0
EVT_0017672,0
EVT_0017673,0
EVT_0017674,0
EVT_0017675,0
EVT_0017676,0
EVT_0017677,0
EVT_0017678,0
EVT_0017679,0
EVT_0017680,0
EVT_0017681,0
EVT_0017682,0
EVT_0017683,0
EVT_0017684,0
EVT_0017685,0
EVT_0017686,0
EVT_0017687,0
EVT_0017688,0
EVT_0017689,0
EVT_0017690,0
EVT_0017691,0
EVT_0017692,0
EVT_0017693,0
EVT_0017694,0
EVT_0017695,0
EVT_0017696,0
EVT_0017697,0
EVT_0017698,0
EVT_0017699,0
EVT_0017700,0
EVT_0017701,0
EVT_0017702,0
EVT_0017703,0
EVT_0017704,0
EVT_0017705,0
EVT_0017706,0
EVT_0017707,0
EVT_0017708,0
EVT_0017709,0
EVT_0017710,0
EVT_0017711,0
EVT_0017712,0
EVT_0017713,0
EVT_0017714,0
EVT_0017715,0
EVT_0017716,0
EVT_0017717,0
EVT_0017718,0
EVT_0017719,0
EVT_0017720,0
EVT_0017721,0
EVT_0017722,0
EVT_0017723,0
EVT_0017724,0
EVT_0017725,0
EVT_0017726,0
EVT_0017727,0
EVT_0017728,0
EVT_0017729,0
EVT_0017730,0
EVT_0017731,0
EVT_0017732,0
EVT_0017733,0
EVT_0017734,0
EVT_0017735,0
EVT_0017736,0
EVT_0017737,0
EVT_0017738,0
EVT_0017739,0
EVT_0017740,0
EVT_0017741,0
EVT_0017742,0
EVT_0017743,0
EVT_0017744,0
EVT_0017745,0
EVT_0017746,0
EVT_0017747,0
EVT_0017748,0
EVT_0017749,0
EVT_0017750,0
EVT_0017751,0
EVT_0017752,0
EVT_0017753,0
EVT_0017754,0
EVT_0017755,0
EVT_0017756,0
EVT_0017757,0
EVT_0017758,0
EVT_0017759,0
EVT_0017760,0
EVT_0017761,0
EVT_0017762,0
EVT_0017763,0
EVT_0017764,0
EVT_0017765,0
EVT_0017766,0
EVT_0017767,0
EVT_0017768,0
EVT_0017769,0
EVT_0017770,0
EVT_0017771,0
EVT_0017772,0
EVT_0017773,0
EVT_0017774,0
EVT_0017775,0
EVT_0017776,0
EVT_0017777,0
EVT_0017778,0
EVT_0017779,0
EVT_0017780,0
EVT_0017781,0
EVT_0017782,0
EVT_0017783,0
EVT_0017784,0
EVT_0017785,0
EVT_0017786,0
EVT_0017787,0
EVT_0017788,0
EVT_0017789,0
EVT_0017790,0
EVT_0017791,0
EVT_0017792,0
EVT_0017793,0
EVT_0017794,0
EVT_0017795,0
EVT_0017796,0
EVT_0017797,0
EVT_0017798,0
EVT_0017799,0
EVT_0017800,0
EVT_0017801,0
EVT_0017802,0
EVT_0017803,0
EVT_0017804,0
EVT_0017805,0
EVT_0017806,0
EVT_0017807,0
EVT_0017808,0
EVT_0017809,0
EVT_0017810,0
EVT_0017811,0
EVT_0017812,0
EVT_0017813,0
EVT_0017814,0
EVT_0017815,0
EVT_0017816,0
EVT_0017817,0
EVT_0017818,0
EVT_0017819,0
EVT_0017820,0
EVT_0017821,0
EVT_0017822,0
EVT_0017823,0
EVT_0017824,0
EVT_0017825,0
EVT_0017826,0
EVT_0017827,0
EVT_0017828,0
EVT_0017829,0
EVT_0017830,0
EVT_0017831,0
EVT_0017832,0
EVT_0017833,0
EVT_0017834,0
EVT_0017835,0
EVT_0017836,0
EVT_0017837,0
EVT_0017838,0
EVT_0017839,0
EVT_0017840,0
EVT_0017841,0
EVT_0017842,0
EVT_0017843,0
EVT_0017844,0
EVT_0017845,0
EVT_0017846,0
EVT_0017847,0
EVT_0017848,0
EVT_0017849,0
EVT_0017850,0
EVT_0017851,0
EVT_0017852,0
EVT_0017853,0
EVT_0017854,0
EVT_0017855,0
EVT_0017856,0
EVT_0017857,0
EVT_0017858,0
EVT_0017859,0
EVT_0017860,0
EVT_0017861,0
EVT_0017862,0
EVT_0017863,0
EVT_0017864,0
EVT_0017865,0
EVT_0017866,0
EVT_0017867,0
EVT_0017868,0
EVT_0017869,0
EVT_0017870,0
EVT_0017871,0
EVT_0017872,0
EVT_0017873,0
EVT_0017874,0
EVT_0017875,0
EVT_0017876,0
EVT_0017877,0
EVT_0017878,0
EVT_0017879,0
EVT_0017880,0
EVT_0017881,0
EVT_0017882,0
EVT_0017883,0
EVT_0017884,0
EVT_0017885,0
EVT_0017886,0
EVT_0017887,0
EVT_0017888,0
EVT_0017889,0
EVT_0017890,0
EVT_0017891,0
EVT_0017892,0
EVT_0017893,0
EVT_0017894,0
EVT_0017895,0
EVT_0017896,0
EVT_0017897,0
EVT_0017898,0
EVT_0017899,0
EVT_0017900,0
EVT_0017901,0
EVT_0017902,0
EVT_0017903,0
EVT_0017904,0
EVT_0017905,0
EVT_0017906,0
EVT_0017907,0
EVT_0017908,0
EVT_0017909,0
EVT_0017910,0
EVT_0017911,0
EVT_0017912,0
EVT_0017913,0
EVT_0017914,0
EVT_0017915,0
EVT_0017916,0
EVT_0017917,0
EVT_0017918,0
EVT_0017919,0
EVT_0017920,0
EVT_0017921,0
EVT_0017922,0
EVT_0017923,0
EVT_0017924,0
EVT_0017925,0
EVT_0017926,0
EVT_0017927,0
EVT_0017928,0
EVT_0017929,0
EVT_0017930,0
EVT_0017931,0
EVT_0017932,0
EVT_0017933,0
EVT_0017934,0
EVT_0017935,0
EVT_0017936,0
EVT_0017937,0
EVT_0017938,0
EVT_0017939,0
EVT_0017940,0
EVT_0017941,0
EVT_0017942,0
EVT_0017943,0
EVT_0017944,0
EVT_0017945,0
EVT_0017946,0
EVT_0017947,0
EVT_0017948,0
EVT_0017949,0
EVT_0017950,0
EVT_0017951,0
EVT_0017952,0
EVT_0017953,0
EVT_0017954,0
EVT_0017955,0
EVT_0017956,0
EVT_0017957,0
EVT_0017958,0
EVT_0017959,0
EVT_0017960,0
EVT_0017961,0
EVT_0017962,0
EVT_0017963,0
EVT_0017964,0
EVT_0017965,0
EVT_0017966,0
EVT_0017967,0
EVT_0017968,0
EVT_0017969,0
EVT_0017970,0
EVT_0017971,0
EVT_0017972,0
EVT_0017973,0
EVT_0017974,0
EVT_0017975,0
EVT_0017976,0
EVT_0017977,0
EVT_0017978,0
EVT_0017979,0
EVT_0017980,0
EVT_0017981,0
EVT_0017982,0
EVT_0017983,0
EVT_0017984,0
EVT_0017985,0
EVT_0017986,0
EVT_0017987,0
EVT_0017988,0
EVT_0017989,0
EVT_0017990,0
EVT_0017991,0
EVT_0017992,0
EVT_0017993,0
EVT_0017994,0
EVT_0017995,0
EVT_0017996,0
EVT_0017997,0
EVT_0017998,0
EVT_0017999,0
EVT_0018000,0
EVT_0018001,0
EVT_0018002,0
EVT_0018003,0
EVT_0018004,0
EVT_0018005,0
EVT_0018006,0
EVT_0018007,0
EVT_0018008,0
EVT_0018009,0
EVT_0018010,0
EVT_0018011,0
EVT_0018012,0
EVT_0018013,0
EVT_0018014,0
EVT_0018015,0
EVT_0018016,0
EVT_0018017,0
EVT_0018018,0
EVT_0018019,0
EVT_0018020,0
EVT_0018021,0
EVT_0018022,0
EVT_0018023,0
EVT_0018024,0
EVT_0018025,0
EVT_0018026,0
EVT_0018027,0
EVT_0018028,0
EVT_0018029,0
EVT_0018030,0
EVT_0018031,0
EVT_0018032,0
EVT_0018033,0
EVT_0018034,0
EVT_0018035,0
EVT_0018036,0
EVT_0018037,0
EVT_0018038,0
EVT_0018039,0
EVT_0018040,0
EVT_0018041,0
EVT_0018042,0
EVT_0018043,0
EVT_0018044,0
EVT_0018045,0
EVT_0018046,0
EVT_0018047,0
EVT_0018048,0
EVT_0018049,0
EVT_0018050,0
EVT_0018051,0
EVT_0018052,0
EVT_0018053,0
EVT_0018054,0
EVT_0018055,0
EVT_0018056,0
EVT_0018057,0
EVT_0018058,0
EVT_0018059,0
EVT_0018060,0
EVT_0018061,0
EVT_0018062,0
EVT_0018063,0
EVT_0018064,0
EVT_0018065,0
EVT_0018066,0
EVT_0018067,0
EVT_0018068,0
EVT_0018069,0
EVT_0018070,0
EVT_0018071,0
EVT_0018072,0
EVT_0018073,0
EVT_0018074,0
EVT_0018075,0
EVT_0018076,0
EVT_0018077,0
EVT_0018078,0
EVT_0018079,0
EVT_0018080,0
EVT_0018081,0
EVT_0018082,0
EVT_0018083,0
EVT_0018084,0
EVT_0018085,0
EVT_0018086,0
EVT_0018087,0
EVT_0018088,0
EVT_0018089,0
EVT_0018090,0
EVT_0018091,0
EVT_0018092,0
EVT_0018093,0
EVT_0018094,0
EVT_0018095,0
EVT_0018096,0
EVT_0018097,0
EVT_0018098,0
EVT_0018099,0
EVT_0018100,0
EVT_0018101,0
EVT_0018102,0
EVT_0018103,0
EVT_0018104,0
EVT_0018105,0
EVT_0018106,0
EVT_0018107,0
EVT_0018108,0
EVT_0018109,0
EVT_0018110,0
EVT_0018111,0
EVT_0018112,0
EVT_0018113,0
EVT_0018114,0
EVT_0018115,0
EVT_0018116,0
EVT_0018117,0
EVT_0018118,0
EVT_0018119,0
EVT_0018120,0
EVT_0018121,0
EVT_0018122,0
EVT_0018123,0
EVT_0018124,0
EVT_0018125,0
EVT_0018126,0
EVT_0018127,0
EVT_0018128,0
EVT_0018129,0
EVT_0018130,0
EVT_0018131,0
EVT_0018132,0
EVT_0018133,0
EVT_0018134,0
EVT_0018135,0
EVT_0018136,0
EVT_0018137,0
EVT_0018138,0
EVT_0018139,0
EVT_0018140,0
EVT_0018141,0
EVT_0018142,0
EVT_0018143,0
EVT_0018144,0
EVT_0018145,0
EVT_0018146,0
EVT_0018147,0
EVT_0018148,0
EVT_0018149,0
EVT_0018150,0
EVT_0018151,0
EVT_0018152,0
EVT_0018153,0
EVT_0018154,0
EVT_0018155,0
EVT_0018156,0
EVT_0018157,0
EVT_0018158,0
EVT_0018159,0
EVT_0018160,0
EVT_0018161,0
EVT_0018162,0
EVT_0018163,0
EVT_0018164,0
EVT_0018165,0
EVT_0018166,0
EVT_0018167,0
EVT_0018168,0
EVT_0018169,0
EVT_0018170,0
EVT_0018171,0
EVT_0018172,0
EVT_0018173,0
EVT_0018174,0
EVT_0018175,0
EVT_0018176,0
EVT_0018177,0
EVT_0018178,0
EVT_0018179,0
EVT_0018180,0
EVT_0018181,0
EVT_0018182,0
EVT_0018183,0
EVT_0018184,0
EVT_0018185,0
EVT_0018186,0
EVT_0018187,0
EVT_0018188,0
EVT_0018189,0
EVT_0018190,0
EVT_0018191,0
EVT_0018192,0
EVT_0018193,0
EVT_0018194,0
EVT_0018195,0
EVT_0018196,0
EVT_0018197,0
EVT_0018198,0
EVT_0018199,0
EVT_0018200,0
EVT_0018201,0
EVT_0018202,0
EVT_0018203,0
EVT_0018204,0
EVT_0018205,0
EVT_0018206,0
EVT_0018207,0
EVT_0018208,0
EVT_0018209,0
EVT_0018210,0
EVT_0018211,0
EVT_0018212,0
EVT_0018213,0
EVT_0018214,0
EVT_0018215,0
EVT_0018216,0
EVT_0018217,0
EVT_0018218,0
EVT_0018219,0
EVT_0018220,0
EVT_0018221,0
EVT_0018222,0
EVT_0018223,0
EVT_0018224,0
EVT_0018225,0
EVT_0018226,0
EVT_0018227,0
EVT_0018228,0
EVT_0018229,0
EVT_0018230,0
EVT_0018231,0
EVT_0018232,0
EVT_0018233,0
EVT_0018234,0
EVT_0018235,0
EVT_0018236,0
EVT_0018237,0
EVT_0018238,0
EVT_0018239,0
EVT_0018240,0
EVT_0018241,0
EVT_0018242,0
EVT_0018243,0
EVT_0018244,0
EVT_0018245,0
EVT_0018246,0
EVT_0018247,0
EVT_0018248,0
EVT_0018249,0
EVT_0018250,0
EVT_0018251,0
EVT_0018252,0
EVT_0018253,0
EVT_0018254,0
EVT_0018255,0
EVT_0018256,0
EVT_0018257,0
EVT_0018258,0
EVT_0018259,0
EVT_0018260,0
EVT_0018261,0
EVT_0018262,0
EVT_0018263,0
EVT_0018264,0
EVT_0018265,0
EVT_0018266,0
EVT_0018267,0
EVT_0018268,0
EVT_0018269,0
EVT_0018270,0
EVT_0018271,0
EVT_0018272,0
EVT_0018273,0
EVT_0018274,0
EVT_0018275,0
EVT_0018276,0
EVT_0018277,0
EVT_0018278,0
EVT_0018279,0
EVT_0018280,0
EVT_0018281,0
EVT_0018282,0
EVT_0018283,0
EVT_0018284,0
EVT_0018285,0
EVT_0018286,0
EVT_0018287,0
EVT_0018288,0
EVT_0018289,0
EVT_0018290,0
EVT_0018291,0
EVT_0018292,0
EVT_0018293,0
EVT_0018294,0
EVT_0018295,0
EVT_0018296,0
EVT_0018297,0
EVT_0018298,0
EVT_0018299,0
EVT_0018300,0
EVT_0018301,0
EVT_0018302,0
EVT_0018303,0
EVT_0018304,0
EVT_0018305,0
EVT_0018306,0
EVT_0018307,0
EVT_0018308,0
EVT_0018309,0
EVT_0018310,0
EVT_0018311,0
EVT_0018312,0
EVT_0018313,0
EVT_0018314,0
EVT_0018315,0
EVT_0018316,0
EVT_0018317,0
EVT_0018318,0
EVT_0018319,0
EVT_0018320,0
EVT_0018321,0
EVT_0018322,0
EVT_0018323,0
EVT_0018324,0
EVT_0018325,0
EVT_0018326,0
EVT_0018327,0
EVT_0018328,0
EVT_0018329,0
EVT_0018330,0
EVT_0018331,0
EVT_0018332,0
EVT_0018333,0
EVT_0018334,0
EVT_0018335,0
EVT_0018336,0
EVT_0018337,0
EVT_0018338,0
EVT_0018339,0
EVT_0018340,0
EVT_0018341,0
EVT_0018342,0
EVT_0018343,0
EVT_0018344,0
EVT_0018345,0
EVT_0018346,0
EVT_0018347,0
EVT_0018348,0
EVT_0018349,0
EVT_0018350,0
EVT_0018351,0
EVT_0018352,0
EVT_0018353,0
EVT_0018354,0
EVT_0018355,0
EVT_0018356,0
EVT_0018357,0
EVT_0018358,0
EVT_0018359,0
EVT_0018360,0
EVT_0018361,0
EVT_0018362,0
EVT_0018363,0
EVT_0018364,0
EVT_0018365,0
EVT_0018366,0
EVT_0018367,0
EVT_0018368,0
EVT_0018369,0
EVT_0018370,0
EVT_0018371,0
EVT_0018372,0
EVT_0018373,0
EVT_0018374,0
EVT_0018375,0
EVT_0018376,0
EVT_0018377,0
EVT_0018378,0
EVT_0018379,0
EVT_0018380,0
EVT_0018381,0
EVT_0018382,0
EVT_0018383,0
EVT_0018384,0
EVT_0018385,0
EVT_0018386,0
EVT_0018387,0
EVT_0018388,0
EVT_0018389,0
EVT_0018390,0
EVT_0018391,0
EVT_0018392,0
EVT_0018393,0
EVT_0018394,0
EVT_0018395,0
EVT_0018396,0
EVT_0018397,0
EVT_0018398,0
EVT_0018399,0
EVT_0018400,0
EVT_0018401,0
EVT_0018402,0
EVT_0018403,0
EVT_0018404,0
EVT_0018405,0
EVT_0018406,0
EVT_0018407,0
EVT_0018408,0
EVT_0018409,0
EVT_0018410,0
EVT_0018411,0
EVT_0018412,0
EVT_0018413,0
EVT_0018414,0
EVT_0018415,0
EVT_0018416,0
EVT_0018417,0
EVT_0018418,0
EVT_0018419,0
EVT_0018420,0
EVT_0018421,0
EVT_0018422,0
EVT_0018423,0
EVT_0018424,0
EVT_0018425,0
EVT_0018426,0
EVT_0018427,0
EVT_0018428,0
EVT_0018429,0
EVT_0018430,0
EVT_0018431,0
EVT_0018432,0
EVT_0018433,0
EVT_0018434,0
EVT_0018435,0
EVT_0018436,0
EVT_0018437,0
EVT_0018438,0
EVT_0018439,0
EVT_0018440,0
EVT_0018441,0
EVT_0018442,0
EVT_0018443,0
EVT_0018444,0
EVT_0018445,0
EVT_0018446,0
EVT_0018447,0
EVT_0018448,0
EVT_0018449,0
EVT_0018450,0
EVT_0018451,0
EVT_0018452,0
EVT_0018453,0
EVT_0018454,0
EVT_0018455,0
EVT_0018456,0
EVT_0018457,0
EVT_0018458,0
EVT_0018459,0
EVT_0018460,0
EVT_0018461,0
EVT_0018462,0
EVT_0018463,0
EVT_0018464,0
EVT_0018465,0
EVT_0018466,0
EVT_0018467,0
EVT_0018468,0
EVT_0018469,1
EVT_0018470,1
EVT_0018471,1
EVT_0018472,1
EVT_0018473,1
EVT_0018474,1
EVT_0018475,1
EVT_0018476,1
EVT_0018477,1
EVT_0018478,1
EVT_0018479,1
EVT_0018480,0
EVT_0018481,0
EVT_0018482,0
EVT_0018483,0
EVT_0018484,0
EVT_0018485,0
EVT_0018486,0
EVT_0018487,0
EVT_0018488,0
EVT_0018489,0
EVT_0018490,0
EVT_0018491,0
EVT_0018492,0
EVT_0018493,0
EVT_0018494,0
EVT_0018495,0
EVT_0018496,0
EVT_0018497,0
EVT_0018498,0
EVT_0018499,0
EVT_0018500,0
EVT_0018501,0
EVT_0018502,0
EVT_0018503,0
EVT_0018504,0
EVT_0018505,0
EVT_0018506,0
EVT_0018507,0
EVT_0018508,0
EVT_0018509,0
EVT_0018510,0
EVT_0018511,0
EVT_0018512,0
EVT_0018513,0
EVT_0018514,0
EVT_0018515,0
EVT_0018516,0
EVT_0018517,0
EVT_0018518,0
EVT_0018519,0
EVT_0018520,0
EVT_0018521,0
EVT_0018522,0
EVT_0018523,0
EVT_0018524,0
EVT_0018525,0
EVT_0018526,0
EVT_0018527,0
EVT_0018528,0
EVT_0018529,0
EVT_0018530,0
EVT_0018531,0
EVT_0018532,0
EVT_0018533,0
EVT_0018534,0
EVT_0018535,0
EVT_0018536,0
EVT_0018537,0
EVT_0018538,0
EVT_0018539,0
EVT_0018540,0
EVT_0018541,0
EVT_0018542,0
EVT_0018543,0
EVT_0018544,0
EVT_0018545,0
EVT_0018546,0
EVT_0018547,0
EVT_0018548,0
EVT_0018549,0
EVT_0018550,0
EVT_0018551,0
EVT_0018552,0
EVT_0018553,0
EVT_0018554,0
EVT_0018555,0
EVT_0018556,0
EVT_0018557,0
EVT_0018558,0
EVT_0018559,0
EVT_0018560,0
EVT_0018561,0
EVT_0018562,0
EVT_0018563,0
EVT_0018564,0
EVT_0018565,0
EVT_0018566,0
EVT_0018567,0
EVT_0018568,0
EVT_0018569,0
EVT_0018570,0
EVT_0018571,0
EVT_0018572,0
EVT_0018573,0
EVT_0018574,0
EVT_0018575,0
EVT_0018576,0
EVT_0018577,0
EVT_0018578,0
EVT_0018579,0
EVT_0018580,0
EVT_0018581,0
EVT_0018582,0
EVT_0018583,0
EVT_0018584,0
EVT_0018585,0
EVT_0018586,0
EVT_0018587,0
EVT_0018588,0
EVT_0018589,0
EVT_0018590,0
EVT_0018591,0
EVT_0018592,0
EVT_0018593,0
EVT_0018594,0
EVT_0018595,0
EVT_0018596,0
EVT_0018597,0
EVT_0018598,0
EVT_0018599,0
EVT_0018600,0
EVT_0018601,0
EVT_0018602,0
EVT_0018603,0
EVT_0018604,0
EVT_0018605,0
EVT_0018606,0
EVT_0018607,0
EVT_0018608,0
EVT_0018609,0
EVT_0018610,0
EVT_0018611,0
EVT_0018612,0
EVT_0018613,0
EVT_0018614,0
EVT_0018615,0
EVT_0018616,0
EVT_0018617,0
EVT_0018618,0
EVT_0018619,0
EVT_0018620,0
EVT_0018621,0
EVT_0018622,0
EVT_0018623,0
EVT_0018624,0
EVT_0018625,0
EVT_0018626,0
EVT_0018627,0
EVT_0018628,0
EVT_0018629,0
EVT_0018630,0
EVT_0018631,0
EVT_0018632,0
EVT_0018633,0
EVT_0018634,0
EVT_0018635,0
EVT_0018636,0
EVT_0018637,0
EVT_0018638,0
EVT_0018639,0
EVT_0018640,0
EVT_0018641,0
EVT_0018642,0
EVT_0018643,0
EVT_0018644,0
EVT_0018645,0
EVT_0018646,0
EVT_0018647,0
EVT_0018648,0
EVT_0018649,0
EVT_0018650,0
EVT_0018651,0
EVT_0018652,0
EVT_0018653,0
EVT_0018654,0
EVT_0018655,0
EVT_0018656,0
EVT_0018657,0
EVT_0018658,0
EVT_0018659,0
EVT_0018660,0
EVT_0018661,0
EVT_0018662,0
EVT_0018663,0
EVT_0018664,0
EVT_0018665,0
EVT_0018666,0
EVT_0018667,0
EVT_0018668,0
EVT_0018669,0
EVT_0018670,0
EVT_0018671,0
EVT_0018672,0
EVT_0018673,0
EVT_0018674,0
EVT_0018675,0
EVT_0018676,0
EVT_0018677,0
EVT_0018678,0
EVT_0018679,0
EVT_0018680,0
EVT_0018681,0
EVT_0018682,0
EVT_0018683,0
EVT_0018684,0
EVT_0018685,0
EVT_0018686,0
EVT_0018687,0
EVT_0018688,0
EVT_0018689,0
EVT_0018690,0
EVT_0018691,0
EVT_0018692,0
EVT_0018693,0
EVT_0018694,0
EVT_0018695,0
EVT_0018696,0
EVT_0018697,0
EVT_0018698,0
EVT_0018699,0
EVT_0018700,0
EVT_0018701,0
EVT_0018702,0
EVT_0018703,0
EVT_0018704,0
EVT_0018705,0
EVT_0018706,0
EVT_0018707,0
EVT_0018708,0
EVT_0018709,0
EVT_0018710,0
EVT_0018711,0
EVT_0018712,0
EVT_0018713,0
EVT_0018714,0
EVT_0018715,0
EVT_0018716,0
EVT_0018717,0
EVT_0018718,0
EVT_0018719,0
EVT_0018720,0
EVT_0018721,0
EVT_0018722,0
EVT_0018723,0
EVT_0018724,0
EVT_0018725,0
EVT_0018726,0
EVT_0018727,0
EVT_0018728,0
EVT_0018729,0
EVT_0018730,0
EVT_0018731,0
EVT_0018732,0
EVT_0018733,0
EVT_0018734,0
EVT_0018735,0
EVT_0018736,0
EVT_0018737,0
EVT_0018738,0
EVT_0018739,0
EVT_0018740,0
EVT_0018741,0
EVT_0018742,0
EVT_0018743,0
EVT_0018744,0
EVT_0018745,0
EVT_0018746,0
EVT_0018747,0
EVT_0018748,0
EVT_0018749,0
EVT_0018750,0
EVT_0018751,0
EVT_0018752,0
EVT_0018753,0
EVT_0018754,0
EVT_0018755,0
EVT_0018756,0
EVT_0018757,0
EVT_0018758,0
EVT_0018759,0
EVT_0018760,0
EVT_0018761,0
EVT_0018762,0
EVT_0018763,0
EVT_0018764,0
EVT_0018765,0
EVT_0018766,0
EVT_0018767,0
EVT_0018768,0
EVT_0018769,0
EVT_0018770,0
EVT_0018771,0
EVT_0018772,0
EVT_0018773,0
EVT_0018774,0
EVT_0018775,0
EVT_0018776,0
EVT_0018777,0
EVT_0018778,0
EVT_0018779,0
EVT_0018780,0
EVT_0018781,0
EVT_0018782,0
EVT_0018783,0
EVT_0018784,0
EVT_0018785,0
EVT_0018786,0
EVT_0018787,0
EVT_0018788,0
EVT_0018789,0
EVT_0018790,0
EVT_0018791,0
EVT_0018792,0
EVT_0018793,0
EVT_0018794,0
EVT_0018795,0
EVT_0018796,0
EVT_0018797,0
EVT_0018798,0
EVT_0018799,0
EVT_0018800,0
EVT_0018801,0
EVT_0018802,0
EVT_0018803,0
EVT_0018804,0
EVT_0018805,0
EVT_0018806,0
EVT_0018807,0
EVT_0018808,0
EVT_0018809,0
EVT_0018810,0
EVT_0018811,0
EVT_0018812,0
EVT_0018813,0
EVT_0018814,0
EVT_0018815,0
EVT_0018816,0
EVT_0018817,0
EVT_0018818,0
EVT_0018819,0
EVT_0018820,0
EVT_0018821,0
EVT_0018822,0
EVT_0018823,0
EVT_0018824,0
EVT_0018825,0
EVT_0018826,0
EVT_0018827,0
EVT_0018828,0
EVT_0018829,0
EVT_0018830,0
EVT_0018831,0
EVT_0018832,0
EVT_0018833,0
EVT_0018834,0
EVT_0018835,0
EVT_0018836,0
EVT_0018837,0
EVT_0018838,0
EVT_0018839,0
EVT_0018840,0
EVT_0018841,0
EVT_0018842,0
EVT_0018843,0
EVT_0018844,0
EVT_0018845,0
EVT_0018846,0
EVT_0018847,0
EVT_0018848,0
EVT_0018849,0
EVT_0018850,0
EVT_0018851,0
EVT_0018852,0
EVT_0018853,0
EVT_0018854,0
EVT_0018855,0
EVT_0018856,0
EVT_0018857,0
EVT_0018858,0
EVT_0018859,0
EVT_0018860,0
EVT_0018861,0
EVT_0018862,0
EVT_0018863,0
EVT_0018864,0
EVT_0018865,0
EVT_0018866,0
EVT_0018867,0
EVT_0018868,0
EVT_0018869,0
EVT_0018870,0
EVT_0018871,0
EVT_0018872,0
EVT_0018873,0
EVT_0018874,0
EVT_0018875,0
EVT_0018876,0
EVT_0018877,0
EVT_0018878,0
EVT_0018879,0
EVT_0018880,0
EVT_0018881,0
EVT_0018882,0
EVT_0018883,0
EVT_0018884,0
EVT_0018885,0
EVT_0018886,0
EVT_0018887,0
EVT_0018888,0
EVT_0018889,0
EVT_0018890,0
EVT_0018891,0
EVT_0018892,0
EVT_0018893,0
EVT_0018894,0
EVT_0018895,0
EVT_0018896,0
EVT_0018897,0
EVT_0018898,0
EVT_0018899,0
EVT_0018900,0
EVT_0018901,0
EVT_0018902,0
EVT_0018903,0
EVT_0018904,0
EVT_0018905,0
EVT_0018906,0
EVT_0018907,0
EVT_0018908,0
EVT_0018909,0
EVT_0018910,0
EVT_0018911,0
EVT_0018912,0
EVT_0018913,0
EVT_0018914,0
EVT_0018915,0
EVT_0018916,0
EVT_0018917,0
EVT_0018918,0
EVT_0018919,0
EVT_0018920,0
EVT_0018921,0
EVT_0018922,0
EVT_0018923,0
EVT_0018924,0
EVT_0018925,0
EVT_0018926,0
EVT_0018927,0
EVT_0018928,0
EVT_0018929,0
EVT_0018930,0
EVT_0018931,0
EVT_0018932,0
EVT_0018933,0
EVT_0018934,0
EVT_0018935,0
EVT_0018936,0
EVT_0018937,0
EVT_0018938,0
EVT_0018939,0
EVT_0018940,0
EVT_0018941,0
EVT_0018942,0
EVT_0018943,0
EVT_0018944,0
EVT_0018945,0
EVT_0018946,0
EVT_0018947,0
EVT_0018948,0
EVT_0018949,0
EVT_0018950,0
EVT_0018951,0
EVT_0018952,0
EVT_0018953,0
EVT_0018954,0
EVT_0018955,0
EVT_0018956,0
EVT_0018957,0
EVT_0018958,0
EVT_0018959,0
EVT_0018960,0
EVT_0018961,0
EVT_0018962,0
EVT_0018963,0
EVT_0018964,0
EVT_0018965,0
EVT_0018966,0
EVT_0018967,0
EVT_0018968,0
EVT_0018969,0
EVT_0018970,0
EVT_0018971,0
EVT_0018972,0
EVT_0018973,0
EVT_0018974,0
EVT_0018975,0
EVT_0018976,0
EVT_0018977,0
EVT_0018978,0
EVT_0018979,0
EVT_0018980,0
EVT_0018981,0
EVT_0018982,0
EVT_0018983,0
EVT_0018984,0
EVT_0018985,0
EVT_0018986,0
EVT_0018987,0
EVT_0018988,0
EVT_0018989,0
EVT_0018990,0
EVT_0018991,0
EVT_0018992,0
EVT_0018993,0
EVT_0018994,1
EVT_0018995,1
EVT_0018996,1
EVT_0018997,1
EVT_0018998,1
EVT_0018999,1
EVT_0019000,1
EVT_0019001,1
EVT_0019002,1
EVT_0019003,0
EVT_0019004,0
EVT_0019005,0
EVT_0019006,1
EVT_0019007,1
EVT_0019008,1
EVT_0019009,1
EVT_0019010,1
EVT_0019011,1
EVT_0019012,1
EVT_0019013,1
EVT_0019014,1
EVT_0019015,1
EVT_0019016,1
EVT_0019017,1
EVT_0019018,1
EVT_0019019,1
EVT_0019020,1
EVT_0019021,1
EVT_0019022,1
EVT_0019023,1
EVT_0019024,1
EVT_0019025,1
EVT_0019026,1
EVT_0019027,1
EVT_0019028,1
EVT_0019029,1
EVT_0019030,1
EVT_0019031,1
EVT_0019032,1
EVT_0019033,1
EVT_0019034,1
EVT_0019035,1
EVT_0019036,1
EVT_0019037,1
EVT_0019038,1
EVT_0019039,1
EVT_0019040,1
EVT_0019041,0
EVT_0019042,0
EVT_0019043,0
EVT_0019044,0
EVT_0019045,0
EVT_0019046,0
EVT_0019047,0
EVT_0019048,0
EVT_0019049,0
EVT_0019050,0
EVT_0019051,0
EVT_0019052,0
EVT_0019053,0
EVT_0019054,0
EVT_0019055,0
EVT_0019056,0
EVT_0019057,0
EVT_0019058,0
EVT_0019059,0
EVT_0019060,0
EVT_0019061,0
EVT_0019062,0
EVT_0019063,0
EVT_0019064,0
EVT_0019065,0
EVT_0019066,0
EVT_0019067,0
EVT_0019068,0
EVT_0019069,0
EVT_0019070,0
EVT_0019071,0
EVT_0019072,0
EVT_0019073,0
EVT_0019074,0
EVT_0019075,0
EVT_0019076,0
EVT_0019077,0
EVT_0019078,0
EVT_0019079,0
EVT_0019080,0
EVT_0019081,0
EVT_0019082,0
EVT_0019083,0
EVT_0019084,0
EVT_0019085,0
EVT_0019086,0
EVT_0019087,0
EVT_0019088,0
EVT_0019089,0
EVT_0019090,0
EVT_0019091,0
EVT_0019092,0
EVT_0019093,0
EVT_0019094,0
EVT_0019095,0
EVT_0019096,0
EVT_0019097,0
EVT_0019098,0
EVT_0019099,0
EVT_0019100,0
EVT_0019101,0
EVT_0019102,0
EVT_0019103,0
EVT_0019104,0
EVT_0019105,0
EVT_0019106,0
EVT_0019107,0
EVT_0019108,0
EVT_0019109,0
EVT_0019110,0
EVT_0019111,0
EVT_0019112,0
EVT_0019113,0
EVT_0019114,0
EVT_0019115,0
EVT_0019116,0
EVT_0019117,0
EVT_0019118,0
EVT_0019119,0
EVT_0019120,0
EVT_0019121,0
EVT_0019122,0
EVT_0019123,0
EVT_0019124,0
EVT_0019125,0
EVT_0019126,0
EVT_0019127,0
EVT_0019128,0
EVT_0019129,0
EVT_0019130,0
EVT_0019131,0
EVT_0019132,0
EVT_0019133,0
EVT_0019134,0
EVT_0019135,0
EVT_0019136,0
EVT_0019137,0
EVT_0019138,0
EVT_0019139,0
EVT_0019140,0
EVT_0019141,0
EVT_0019142,0
EVT_0019143,0
EVT_0019144,0
EVT_0019145,0
EVT_0019146,0
EVT_0019147,0
EVT_0019148,0
EVT_0019149,0
EVT_0019150,0
EVT_0019151,0
EVT_0019152,0
EVT_0019153,0
EVT_0019154,0
EVT_0019155,0
EVT_0019156,0
EVT_0019157,0
EVT_0019158,0
EVT_0019159,0
EVT_0019160,0
EVT_0019161,0
EVT_0019162,0
EVT_0019163,0
EVT_0019164,0
EVT_0019165,0
EVT_0019166,0
EVT_0019167,0
EVT_0019168,0
EVT_0019169,0
EVT_0019170,0
EVT_0019171,0
EVT_0019172,0
EVT_0019173,0
EVT_0019174,0
EVT_0019175,0
EVT_0019176,0
EVT_0019177,0
EVT_0019178,0
EVT_0019179,0
EVT_0019180,0
EVT_0019181,0
EVT_0019182,0
EVT_0019183,0
EVT_0019184,0
EVT_0019185,0
EVT_0019186,0
EVT_0019187,0
EVT_0019188,0
EVT_0019189,0
EVT_0019190,0
EVT_0019191,0
EVT_0019192,0
EVT_0019193,0
EVT_0019194,0
EVT_0019195,0
EVT_0019196,0
EVT_0019197,0
EVT_0019198,0
EVT_0019199,0
EVT_0019200,0
EVT_0019201,0
EVT_0019202,0
EVT_0019203,0
EVT_0019204,0
EVT_0019205,0
EVT_0019206,0
EVT_0019207,0
EVT_0019208,0
EVT_0019209,0
EVT_0019210,0
EVT_0019211,0
EVT_0019212,0
EVT_0019213,0
EVT_0019214,0
EVT_0019215,0
EVT_0019216,0
EVT_0019217,0
EVT_0019218,0
EVT_0019219,0
EVT_0019220,0
EVT_0019221,0
EVT_0019222,0
EVT_0019223,0
EVT_0019224,0
EVT_0019225,0
EVT_0019226,0
EVT_0019227,0
EVT_0019228,0
EVT_0019229,0
EVT_0019230,0
EVT_0019231,0
EVT_0019232,0
EVT_0019233,0
EVT_0019234,0
EVT_0019235,0
EVT_0019236,0
EVT_0019237,0
EVT_0019238,0
EVT_0019239,0
EVT_0019240,0
EVT_0019241,0
EVT_0019242,0
EVT_0019243,0
EVT_0019244,0
EVT_0019245,0
EVT_0019246,0
EVT_0019247,0
EVT_0019248,0
EVT_0019249,0
EVT_0019250,0
EVT_0019251,0
EVT_0019252,0
EVT_0019253,0
EVT_0019254,0
EVT_0019255,0
EVT_0019256,0
EVT_0019257,0
EVT_0019258,0
EVT_0019259,0
EVT_0019260,0
EVT_0019261,0
EVT_0019262,0
EVT_0019263,0
EVT_0019264,0
EVT_0019265,0
EVT_0019266,0
EVT_0019267,0
EVT_0019268,0
EVT_0019269,0
EVT_0019270,0
EVT_0019271,0
EVT_0019272,0
EVT_0019273,0
EVT_0019274,0
EVT_0019275,0
EVT_0019276,0
EVT_0019277,0
EVT_0019278,0
EVT_0019279,0
EVT_0019280,0
EVT_0019281,0
EVT_0019282,0
EVT_0019283,0
EVT_0019284,0
EVT_0019285,0
EVT_0019286,0
EVT_0019287,0
EVT_0019288,0
EVT_0019289,0
EVT_0019290,0
EVT_0019291,0
EVT_0019292,0
EVT_0019293,0
EVT_0019294,0
EVT_0019295,0
EVT_0019296,0
EVT_0019297,0
EVT_0019298,0
EVT_0019299,0
EVT_0019300,0
EVT_0019301,0
EVT_0019302,0
EVT_0019303,0
EVT_0019304,0
EVT_0019305,0
EVT_0019306,0
EVT_0019307,0
EVT_0019308,0
EVT_0019309,0
EVT_0019310,0
EVT_0019311,0
EVT_0019312,0
EVT_0019313,0
EVT_0019314,0
EVT_0019315,0
EVT_0019316,0
EVT_0019317,0
EVT_0019318,0
EVT_0019319,0
EVT_0019320,0
EVT_0019321,0
EVT_0019322,0
EVT_0019323,0
EVT_0019324,0
EVT_0019325,0
EVT_0019326,0
EVT_0019327,0
EVT_0019328,0
EVT_0019329,0
EVT_0019330,0
EVT_0019331,0
EVT_0019332,0
EVT_0019333,0
EVT_0019334,0
EVT_0019335,0
EVT_0019336,0
EVT_0019337,0
EVT_0019338,0
EVT_0019339,0
EVT_0019340,0
EVT_0019341,0
EVT_0019342,0
EVT_0019343,0
EVT_0019344,0
EVT_0019345,0
EVT_0019346,0
EVT_0019347,0
EVT_0019348,0
EVT_0019349,0
EVT_0019350,0
EVT_0019351,0
EVT_0019352,0
EVT_0019353,0
EVT_0019354,0
EVT_0019355,0
EVT_0019356,0
EVT_0019357,0
EVT_0019358,0
EVT_0019359,0
EVT_0019360,0
EVT_0019361,0
EVT_0019362,0
EVT_0019363,0
EVT_0019364,0
EVT_0019365,0
EVT_0019366,0
EVT_0019367,0
EVT_0019368,0
EVT_0019369,0
EVT_0019370,0
EVT_0019371,0
EVT_0019372,0
EVT_0019373,0
EVT_0019374,0
EVT_0019375,0
EVT_0019376,0
EVT_0019377,0
EVT_0019378,0
EVT_0019379,0
EVT_0019380,0
EVT_0019381,0
EVT_0019382,0
EVT_0019383,0
EVT_0019384,0
EVT_0019385,0
EVT_0019386,0
EVT_0019387,0
EVT_0019388,0
EVT_0019389,0
EVT_0019390,0
EVT_0019391,0
EVT_0019392,0
EVT_0019393,0
EVT_0019394,0
EVT_0019395,0
EVT_0019396,0
EVT_0019397,0
EVT_0019398,0
EVT_0019399,0
EVT_0019400,0
EVT_0019401,0
EVT_0019402,0
EVT_0019403,0
EVT_0019404,0
EVT_0019405,0
EVT_0019406,0
EVT_0019407,0
EVT_0019408,0
EVT_0019409,0
EVT_0019410,0
EVT_0019411,0
EVT_0019412,0
EVT_0019413,0
EVT_0019414,0
EVT_0019415,0
EVT_0019416,0
EVT_0019417,0
EVT_0019418,0
EVT_0019419,0
EVT_0019420,0
EVT_0019421,0
EVT_0019422,0
EVT_0019423,0
EVT_0019424,0
EVT_0019425,0
EVT_0019426,0
EVT_0019427,0
EVT_0019428,0
EVT_0019429,0
EVT_0019430,0
EVT_0019431,0
EVT_0019432,0
EVT_0019433,0
EVT_0019434,0
EVT_0019435,0
EVT_0019436,0
EVT_0019437,0
EVT_0019438,0
EVT_0019439,0
EVT_0019440,0
EVT_0019441,0
EVT_0019442,0
EVT_0019443,0
EVT_0019444,0
EVT_0019445,0
EVT_0019446,0
EVT_0019447,0
EVT_0019448,0
EVT_0019449,0
EVT_0019450,0
EVT_0019451,0
EVT_0019452,0
EVT_0019453,0
EVT_0019454,0
EVT_0019455,0
EVT_0019456,0
EVT_0019457,0
EVT_0019458,0
EVT_0019459,0
EVT_0019460,0
EVT_0019461,0
EVT_0019462,0
EVT_0019463,0
EVT_0019464,0
EVT_0019465,0
EVT_0019466,0
EVT_0019467,0
EVT_0019468,0
EVT_0019469,0
EVT_0019470,0
EVT_0019471,0
EVT_0019472,0
EVT_0019473,0
EVT_0019474,0
EVT_0019475,0
EVT_0019476,0
EVT_0019477,0
EVT_0019478,0
EVT_0019479,0
EVT_0019480,0
EVT_0019481,0
EVT_0019482,0
EVT_0019483,0
EVT_0019484,0
EVT_0019485,0
EVT_0019486,0
EVT_0019487,0
EVT_0019488,0
EVT_0019489,0
EVT_0019490,0
EVT_0019491,0
EVT_0019492,0
EVT_0019493,0
EVT_0019494,0
EVT_0019495,0
EVT_0019496,0
EVT_0019497,0
EVT_0019498,0
EVT_0019499,0
EVT_0019500,0
EVT_0019501,0
EVT_0019502,0
EVT_0019503,0
EVT_0019504,0
EVT_0019505,0
EVT_0019506,0
EVT_0019507,0
EVT_0019508,0
EVT_0019509,0
EVT_0019510,0
EVT_0019511,0
EVT_0019512,0
EVT_0019513,0
EVT_0019514,0
EVT_0019515,0
EVT_0019516,0
EVT_0019517,0
EVT_0019518,0
EVT_0019519,0
EVT_0019520,0
EVT_0019521,0
EVT_0019522,0
EVT_0019523,0
EVT_0019524,0
EVT_0019525,0
EVT_0019526,0
EVT_0019527,0
EVT_0019528,0
EVT_0019529,0
EVT_0019530,0
EVT_0019531,0
EVT_0019532,0
EVT_0019533,0
EVT_0019534,0
EVT_0019535,0
EVT_0019536,0
EVT_0019537,0
EVT_0019538,0
EVT_0019539,0
EVT_0019540,0
EVT_0019541,0
EVT_0019542,0
EVT_0019543,0
EVT_0019544,0
EVT_0019545,0
EVT_0019546,0
EVT_0019547,0
EVT_0019548,0
EVT_0019549,0
EVT_0019550,0
EVT_0019551,0
EVT_0019552,0
EVT_0019553,0
EVT_0019554,0
EVT_0019555,0
EVT_0019556,0
EVT_0019557,0
EVT_0019558,0
EVT_0019559,0
EVT_0019560,0
EVT_0019561,0
EVT_0019562,0
EVT_0019563,0
EVT_0019564,0
EVT_0019565,0
EVT_0019566,0
EVT_0019567,0
EVT_0019568,0
EVT_0019569,0
EVT_0019570,0
EVT_0019571,0
EVT_0019572,0
EVT_0019573,0
EVT_0019574,0
EVT_0019575,0
EVT_0019576,0
EVT_0019577,0
EVT_0019578,0
EVT_0019579,0
EVT_0019580,0
EVT_0019581,0
EVT_0019582,0
EVT_0019583,0
EVT_0019584,0
EVT_0019585,0
EVT_0019586,0
EVT_0019587,0
EVT_0019588,0
EVT_0019589,0
EVT_0019590,0
EVT_0019591,0
EVT_0019592,0
EVT_0019593,0
EVT_0019594,0
EVT_0019595,0
EVT_0019596,0
EVT_0019597,0
EVT_0019598,0
EVT_0019599,0
EVT_0019600,0
EVT_0019601,0
EVT_0019602,0
EVT_0019603,0
EVT_0019604,0
EVT_0019605,0
EVT_0019606,0
EVT_0019607,0
EVT_0019608,0
EVT_0019609,0
EVT_0019610,0
EVT_0019611,0
EVT_0019612,0
EVT_0019613,0
EVT_0019614,0
EVT_0019615,0
EVT_0019616,0
EVT_0019617,0
EVT_0019618,0
EVT_0019619,0
EVT_0019620,0
EVT_0019621,0
EVT_0019622,0
EVT_0019623,0
EVT_0019624,0
EVT_0019625,0
EVT_0019626,0
EVT_0019627,0
EVT_0019628,0
EVT_0019629,0
EVT_0019630,0
EVT_0019631,0
EVT_0019632,0
EVT_0019633,0
EVT_0019634,0
EVT_0019635,0
EVT_0019636,0
EVT_0019637,0
EVT_0019638,0
EVT_0019639,0
EVT_0019640,0
EVT_0019641,0
EVT_0019642,0
EVT_0019643,0
EVT_0019644,0
EVT_0019645,0
EVT_0019646,0
EVT_0019647,0
EVT_0019648,0
EVT_0019649,0
EVT_0019650,0
EVT_0019651,0
EVT_0019652,0
EVT_0019653,0
EVT_0019654,0
EVT_0019655,0
EVT_0019656,0
EVT_0019657,0
EVT_0019658,0
EVT_0019659,0
EVT_0019660,0
EVT_0019661,0
EVT_0019662,0
EVT_0019663,0
EVT_0019664,0
EVT_0019665,0
EVT_0019666,0
EVT_0019667,0
EVT_0019668,0
EVT_0019669,0
EVT_0019670,0
EVT_0019671,0
EVT_0019672,0
EVT_0019673,0
EVT_0019674,0
EVT_0019675,0
EVT_0019676,0
EVT_0019677,0
EVT_0019678,0
EVT_0019679,0
EVT_0019680,0
EVT_0019681,0
EVT_0019682,0
EVT_0019683,0
EVT_0019684,0
EVT_0019685,0
EVT_0019686,0
EVT_0019687,0
EVT_0019688,0
EVT_0019689,0
EVT_0019690,0
EVT_0019691,0
EVT_0019692,0
EVT_0019693,0
EVT_0019694,0
EVT_0019695,0
EVT_0019696,0
EVT_0019697,0
EVT_0019698,0
EVT_0019699,0
EVT_0019700,0
EVT_0019701,0
EVT_0019702,0
EVT_0019703,0
EVT_0019704,0
EVT_0019705,0
EVT_0019706,0
EVT_0019707,0
EVT_0019708,0
EVT_0019709,0
EVT_0019710,0
EVT_0019711,0
EVT_0019712,0
EVT_0019713,0
EVT_0019714,0
EVT_0019715,0
EVT_0019716,0
EVT_0019717,0
EVT_0019718,0
EVT_0019719,0
EVT_0019720,0
EVT_0019721,0
EVT_0019722,0
EVT_0019723,0
EVT_0019724,0
EVT_0019725,0
EVT_0019726,0
EVT_0019727,0
EVT_0019728,0
EVT_0019729,0
EVT_0019730,0
EVT_0019731,0
EVT_0019732,0
EVT_0019733,0
EVT_0019734,0
EVT_0019735,0
EVT_0019736,0
EVT_0019737,0
EVT_0019738,0
EVT_0019739,0
EVT_0019740,0
EVT_0019741,0
EVT_0019742,0
EVT_0019743,0
EVT_0019744,0
EVT_0019745,0
EVT_0019746,0
EVT_0019747,0
EVT_0019748,0
EVT_0019749,0
EVT_0019750,0
EVT_0019751,0
EVT_0019752,0
EVT_0019753,0
EVT_0019754,0
EVT_0019755,0
EVT_0019756,0
EVT_0019757,0
EVT_0019758,0
EVT_0019759,0
EVT_0019760,0
EVT_0019761,0
EVT_0019762,0
EVT_0019763,0
EVT_0019764,0
EVT_0019765,0
EVT_0019766,0
EVT_0019767,0
EVT_0019768,0
EVT_0019769,0
EVT_0019770,0
EVT_0019771,0
EVT_0019772,0
EVT_0019773,0
EVT_0019774,0
EVT_0019775,0
EVT_0019776,0
EVT_0019777,0
EVT_0019778,0
EVT_0019779,0
EVT_0019780,0
EVT_0019781,0
EVT_0019782,0
EVT_0019783,0
EVT_0019784,0
EVT_0019785,0
EVT_0019786,0
EVT_0019787,0
EVT_0019788,0
EVT_0019789,0
EVT_0019790,0
EVT_0019791,0
EVT_0019792,0
EVT_0019793,0
EVT_0019794,0
EVT_0019795,0
EVT_0019796,0
EVT_0019797,0
EVT_0019798,0
EVT_0019799,0
EVT_0019800,0
EVT_0019801,0
EVT_0019802,0
EVT_0019803,0
EVT_0019804,0
EVT_0019805,0
EVT_0019806,0
EVT_0019807,0
EVT_0019808,0
EVT_0019809,0
EVT_0019810,0
EVT_0019811,0
EVT_0019812,0
EVT_0019813,0
EVT_0019814,0
EVT_0019815,0
EVT_0019816,0
EVT_0019817,0
EVT_0019818,0
EVT_0019819,0
EVT_0019820,0
EVT_0019821,0
EVT_0019822,0
EVT_0019823,0
EVT_0019824,0
EVT_0019825,0
EVT_0019826,0
EVT_0019827,0
EVT_0019828,0
EVT_0019829,0
EVT_0019830,0
EVT_0019831,0
EVT_0019832,0
EVT_0019833,0
EVT_0019834,0
EVT_0019835,0
EVT_0019836,0
EVT_0019837,0
EVT_0019838,0
EVT_0019839,0
EVT_0019840,0
EVT_0019841,0
EVT_0019842,0
EVT_0019843,0
EVT_0019844,0
EVT_0019845,0
EVT_0019846,0
EVT_0019847,0
EVT_0019848,0
EVT_0019849,0
EVT_0019850,0
EVT_0019851,0
EVT_0019852,0
EVT_0019853,0
EVT_0019854,0
EVT_0019855,0
EVT_0019856,0
EVT_0019857,0
EVT_0019858,0
EVT_0019859,0
EVT_0019860,0
EVT_0019861,0
EVT_0019862,0
EVT_0019863,0
EVT_0019864,0
EVT_0019865,0
EVT_0019866,0
EVT_0019867,0
EVT_0019868,0
EVT_0019869,0
EVT_0019870,0
EVT_0019871,0
EVT_0019872,0
EVT_0019873,0
EVT_0019874,0
EVT_0019875,0
EVT_0019876,0
EVT_0019877,0
EVT_0019878,0
EVT_0019879,0
EVT_0019880,0
EVT_0019881,0
EVT_0019882,0
EVT_0019883,0
EVT_0019884,0
EVT_0019885,0
EVT_0019886,0
EVT_0019887,0
EVT_0019888,0
EVT_0019889,0
EVT_0019890,0
EVT_0019891,0
EVT_0019892,0
EVT_0019893,0
EVT_0019894,0
EVT_0019895,0
EVT_0019896,0
EVT_0019897,0
EVT_0019898,0
EVT_0019899,0
EVT_0019900,0
EVT_0019901,0
EVT_0019902,0
EVT_0019903,0
EVT_0019904,0
EVT_0019905,0
EVT_0019906,0
EVT_0019907,0
EVT_0019908,0
EVT_0019909,0
EVT_0019910,0
EVT_0019911,0
EVT_0019912,0
EVT_0019913,0
EVT_0019914,0
EVT_0019915,0
EVT_0019916,0
EVT_0019917,0
EVT_0019918,0
EVT_0019919,0
EVT_0019920,0
EVT_0019921,0
EVT_0019922,0
EVT_0019923,0
EVT_0019924,0
EVT_0019925,0
EVT_0019926,0
EVT_0019927,0
EVT_0019928,0
EVT_0019929,0
EVT_0019930,0
EVT_0019931,0
EVT_0019932,0
EVT_0019933,0
EVT_0019934,0
EVT_0019935,0
EVT_0019936,0
EVT_0019937,0
EVT_0019938,0
EVT_0019939,0
EVT_0019940,0
EVT_0019941,0
EVT_0019942,0
EVT_0019943,0
EVT_0019944,0
EVT_0019945,0
EVT_0019946,0
EVT_0019947,0
EVT_0019948,0
EVT_0019949,0
EVT_0019950,0
EVT_0019951,0
EVT_0019952,0
EVT_0019953,0
EVT_0019954,0
EVT_0019955,0
EVT_0019956,0
EVT_0019957,0
EVT_0019958,0
EVT_0019959,0
EVT_0019960,0
EVT_0019961,0
EVT_0019962,0
EVT_0019963,0
EVT_0019964,0
EVT_0019965,0
EVT_0019966,0
EVT_0019967,0
EVT_0019968,0
EVT_0019969,0
EVT_0019970,0
EVT_0019971,0
EVT_0019972,0
EVT_0019973,0
EVT_0019974,0
EVT_0019975,0
EVT_0019976,0
EVT_0019977,0
EVT_0019978,0
EVT_0019979,0
EVT_0019980,0
EVT_0019981,0
EVT_0019982,0
EVT_0019983,0
EVT_0019984,0
EVT_0019985,0
EVT_0019986,0
EVT_0019987,0
EVT_0019988,0
EVT_0019989,0
EVT_0019990,0
EVT_0019991,0
EVT_0019992,0
EVT_0019993,0
EVT_0019994,0
EVT_0019995,0
EVT_0019996,0
EVT_0019997,0
EVT_0019998,0
EVT_0019999,0
EVT_0020000,0
EVT_0020001,0
EVT_0020002,0
EVT_0020003,0
EVT_0020004,0
EVT_0020005,0
EVT_0020006,0
EVT_0020007,0
EVT_0020008,0
EVT_0020009,0
EVT_0020010,0
EVT_0020011,0
EVT_0020012,0
EVT_0020013,0
EVT_0020014,0
EVT_0020015,0
EVT_0020016,0
EVT_0020017,0
EVT_0020018,0
EVT_0020019,0
EVT_0020020,0
EVT_0020021,0
EVT_0020022,0
EVT_0020023,0
EVT_0020024,0
EVT_0020025,0
EVT_0020026,0
EVT_0020027,0
EVT_0020028,0
EVT_0020029,0
EVT_0020030,0
EVT_0020031,0
EVT_0020032,0
EVT_0020033,0
EVT_0020034,0
EVT_0020035,0
EVT_0020036,0
EVT_0020037,0
EVT_0020038,0
EVT_0020039,0
EVT_0020040,0
EVT_0020041,0
EVT_0020042,0
EVT_0020043,0
EVT_0020044,0
EVT_0020045,0
EVT_0020046,0
EVT_0020047,0
EVT_0020048,0
EVT_0020049,0
EVT_0020050,0
EVT_0020051,0
EVT_0020052,0
EVT_0020053,0
EVT_0020054,0
EVT_0020055,0
EVT_0020056,0
EVT_0020057,0
EVT_0020058,0
EVT_0020059,0
EVT_0020060,0
EVT_0020061,0
EVT_0020062,0
EVT_0020063,0
EVT_0020064,0
EVT_0020065,0
EVT_0020066,0
EVT_0020067,0
EVT_0020068,0
EVT_0020069,0
EVT_0020070,0
EVT_0020071,0
EVT_0020072,0
EVT_0020073,0
EVT_0020074,0
EVT_0020075,0
EVT_0020076,0
EVT_0020077,0
EVT_0020078,0
EVT_0020079,0
EVT_0020080,0
EVT_0020081,0
EVT_0020082,0
EVT_0020083,0
EVT_0020084,0
EVT_0020085,0
EVT_0020086,0
EVT_0020087,0
EVT_0020088,0
EVT_0020089,0
EVT_0020090,0
EVT_0020091,0
EVT_0020092,0
EVT_0020093,0
EVT_0020094,0
EVT_0020095,0
EVT_0020096,0
EVT_0020097,0
EVT_0020098,0
EVT_0020099,0
EVT_0020100,0
EVT_0020101,0
EVT_0020102,0
EVT_0020103,0
EVT_0020104,0
EVT_0020105,0
EVT_0020106,0
EVT_0020107,0
EVT_0020108,0
EVT_0020109,0
EVT_0020110,0
EVT_0020111,0
EVT_0020112,0
EVT_0020113,0
EVT_0020114,0
EVT_0020115,0
EVT_0020116,0
EVT_0020117,0
EVT_0020118,0
EVT_0020119,0
EVT_0020120,0
EVT_0020121,0
EVT_0020122,0
EVT_0020123,0
EVT_0020124,0
EVT_0020125,0
EVT_0020126,0
EVT_0020127,0
EVT_0020128,0
EVT_0020129,0
EVT_0020130,0
EVT_0020131,0
EVT_0020132,0
EVT_0020133,0
EVT_0020134,0
EVT_0020135,0
EVT_0020136,0
EVT_0020137,0
EVT_0020138,0
EVT_0020139,0
EVT_0020140,0
EVT_0020141,0
EVT_0020142,0
EVT_0020143,0
EVT_0020144,0
EVT_0020145,0
EVT_0020146,0
EVT_0020147,0
EVT_0020148,0
EVT_0020149,0
EVT_0020150,0
EVT_0020151,0
EVT_0020152,0
EVT_0020153,0
EVT_0020154,0
EVT_0020155,0
EVT_0020156,0
EVT_0020157,0
EVT_0020158,0
EVT_0020159,0
EVT_0020160,0
EVT_0020161,0
EVT_0020162,0
EVT_0020163,0
EVT_0020164,0
EVT_0020165,0
EVT_0020166,0
EVT_0020167,0
EVT_0020168,0
EVT_0020169,0
EVT_0020170,0
EVT_0020171,0
EVT_0020172,0
EVT_0020173,0
EVT_0020174,0
EVT_0020175,0
EVT_0020176,0
EVT_0020177,0
EVT_0020178,0
EVT_0020179,0
EVT_0020180,0
EVT_0020181,0
EVT_0020182,0
EVT_0020183,0
EVT_0020184,0
EVT_0020185,0
EVT_0020186,0
EVT_0020187,0
EVT_0020188,0
EVT_0020189,0
EVT_0020190,0
EVT_0020191,0
EVT_0020192,0
EVT_0020193,0
EVT_0020194,0
EVT_0020195,0
EVT_0020196,0
EVT_0020197,0
EVT_0020198,0
EVT_0020199,0
EVT_0020200,0
EVT_0020201,0
EVT_0020202,0
EVT_0020203,0
EVT_0020204,0
EVT_0020205,0
EVT_0020206,0
EVT_0020207,0
EVT_0020208,0
EVT_0020209,0
EVT_0020210,0
EVT_0020211,0
EVT_0020212,0
EVT_0020213,0
EVT_0020214,0
EVT_0020215,0
EVT_0020216,0
EVT_0020217,0
EVT_0020218,0
EVT_0020219,0
EVT_0020220,0
EVT_0020221,0
EVT_0020222,0
EVT_0020223,0
EVT_0020224,0
EVT_0020225,0
EVT_0020226,0
EVT_0020227,0
EVT_0020228,0
EVT_0020229,0
EVT_0020230,0
EVT_0020231,0
EVT_0020232,0
EVT_0020233,0
EVT_0020234,0
EVT_0020235,0
EVT_0020236,0
EVT_0020237,0
EVT_0020238,0
EVT_0020239,0
EVT_0020240,0
EVT_0020241,0
EVT_0020242,0
EVT_0020243,0
EVT_0020244,0
EVT_0020245,0
EVT_0020246,0
EVT_0020247,0
EVT_0020248,0
EVT_0020249,0
EVT_0020250,0
EVT_0020251,0
EVT_0020252,0
EVT_0020253,0
EVT_0020254,0
EVT_0020255,0
EVT_0020256,0
EVT_0020257,0
EVT_0020258,0
EVT_0020259,0
EVT_0020260,0
EVT_0020261,0
EVT_0020262,0
EVT_0020263,0
EVT_0020264,0
EVT_0020265,0
EVT_0020266,0
EVT_0020267,0
EVT_0020268,0
EVT_0020269,0
EVT_0020270,0
EVT_0020271,0
EVT_0020272,0
EVT_0020273,0
EVT_0020274,0
EVT_0020275,0
EVT_0020276,0
EVT_0020277,0
EVT_0020278,0
EVT_0020279,0
EVT_0020280,0
EVT_0020281,0
EVT_0020282,0
EVT_0020283,0
EVT_0020284,0
EVT_0020285,0
EVT_0020286,0
EVT_0020287,0
EVT_0020288,0
EVT_0020289,0
EVT_0020290,0
EVT_0020291,0
EVT_0020292,0
EVT_0020293,0
EVT_0020294,0
EVT_0020295,0
EVT_0020296,0
EVT_0020297,0
EVT_0020298,1
EVT_0020299,1
EVT_0020300,1
EVT_0020301,1
EVT_0020302,1
EVT_0020303,1
EVT_0020304,1
EVT_0020305,1
EVT_0020306,1
EVT_0020307,1
EVT_0020308,1
EVT_0020309,1
EVT_0020310,1
EVT_0020311,1
EVT_0020312,1
EVT_0020313,1
EVT_0020314,1
EVT_0020315,1
EVT_0020316,1
EVT_0020317,1
EVT_0020318,1
EVT_0020319,1
EVT_0020320,1
EVT_0020321,1
EVT_0020322,1
EVT_0020323,1
EVT_0020324,1
EVT_0020325,1
EVT_0020326,1
EVT_0020327,1
EVT_0020328,1
EVT_0020329,1
EVT_0020330,1
EVT_0020331,1
EVT_0020332,1
EVT_0020333,1
EVT_0020334,1
EVT_0020335,1
EVT_0020336,1
EVT_0020337,1
EVT_0020338,1
EVT_0020339,1
EVT_0020340,1
EVT_0020341,1
EVT_0020342,1
EVT_0020343,1
EVT_0020344,1
EVT_0020345,1
EVT_0020346,1
EVT_0020347,1
EVT_0020348,1
EVT_0020349,1
EVT_0020350,1
EVT_0020351,1
EVT_0020352,1
EVT_0020353,1
EVT_0020354,1
EVT_0020355,1
EVT_0020356,1
EVT_0020357,1
EVT_0020358,1
EVT_0020359,1
EVT_0020360,1
EVT_0020361,1
EVT_0020362,1
EVT_0020363,1
EVT_0020364,1
EVT_0020365,1
EVT_0020366,1
EVT_0020367,1
EVT_0020368,1
EVT_0020369,1
EVT_0020370,1
EVT_0020371,1
EVT_0020372,1
EVT_0020373,1
EVT_0020374,1
EVT_0020375,1
EVT_0020376,1
EVT_0020377,1
